:020000040800F2
:100000000812002499030008919B0008C996000873
:10001000899B00086108000841CC0008000000002E
:1000200000000000000000000000000061A10008C6
:10003000F912000800000000099C0008C1A1000896
:10004000B3030008B3030008B3030008B3030008B8
:10005000B3030008B3030008B3030008B3030008A8
:10006000B3030008B3030008B303000869080008DD
:10007000B3030008B3030008B3030008B303000888
:10008000B3030008B3030008B3030008B303000878
:10009000B3030008B3030008B3030008B303000868
:1000A000B3030008B3030008B3030008B303000858
:1000B000B3030008B3030008B3030008B303000848
:1000C000B3030008B3030008B3030008B303000838
:1000D000B303000811CC000821CC000831CC000883
:1000E00001130008B303000800000000B303000878
:1000F000B3030008B3030008B3030008B303000808
:10010000B3030008B3030008B3030008B3030008F7
:10011000B3030008A1A80008C9A60008B30300089B
:10012000B3030008B3030008B3030008B3030008D7
:10013000B3030008B3030008B3030008B3030008C7
:1001400000000000000000000000000000000000AF
:10015000B3030008B3030008B3030008B3030008A7
:10016000B3030008B3030008B3030008B303000897
:10017000B3030008B3030008B30300080000000045
:10018000B3030008B3030008B3030008B303000877
:10019000B3030008B3030008B3030008B303000867
:1001A000B3030008B3030008B30300080000000015
:1001B000B3030008B3030008B3030008B303000847
:1001C000B3030008B30300080000000000000000B3
:1001D0000000000000000000B30300080000000061
:1001E000000000000000000000000000000000000F
:1001F0000000000000000000B3030008B303000883
:10020000B3030008B303000800000000B3030008B4
:10021000B3030008B3030008B3030008B3030008E6
:10022000B303000800000000B30300080000000052
:10023000B3030008B303000800000000B303000884
:10024000B3030008B3030008B3030008B3030008B6
:10025000B3030008B3030008B3030008B3030008A6
:10026000B3030008B3030008B3030008B303000896
:10027000B3030008B3030008B30300080000000044
:10028000B3030008B3030008B3030008B303000876
:1002900000000000B3030008B303000800000000E2
:1002A00000000000B3030008B3030008B303000814
:1002B000B3030008B3030008B3030008B303000846
:1002C000B3030008B3030008B303000800F002F80A
:1002D00000F052F814A696E8000CB244B344DA4594
:1002E00001D100F049F8BAE80F000FA696E83000F7
:1002F000A5EB040504EB0607AAEB0704A7F1010729
:100300004FEA15154FEA3414A4F10104AC4201D3AD
:1003100000F032F813F0010F18BFFB1A43F001038D
:1003200000F001F8DBE71847ACFA0000CCFA000057
:10033000103A24BF78C878C1FAD8520724BF30C811
:1003400030C144BF04680C60704700007047000073
:100350000023002400250026103A28BF78C1FBD8CE
:10036000520728BF30C148BF0B6070471FB50FF060
:10037000F8FC1FBD10B510BD00F04CF91146FFF799
:10038000F5FF0FF095F900F06AF903B4FFF7F2FFFB
:1003900003BC00F06DF90000094880470948004798
:1003A000FEE7FEE7FEE7FEE7FEE7FEE7FEE7FEE725
:1003B000FEE7FEE704480549054A064B7047000082
:1003C00089A50008CD0200080808002408120024AE
:1003D000080A0024080A002453EA020C00F069808D
:1003E0002DE9F04B4FF00006002B1FBFB3FA83F549
:1003F00003FA05F424FA05F65E4012BF1643B2FA7A
:1004000082F502FA05F4C5F120051EBF22FA05FCAB
:1004100044EA0C04203556EA044C4FEA144418BF51
:10042000641C4FF000084FF00009904271EB030C80
:1004300039D3002919BFB1FA81F701FA07F6B0FAEA
:1004400080F700FA07F6C7F120071EBF20FA07FC65
:1004500046EA0C062037B6FBF4FCA7EB0507103F75
:1004600007F01F0BCBF120062CFA06F60CFA0BFB5B
:1004700044BFB3460026202FA4BF5E464FF0000BBA
:100480005BEA060C08BF4FF0010B19EB0B0948EBB8
:100490000608ABFB027C06FB02CC0BFB03CCC01BAB
:1004A00071EB0C01C1E70B46024641464846BDE8E8
:1004B000F08B13B5084318BF4FF0FF300146AFF380
:1004C0000080BDE81C407047032A40F2308010F0E5
:1004D000030C00F0158011F8013BBCF1020F6244DF
:1004E00098BF11F801CB00F8013B38BF11F8013B70
:1004F000A2F1040298BF00F801CB38BF00F8013B1D
:1005000011F0030300F02580083AC0F0088051F88C
:10051000043B083A51F804CBA0E80810F5E7121D97
:100520005CBF51F8043B40F8043BAFF30080D207B6
:1005300024BF11F8013B11F801CB48BF11F8012B82
:1005400024BF00F8013B00F801CB48BF00F8012BA5
:10055000704710B5203AC0F00B80B1E81850A0E801
:100560001850B1E81850A0E81850203ABFF4F5AF81
:100570005FEA027C24BFB1E81850A0E8185044BFDD
:1005800018C918C0BDE810405FEA827C24BF51F84A
:10059000043B40F8043B08BF7047D20728BF31F83E
:1005A000023B48BF11F8012B28BF20F8023B48BF8F
:1005B00000F8012B70474FF0000200B51346944637
:1005C0009646203922BFA0E80C50A0E80C50B1F1AB
:1005D0002001BFF4F7AF090728BFA0E80C5048BFBF
:1005E0000CC05DF804EB890028BF40F8042B08BF5D
:1005F000704748BF20F8022B11F0804F18BF00F859
:10060000012B7047704770477047000000487047E3
:10061000180000247546FFF7F9FFAE46050069464D
:10062000534620F00700854618B020B5FFF7C2FEFC
:10063000BDE820404FF000064FF000074FF00008E3
:100640004FF0000BAC46ACE8C009ACE8C009ACE820
:10065000C009ACE8C00921F007018D46704710B50C
:100660000446AFF300802046BDE81040FFF78DBE82
:1006700001491820ABBEFEE72600020070470000CB
:1006800080B596B004F0B8F91590159840F278014D
:10069000C2F200410968401A142857D3FFE740F21C
:1006A0001820C2F200400190016802914168039154
:1006B00081690491C169059140F28C01C2F2004147
:1006C000097800EE101AB8EE400A8DED060A40F2E5
:1006D0002011C2F2004191F82E2000EE102AB8EE4F
:1006E000400A8DED070AB1F9101000EE101AB8EEAD
:1006F000C00A8DED080A016B0991416B0A91816B6B
:100700000B91C16B0C9140F2AC11C2F200410A682E
:100710000D9249680E9140F26C11C2F200410A68D4
:100720000F924968109141691191C16A1291016C4F
:100730001391406C149002A813210EF015FE159829
:1007400040F27801C2F200410860FFE716B080BDB8
:1007500080B50DF0D1FE45F20032C0F20702002351
:10076000FFF73AFE80BD000080B50DF0C5FE4009E0
:1007700040EAC16010EB511242F1000248F68903D1
:10078000C8F68803A2FB03C3DB08A3EB03131A44D8
:10079000831A4EF6EF62CEF6EE62A3FB020E4FF026
:1007A000EE3C03FB0CE34FEA511161F1000101FB48
:1007B000023180BD0000000080B582B009F070FDFC
:1007C00040F20000C2F20040006843F60001C1F6AA
:1007D0009C41884204D0FFE700208DF807003BE0F1
:1007E0004EF6FC51CEF20001086840F080700860BF
:1007F00041F6B071CEF200014CF65560CCF2AC502F
:10080000086041F20003CEF20003186820F00100F6
:10081000186041F20401CEF20001002008601A685D
:1008200042F001021A60BFF34F8FBFF36F8F096868
:1008300040F20062C2F20042116040F20861C2F26E
:1008400000414860086040F2FC51C2F200410120C2
:1008500008708DF80700FFE79DF8070002B080BD23
:10086000FFE7FEE70000000080B540F26020C2F222
:10087000004001F06DFD80BD83B0029002980168D8
:1008800001201022C4F202029142009000F0A380E5
:10089000FFE70298016801202822C4F20202914277
:1008A000009000F09880FFE7029801680120402244
:1008B000C4F202029142009000F08D80FFE702989E
:1008C000016801205822C4F202029142009000F017
:1008D0008280FFE70298016801207022C4F20202C0
:1008E0009142009077D0FFE70298016801208822AA
:1008F000C4F20202914200906DD0FFE702980168B5
:100900000120A022C4F202029142009063D0FFE7CE
:10091000029801680120B822C4F2020291420090BC
:1009200059D0FFE702980168012040F21042C4F25A
:100930000202914200904ED0FFE702980168012028
:1009400040F22842C4F202029142009043D0FFE7F5
:1009500002980168012040F24042C4F20202914232
:10096000009038D0FFE702980168012040F2584219
:10097000C4F20202914200902DD0FFE70298016874
:10098000012040F27042C4F202029142009022D053
:10099000FFE702980168012040F28842C4F2020297
:1009A0009142009017D0FFE702980168012040F2C1
:1009B000A042C4F20202914200900CD0FFE70298DC
:1009C00000684FF64831CBF6FD710844B0FA80F06C
:1009D00040090090FFE70098C00740B3FFE7029886
:1009E000007810384AF6AB21CAF6AA21A0FB011004
:1009F00000090190019800F007014FF68C50C0F6F5
:100A00000000405C0299C8650198042807D3FFE7FD
:100A100002990868042262F30900886506E00299D9
:100A2000086840F2FF3290438865FFE705E00299CD
:100A3000086820F0FF008865FFE70298806D03B02A
:100A4000704700000000000084B003900398006825
:100A5000019003980168012045F20842C5F60202A0
:100A6000914200904ED0FFE703980168012045F2C3
:100A70001C42C5F602029142009043D0FFE7039862
:100A80000168012045F23042C5F602029142009011
:100A900038D0FFE703980168012045F24442C5F6CB
:100AA0000202914200902DD0FFE7039801680120D7
:100AB00045F25842C5F602029142009022D0FFE76B
:100AC00003980168012045F26C42C5F6020291428A
:100AD000009017D0FFE703980168012045F280429B
:100AE000C5F60202914200900CD0FFE7039800681F
:100AF0004AF66C31CAF2FD710844B0FA80F0400940
:100B00000090FFE70098C00710B3FFE70398007854
:100B100008384CF6CD41CCF6CC41A0FB01100009C1
:100B20000290029945F60000C5F6020000EB810034
:100B300003990866039945F68000C5F602004866E9
:100B4000029800F01F01012088400399886635E073
:100B50000398007810384AF6AB21CAF6AA21A0FB08
:100B6000011000090290019840F2B841C4F202015C
:100B700088420CD8FFE7019840F21041C4F202010C
:100B8000884204D3FFE7029808300290FFE70299F9
:100B900040F60000C4F2020000EB810003990866F1
:100BA000039940F68000C4F202004866029800F003
:100BB0001F010120884003998866FFE704B0704751
:100BC00083B002900298007901900198002800F00B
:100BD0008A80FFE70198082800F28580FFE70298E5
:100BE0000168012045F20842C5F6020291420090D8
:100BF0004ED0FFE702980168012045F21C42C5F67D
:100C000002029142009043D0FFE702980168012060
:100C100045F23042C5F602029142009038D0FFE71B
:100C200002980168012045F24442C5F60202914251
:100C300000902DD0FFE702980168012045F258424C
:100C4000C5F602029142009022D0FFE702980168A7
:100C5000012045F26C42C5F602029142009017D085
:100C6000FFE702980168012045F28042C5F60202C2
:100C7000914200900CD0FFE7029800684AF66C3170
:100C8000CAF2FD710844B0FA80F040090090FFE715
:100C90000098C00780B1FFE7019945F6FC00C5F652
:100CA000020000EB81000299C866029945F64010E7
:100CB000C5F6020008670FE0019940F6FC00C4F297
:100CC000020000EB81000299C866029940F64010CC
:100CD000C4F202000867FFE70198411E0120884026
:100CE00002994867FFE703B070470000000000006A
:100CF00085B0049000208DF80F000498806918BB1F
:100D0000FFE70498806A029003281BD80299DFE865
:100D100001F0020D0218049890F82F00C00720B1CE
:100D2000FFE701208DF80F00FFE70CE00498C06A90
:100D3000B0F1C07F04D1FFE701208DF80F00FFE77D
:100D400001E000E0FFE747E004988069B0F5005F4C
:100D500026D1FFE70498806A019003281ED80199E4
:100D6000DFE801F00206021101208DF80F0016E005
:100D7000049890F82F00C00720B1FFE701208DF8FC
:100D80000F00FFE70BE00498C06AB0F1C07F04D108
:100D9000FFE701208DF80F00FFE700E0FFE71AE012
:100DA0000498806A0090032804D3FFE70098032882
:100DB00004D00EE001208DF80F000BE0049890F8AD
:100DC0002F00C00720B1FFE701208DF80F00FFE7DB
:100DD00000E0FFE7FFE7FFE79DF80F0005B0704771
:100DE00089B008900791069205930898806D049049
:100DF0000898806D03900898016801201022C4F2C1
:100E000002029142029000F00381FFE70898016816
:100E100001202822C4F202029142029000F0F880E0
:100E2000FFE70898016801204022C4F202029142C3
:100E3000029000F0ED80FFE7089801680120582239
:100E4000C4F202029142029000F0E280FFE70898AB
:100E5000016801207022C4F202029142029000F067
:100E6000D780FFE70898016801208822C4F20202B7
:100E70009142029000F0CC80FFE7089801680120C1
:100E8000A022C4F202029142029000F0C180FFE76A
:100E9000089801680120B822C4F20202914202902F
:100EA00000F0B680FFE708980168012040F2104288
:100EB000C4F202029142029000F0AA80FFE7089873
:100EC0000168012040F22842C4F2020291420290DD
:100ED00000F09E80FFE708980168012040F2404240
:100EE000C4F202029142029000F09280FFE708985B
:100EF0000168012040F25842C4F20202914202907D
:100F000000F08680FFE708980168012040F27042F7
:100F1000C4F20202914202907AD0FFE70898016879
:100F2000012040F28842C4F20202914202906FD046
:100F3000FFE708980168012040F2A042C4F20202D3
:100F40009142029064D0FFE708980168012040F2C6
:100F5000B842C4F202029142029059D0FFE70898C9
:100F60000168012045F20842C5F602029142029052
:100F70004ED0FFE708980168012045F21C42C5F6F3
:100F800002029142029043D0FFE7089801680120D5
:100F900045F23042C5F602029142029038D0FFE796
:100FA00008980168012045F24442C5F602029142C8
:100FB00002902DD0FFE708980168012045F25842C1
:100FC000C5F602029142029022D0FFE7089801681C
:100FD000012045F26C42C5F602029142029017D000
:100FE000FFE708980168012045F28042C5F6020239
:100FF000914202900CD0FFE7089800684AF66C31E5
:10100000CAF2FD710844B0FA80F040090290FFE78F
:101010000298C00770B1FFE70898416E806E486083
:101020000898C06E28B1FFE70898016F406F4860CC
:10103000FFE7FFE70898016801201022C4F20202CE
:101040009142019000F0A380FFE708980168012019
:101050002822C4F202029142019000F09880FFE73A
:101060000898016801204022C4F2020291420190D6
:1010700000F08D80FFE70898016801205822C4F233
:1010800002029142019000F08280FFE70898016817
:1010900001207022C4F202029142019077D0FFE752
:1010A0000898016801208822C4F20202914201904E
:1010B0006DD0FFE7089801680120A022C4F2020267
:1010C0009142019063D0FFE7089801680120B8229F
:1010D000C4F202029142019059D0FFE708980168DA
:1010E000012040F21042C4F20202914201904ED01F
:1010F000FFE708980168012040F22842C4F202028A
:101100009142019043D0FFE708980168012040F226
:101110004042C4F202029142019038D0FFE70898A1
:101120000168012040F25842C4F20202914201904B
:101130002DD0FFE708980168012040F27042C4F208
:1011400002029142019022D0FFE708980168012035
:1011500040F28842C4F202029142019017D0FFE7A8
:1011600008980168012040F2A042C4F202029142B4
:1011700001900CD0FFE7089800684FF64831CBF695
:10118000FD710844B0FA80F040090190FFE7019832
:10119000C00750B3FFE70898C06D00F01F013F2063
:1011A00088400499886008980168086820F48020C5
:1011B0000860059808990968486008988068402880
:1011C00009D1FFE706980899096888600798089987
:1011D0000968C86008E00798089909688860069857
:1011E00008990968C860FFE782E008980168012053
:1011F00045F20842C5F60202914200904ED0FFE748
:1012000008980168012045F21C42C5F6020291428D
:10121000009043D0FFE708980168012045F2304272
:10122000C5F602029142009038D0FFE708980168A5
:10123000012045F24442C5F60202914200902DD0B1
:10124000FFE708980168012045F25842C5F60202FE
:101250009142009022D0FFE708980168012045F2F2
:101260006C42C5F602029142009017D0FFE7089841
:101270000168012045F28042C5F6020291420090C9
:101280000CD0FFE7089800684AF66C31CAF2FD718D
:101290000844B0FA80F040090090FFE70098C007CA
:1012A00020B3FFE70898C06D00F01F0101208840BF
:1012B000039948600598089909684860089880680B
:1012C000402809D1FFE706980899096888600798BF
:1012D00008990968C86008E0079808990968886053
:1012E000069808990968C860FFE700E0FFE7FFE794
:1012F00009B07047000000007047000000000000C7
:1013000080B54FF4004003F063F980BD0000000099
:1013100072B6FFE7FEE7000080B58AB0089003F0E0
:101320006BFB0490089828B9FFE701208DF827008F
:1013300000F0AABC089890F8350002280ED0FFE70C
:10134000089980204865FFE70899002081F834005B
:10135000FFE701208DF8270000F096BC0898006890
:101360001021C4F20201884200F08180FFE7089852
:1013700000682821C4F20201884278D0FFE708986B
:1013800000684021C4F20201884270D0FFE708984B
:1013900000685821C4F20201884268D0FFE708982B
:1013A00000687021C4F20201884260D0FFE708980B
:1013B00000688821C4F20201884258D0FFE70898EB
:1013C0000068A021C4F20201884250D0FFE70898CB
:1013D0000068B821C4F20201884248D0FFE70898AB
:1013E000006840F21041C4F2020188423FD0FFE79A
:1013F0000898006840F22841C4F20201884236D0C1
:10140000FFE70898006840F24041C4F202018842B8
:101410002DD0FFE70898006840F25841C4F202015D
:10142000884224D0FFE70898006840F27041C4F277
:10143000020188421BD0FFE70898006840F288410B
:10144000C4F20201884212D0FFE70898006840F217
:10145000A041C4F20201884209D0FFE70898006861
:1014600040F2B841C4F20201884207D1FFE7089870
:101470000168086820F00100086006E0089801682B
:10148000086820F001000860FFE708980168012063
:101490001022C4F202029142039000F0A380FFE701
:1014A0000898016801202822C4F2020291420390A8
:1014B00000F09880FFE70898016801204022C4F2FC
:1014C00002029142039000F08D80FFE708980168C6
:1014D00001205822C4F202029142039000F082805F
:1014E000FFE70898016801207022C4F202029142CD
:1014F000039077D0FFE70898016801208822C4F2A2
:101500000202914203906DD0FFE708980168012024
:10151000A022C4F202029142039063D0FFE7089830
:1015200001680120B822C4F202029142039059D00E
:10153000FFE708980168012040F21042C4F202025D
:10154000914203904ED0FFE708980168012040F2D5
:101550002842C4F202029142039043D0FFE7089868
:101560000168012040F24042C4F20202914203901D
:1015700038D0FFE708980168012040F25842C4F2D1
:101580000202914203902DD0FFE7089801680120E4
:1015900040F27042C4F202029142039022D0FFE76F
:1015A00008980168012040F28842C4F20202914288
:1015B000039017D0FFE708980168012040F2A0428D
:1015C000C4F20202914203900CD0FFE70898006831
:1015D0004FF64831CBF6FD710844B0FA80F040096F
:1015E0000390FFE70398C00780B1FFE70898016800
:1015F000086820F01E00086008980168486920F01B
:101600008000486108980068059009E00898016822
:10161000086820F00E000860089800680590FFE751
:101620000898016801201022C4F20202914202903F
:1016300000F00381FFE70898016801202822C4F226
:1016400002029142029000F0F880FFE708980168DA
:1016500001204022C4F202029142029000F0ED808B
:10166000FFE70898016801205822C4F20202914263
:10167000029000F0E280FFE70898016801207022E4
:10168000C4F202029142029000F0D780FFE708986E
:10169000016801208822C4F202029142029000F007
:1016A000CC80FFE7089801680120A022C4F2020262
:1016B0009142029000F0C180FFE708980168012084
:1016C000B822C4F202029142029000F0B680FFE715
:1016D00008980168012040F21042C4F202029142CF
:1016E000029000F0AA80FFE708980168012040F20C
:1016F0002842C4F202029142029000F09E80FFE76D
:1017000008980168012040F24042C4F2020291426E
:10171000029000F09280FFE708980168012040F2F3
:101720005842C4F202029142029000F08680FFE724
:1017300008980168012040F27042C4F2020291420E
:1017400002907AD0FFE708980168012040F28842B1
:10175000C4F20202914202906FD0FFE7089801683C
:10176000012040F2A042C4F202029142029064D0F1
:10177000FFE708980168012040F2B842C4F2020273
:101780009142029059D0FFE708980168012045F284
:101790000842C5F60202914202904ED0FFE7089837
:1017A0000168012045F21C42C5F6020291420290F6
:1017B00043D0FFE708980168012045F23042C5F6A2
:1017C00002029142029038D0FFE708980168012098
:1017D00045F24442C5F60202914202902DD0FFE745
:1017E00008980168012045F25842C5F6020291426C
:1017F000029022D0FFE708980168012045F26C4270
:10180000C5F602029142029017D0FFE708980168DE
:10181000012045F28042C5F60202914202900CD0AE
:10182000FFE7089800684AF66C31CAF2FD71084477
:10183000B0FA80F040090290FFE70298C00738B183
:10184000FFE70898016E086820F480700860FFE7E1
:10185000FFE705980068C007C8B1FFE703F0CCF8C0
:101860000499401A062811D3FFE7089920204865FB
:101870000899032081F83500FFE70899002081F8D6
:101880003400FFE701208DF82700FDE1E1E708982B
:10189000016801201022C4F202029142019000F07E
:1018A000A380FFE70898016801202822C4F2020201
:1018B0009142019000F09880FFE7089801680120AC
:1018C0004022C4F202029142019000F08D80FFE7B5
:1018D0000898016801205822C4F202029142019046
:1018E00000F08280FFE70898016801207022C4F2AE
:1018F00002029142019077D0FFE708980168012029
:101900008822C4F20202914201906DD0FFE708984C
:1019100001680120A022C4F202029142019063D02A
:10192000FFE7089801680120B822C4F20202914240
:10193000019059D0FFE708980168012040F2104259
:10194000C4F20202914201904ED0FFE7089801686C
:10195000012040F22842C4F202029142019043D099
:10196000FFE708980168012040F24042C4F20202F9
:101970009142019038D0FFE708980168012040F2B9
:101980005842C4F20202914201902DD0FFE708981C
:101990000168012040F27042C4F2020291420190BB
:1019A00022D0FFE708980168012040F28842C4F283
:1019B00002029142019017D0FFE7089801680120C8
:1019C00040F2A042C4F20202914201900CD0FFE723
:1019D000089800684FF64831CBF6FD710844B0FA1C
:1019E00080F040090190FFE70198C00760B1FFE770
:1019F0000898806D07900898C06D00F01F013F2087
:101A00008840079988600BE00898806D06900898D8
:101A1000C06D00F01F010120884006994860FFE773
:101A20000898016801201022C4F20202914200903D
:101A300000F00381FFE70898016801202822C4F222
:101A400002029142009000F0F880FFE708980168D8
:101A500001204022C4F202029142009000F0ED8089
:101A6000FFE70898016801205822C4F2020291425F
:101A7000009000F0E280FFE70898016801207022E2
:101A8000C4F202029142009000F0D780FFE708986C
:101A9000016801208822C4F202029142009000F005
:101AA000CC80FFE7089801680120A022C4F202025E
:101AB0009142009000F0C180FFE708980168012082
:101AC000B822C4F202029142009000F0B680FFE713
:101AD00008980168012040F21042C4F202029142CB
:101AE000009000F0AA80FFE708980168012040F20A
:101AF0002842C4F202029142009000F09E80FFE76B
:101B000008980168012040F24042C4F2020291426A
:101B1000009000F09280FFE708980168012040F2F1
:101B20005842C4F202029142009000F08680FFE722
:101B300008980168012040F27042C4F2020291420A
:101B400000907AD0FFE708980168012040F28842AF
:101B5000C4F20202914200906FD0FFE7089801683A
:101B6000012040F2A042C4F202029142009064D0EF
:101B7000FFE708980168012040F2B842C4F202026F
:101B80009142009059D0FFE708980168012045F282
:101B90000842C5F60202914200904ED0FFE7089835
:101BA0000168012045F21C42C5F6020291420090F4
:101BB00043D0FFE708980168012045F23042C5F69E
:101BC00002029142009038D0FFE708980168012096
:101BD00045F24442C5F60202914200902DD0FFE743
:101BE00008980168012045F25842C5F60202914268
:101BF000009022D0FFE708980168012045F26C426E
:101C0000C5F602029142009017D0FFE708980168DC
:101C1000012045F28042C5F60202914200900CD0AC
:101C2000FFE7089800684AF66C31CAF2FD71084473
:101C3000B0FA80F040090090FFE70098C007A0B11B
:101C4000FFE70898416E806E48600898C06E58B1F2
:101C5000FFE70898C16E086820F480700860089853
:101C6000016F406F4860FFE7FFE70899012081F8A6
:101C70003500FFE70899002081F83400FFE7FFE70F
:101C800000208DF82700FFE79DF827000AB080BDEF
:101C900080B586B00490049820B9FFE701208DF844
:101CA000170046E3049890F83500022807D0FFE7B4
:101CB00004998020486501208DF8170039E30498C5
:101CC000016801201022C4F202029142029000F049
:101CD000A380FFE70498016801202822C4F20202D1
:101CE0009142029000F09880FFE70498016801207B
:101CF0004022C4F202029142029000F08D80FFE780
:101D00000498016801205822C4F202029142029014
:101D100000F08280FFE70498016801207022C4F27D
:101D200002029142029077D0FFE7049801680120F7
:101D30008822C4F20202914202906DD0FFE704981B
:101D400001680120A022C4F202029142029063D0F5
:101D5000FFE7049801680120B822C4F20202914210
:101D6000029059D0FFE704980168012040F2104228
:101D7000C4F20202914202904ED0FFE7049801683B
:101D8000012040F22842C4F202029142029043D064
:101D9000FFE704980168012040F24042C4F20202C9
:101DA0009142029038D0FFE704980168012040F288
:101DB0005842C4F20202914202902DD0FFE70498EB
:101DC0000168012040F27042C4F202029142029086
:101DD00022D0FFE704980168012040F28842C4F253
:101DE00002029142029017D0FFE704980168012097
:101DF00040F2A042C4F20202914202900CD0FFE7EE
:101E0000049800684FF64831CBF6FD710844B0FAEB
:101E100080F040090290FFE70298C007002800F018
:101E20009D80FFE70499042081F83500049800683C
:101E30001021C4F20201884200F08180FFE704987B
:101E400000682821C4F20201884278D0FFE7049894
:101E500000684021C4F20201884270D0FFE7049874
:101E600000685821C4F20201884268D0FFE7049854
:101E700000687021C4F20201884260D0FFE7049834
:101E800000688821C4F20201884258D0FFE7049814
:101E90000068A021C4F20201884250D0FFE70498F4
:101EA0000068B821C4F20201884248D0FFE70498D4
:101EB000006840F21041C4F2020188423FD0FFE7BF
:101EC0000498006840F22841C4F20201884236D0EA
:101ED000FFE70498006840F24041C4F202018842E2
:101EE0002DD0FFE70498006840F25841C4F2020187
:101EF000884224D0FFE70498006840F27041C4F2A1
:101F0000020188421BD0FFE70498006840F2884134
:101F1000C4F20201884212D0FFE70498006840F240
:101F2000A041C4F20201884209D0FFE7049800688A
:101F300040F2B841C4F20201884207D1FFE7049899
:101F40000168086820F00100086006E00498016854
:101F5000086820F001000860FFE7E5E104980068E8
:101F60001021C4F20201884200F08180FFE704984A
:101F700000682821C4F20201884278D0FFE7049863
:101F800000684021C4F20201884270D0FFE7049843
:101F900000685821C4F20201884268D0FFE7049823
:101FA00000687021C4F20201884260D0FFE7049803
:101FB00000688821C4F20201884258D0FFE70498E3
:101FC0000068A021C4F20201884250D0FFE70498C3
:101FD0000068B821C4F20201884248D0FFE70498A3
:101FE000006840F21041C4F2020188423FD0FFE78E
:101FF0000498006840F22841C4F20201884236D0B9
:10200000FFE70498006840F24041C4F202018842B0
:102010002DD0FFE70498006840F25841C4F2020155
:10202000884224D0FFE70498006840F27041C4F26F
:10203000020188421BD0FFE70498006840F2884103
:10204000C4F20201884212D0FFE70498006840F20F
:10205000A041C4F20201884209D0FFE70498006859
:1020600040F2B841C4F20201884207D1FFE7049868
:102070000168086820F00100086006E00498016823
:10208000086820F001000860FFE70498016808680C
:1020900020F00E0008600498016801201022C4F2AC
:1020A00002029142019000F00381FFE70498016869
:1020B00001202822C4F202029142019000F0F8802F
:1020C000FFE70498016801204022C4F20202914215
:1020D000019000F0ED80FFE704980168012058228C
:1020E000C4F202029142019000F0E280FFE70498FE
:1020F000016801207022C4F202029142019000F0B6
:10210000D780FFE70498016801208822C4F2020208
:102110009142019000F0CC80FFE704980168012013
:10212000A022C4F202029142019000F0C180FFE7B8
:10213000049801680120B822C4F202029142019081
:1021400000F0B680FFE704980168012040F21042D9
:10215000C4F202029142019000F0AA80FFE70498C5
:102160000168012040F22842C4F20202914201902B
:1021700000F09E80FFE704980168012040F2404291
:10218000C4F202029142019000F09280FFE70498AD
:102190000168012040F25842C4F2020291420190CB
:1021A00000F08680FFE704980168012040F2704249
:1021B000C4F20202914201907AD0FFE704980168CC
:1021C000012040F28842C4F20202914201906FD095
:1021D000FFE704980168012040F2A042C4F2020225
:1021E0009142019064D0FFE704980168012040F219
:1021F000B842C4F202029142019059D0FFE704981C
:102200000168012045F20842C5F6020291420190A0
:102210004ED0FFE704980168012045F21C42C5F644
:1022200002029142019043D0FFE704980168012027
:1022300045F23042C5F602029142019038D0FFE7E4
:1022400004980168012045F24442C5F60202914219
:1022500001902DD0FFE704980168012045F2584213
:10226000C5F602029142019022D0FFE7049801686E
:10227000012045F26C42C5F602029142019017D04E
:10228000FFE704980168012045F28042C5F602028A
:10229000914201900CD0FFE7049800684AF66C3137
:1022A000CAF2FD710844B0FA80F040090190FFE7DE
:1022B0000198C00728B3FFE70498016E086820F46E
:1022C000807008600498806D03900498C06D00F0E1
:1022D0001F0101208840039948600498416E806E78
:1022E00048600498C06E58B1FFE70498C16E086852
:1022F00020F4807008600498016F406F4860FFE729
:10230000FFE70499012081F83500FFE704990020D8
:1023100081F83400FFE70498006D20B1FFE70498CE
:10232000016D8847FFE7FFE7FFE700208DF8170002
:10233000FFE79DF8170006B080BD00000000000018
:1023400081B000900098406D01B07047000000001F
:1023500080B590B00F9000200B9040F20000C2F2C8
:102360000040006848F2B511C1F64E31A0FB0110E3
:10237000800A0A900F98806D09900F98806D0890E0
:10238000099800680E90089800680D900F980168F1
:1023900001201022C4F202029142079000F0A380B3
:1023A000FFE70F98016801202822C4F2020291423F
:1023B000079000F09880FFE70F9801680120402205
:1023C000C4F202029142079000F08D80FFE70F985F
:1023D000016801205822C4F202029142079000F0E5
:1023E0008280FFE70F98016801207022C4F2020288
:1023F0009142079077D0FFE70F980168012088226B
:10240000C4F20202914207906DD0FFE70F98016875
:102410000120A022C4F202029142079063D0FFE79C
:102420000F9801680120B822C4F20202914207907D
:1024300059D0FFE70F980168012040F21042C4F222
:102440000202914207904ED0FFE70F9801680120E9
:1024500040F22842C4F202029142079043D0FFE7C3
:102460000F980168012040F24042C4F202029142FA
:10247000079038D0FFE70F980168012040F25842DA
:10248000C4F20202914207902DD0FFE70F98016835
:10249000012040F27042C4F202029142079022D021
:1024A000FFE70F980168012040F28842C4F202025F
:1024B0009142079017D0FFE70F980168012040F282
:1024C000A042C4F20202914207900CD0FFE70F989D
:1024D00000684FF64831CBF6FD710844B0FA80F041
:1024E00040090790FFE70798C007002800F0138510
:1024F000FFE70E980F99C96D01F01F01C840000752
:10250000002840F1B080FFE70F9800681021C4F266
:102510000201884200F08180FFE70F9800682821BF
:10252000C4F20201884278D0FFE70F98006840218A
:10253000C4F20201884270D0FFE70F98006858216A
:10254000C4F20201884268D0FFE70F98006870214A
:10255000C4F20201884260D0FFE70F98006888212A
:10256000C4F20201884258D0FFE70F980068A0210A
:10257000C4F20201884250D0FFE70F980068B821EA
:10258000C4F20201884248D0FFE70F98006840F289
:102590001041C4F2020188423FD0FFE70F98006863
:1025A00040F22841C4F20201884236D0FFE70F987A
:1025B000006840F24041C4F2020188422DD0FFE79A
:1025C0000F98006840F25841C4F20201884224D0BA
:1025D000FFE70F98006840F27041C4F202018842A0
:1025E0001BD0FFE70F98006840F28841C4F2020157
:1025F000884212D0FFE70F98006840F2A041C4F271
:102600000201884209D0FFE70F98006840F2B84104
:10261000C4F20201884207D1FFE70F980068006802
:1026200000F00400069006E00F980068006800F0D3
:1026300008000690FFE70698A0B1FFE70F98016831
:10264000086820F0040008600F98C06D00F01F01BA
:1026500008208840099988600F99486D40F0010072
:102660004865FFE7FFE70E980F99C96D01F01F015C
:10267000C840C007002800F0A980FFE70F98006855
:102680001021C4F20201884200F08180FFE70F9818
:1026900000682821C4F20201884278D0FFE70F9831
:1026A00000684021C4F20201884270D0FFE70F9811
:1026B00000685821C4F20201884268D0FFE70F98F1
:1026C00000687021C4F20201884260D0FFE70F98D1
:1026D00000688821C4F20201884258D0FFE70F98B1
:1026E0000068A021C4F20201884250D0FFE70F9891
:1026F0000068B821C4F20201884248D0FFE70F9871
:10270000006840F21041C4F2020188423FD0FFE766
:102710000F98006840F22841C4F20201884236D086
:10272000FFE70F98006840F24041C4F2020188427E
:102730002DD0FFE70F98006840F25841C4F2020123
:10274000884224D0FFE70F98006840F27041C4F23D
:10275000020188421BD0FFE70F98006840F28841D1
:10276000C4F20201884212D0FFE70F98006840F2DD
:10277000A041C4F20201884209D0FFE70F98006827
:1027800040F2B841C4F20201884207D1FFE70F9836
:102790000068406900F08000059005E00F9800682F
:1027A000006800200590FFE7059870B1FFE70F98DB
:1027B000C06D00F01F0101208840099988600F99C1
:1027C000486D40F002004865FFE7FFE70E980F995B
:1027D000C96D01F01F01C8404007002840F1A980E1
:1027E000FFE70F9800681021C4F20201884200F050
:1027F0008180FFE70F9800682821C4F20201884217
:1028000078D0FFE70F9800684021C4F202018842A7
:1028100070D0FFE70F9800685821C4F20201884287
:1028200068D0FFE70F9800687021C4F20201884267
:1028300060D0FFE70F9800688821C4F20201884247
:1028400058D0FFE70F980068A021C4F20201884227
:1028500050D0FFE70F980068B821C4F20201884207
:1028600048D0FFE70F98006840F21041C4F202011F
:1028700088423FD0FFE70F98006840F22841C4F239
:102880000201884236D0FFE70F98006840F24041CD
:10289000C4F2020188422DD0FFE70F98006840F291
:1028A0005841C4F20201884224D0FFE70F98006823
:1028B00040F27041C4F2020188421BD0FFE70F983A
:1028C000006840F28841C4F20201884212D0FFE75A
:1028D0000F98006840F2A041C4F20201884209D07A
:1028E000FFE70F98006840F2B841C4F20201884245
:1028F00007D1FFE70F980068006800F0020004901D
:1029000005E00F980068006800200490FFE7049835
:1029100070B1FFE70F98C06D00F01F0104208840E0
:10292000099988600F99486D40F004004865FFE7F9
:10293000FFE70E980F99C96D01F01F01C840C0064E
:10294000002840F1DE80FFE70F9800681021C4F2F4
:102950000201884200F08180FFE70F98006828217B
:10296000C4F20201884278D0FFE70F980068402146
:10297000C4F20201884270D0FFE70F980068582126
:10298000C4F20201884268D0FFE70F980068702106
:10299000C4F20201884260D0FFE70F9800688821E6
:1029A000C4F20201884258D0FFE70F980068A021C6
:1029B000C4F20201884250D0FFE70F980068B821A6
:1029C000C4F20201884248D0FFE70F98006840F245
:1029D0001041C4F2020188423FD0FFE70F9800681F
:1029E00040F22841C4F20201884236D0FFE70F9836
:1029F000006840F24041C4F2020188422DD0FFE756
:102A00000F98006840F25841C4F20201884224D075
:102A1000FFE70F98006840F27041C4F2020188425B
:102A20001BD0FFE70F98006840F28841C4F2020112
:102A3000884212D0FFE70F98006840F2A041C4F22C
:102A40000201884209D0FFE70F98006840F2B841C0
:102A5000C4F20201884207D1FFE70F9800680068BE
:102A600000F00800039006E00F980068006800F08E
:102A700004000390FFE70398002841D0FFE70F9878
:102A8000C06D00F01F0110208840099988600F98E0
:102A900000680068400300281AD5FFE70F98006817
:102AA00000680003002809D4FFE70F98006C20B1EC
:102AB000FFE70F98016C8847FFE708E00F98806CEC
:102AC00020B1FFE70F98816C8847FFE7FFE716E02A
:102AD0000F9800680068C005002807D4FFE70F982A
:102AE0000168086820F008000860FFE70F98006C94
:102AF00020B1FFE70F98016C8847FFE7FFE7FFE78A
:102B0000FFE70E980F99C96D01F01F01C8408006BC
:102B1000002840F12681FFE70F9800681021C4F2D9
:102B20000201884200F08180FFE70F9800682821A9
:102B3000C4F20201884278D0FFE70F980068402174
:102B4000C4F20201884270D0FFE70F980068582154
:102B5000C4F20201884268D0FFE70F980068702134
:102B6000C4F20201884260D0FFE70F980068882114
:102B7000C4F20201884258D0FFE70F980068A021F4
:102B8000C4F20201884250D0FFE70F980068B821D4
:102B9000C4F20201884248D0FFE70F98006840F273
:102BA0001041C4F2020188423FD0FFE70F9800684D
:102BB00040F22841C4F20201884236D0FFE70F9864
:102BC000006840F24041C4F2020188422DD0FFE784
:102BD0000F98006840F25841C4F20201884224D0A4
:102BE000FFE70F98006840F27041C4F2020188428A
:102BF0001BD0FFE70F98006840F28841C4F2020141
:102C0000884212D0FFE70F98006840F2A041C4F25A
:102C10000201884209D0FFE70F98006840F2B841EE
:102C2000C4F20201884207D1FFE70F9800680068EC
:102C300000F01000029006E00F980068006800F0B5
:102C400002000290FFE70298002800F08980FFE769
:102C50000F98C06D00F01F012020884009998860FE
:102C60000F9890F83500042837D1FFE70F980168D6
:102C7000086820F0160008600F980168486920F085
:102C8000800048610F98006C20B9FFE70F98806CB6
:102C900038B1FFE70F980168086820F00800086065
:102CA000FFE70F98C06D00F01F013F208840099991
:102CB00088600F99012081F83500FFE70F99002007
:102CC00081F83400FFE70F98006D20B1FFE70F98FF
:102CD000016D8847FFE700F019BC0F980068006895
:102CE000400300281AD5FFE70F980068006800032A
:102CF000002809D5FFE70F98406C20B1FFE70F9837
:102D0000416C8847FFE708E00F98C06B20B1FFE7F0
:102D10000F98C16B8847FFE7FFE720E00F98006836
:102D20000068C005002811D4FFE70F980168086803
:102D300020F0100008600F99012081F83500FFE7AE
:102D40000F99002081F83400FFE7FFE70F98C06B70
:102D500020B1FFE70F98C16B8847FFE7FFE7FFE768
:102D6000FFE70F98406D002800F0D480FFE70F9830
:102D7000406DC007002800F0C480FFE70F990420D1
:102D800081F835000F9800681021C4F202018842D2
:102D900000F08180FFE70F9800682821C4F202014B
:102DA000884278D0FFE70F9800684021C4F2020102
:102DB000884270D0FFE70F9800685821C4F20201E2
:102DC000884268D0FFE70F9800687021C4F20201C2
:102DD000884260D0FFE70F9800688821C4F20201A2
:102DE000884258D0FFE70F980068A021C4F2020182
:102DF000884250D0FFE70F980068B821C4F2020162
:102E0000884248D0FFE70F98006840F21041C4F2B2
:102E1000020188423FD0FFE70F98006840F2284146
:102E2000C4F20201884236D0FFE70F98006840F2F2
:102E30004041C4F2020188422DD0FFE70F9800689C
:102E400040F25841C4F20201884224D0FFE70F98B3
:102E5000006840F27041C4F2020188421BD0FFE7D3
:102E60000F98006840F28841C4F20201884212D0F3
:102E7000FFE70F98006840F2A041C4F202018842C7
:102E800009D0FFE70F98006840F2B841C4F2020190
:102E9000884207D1FFE70F980168086820F0010019
:102EA000086006E00F980168086820F001000860DB
:102EB000FFE7FFE70B9801300B900A99884201D990
:102EC000FFE707E0FFE70F9800680068C0070028E9
:102ED000F0D1FFE70F9800680068C00728B1FFE74E
:102EE0000F99032081F8350004E00F99012081F843
:102EF0003500FFE7FFE70F99002081F83400FFE776
:102F0000FFE70F98C06C20B1FFE70F98C16C8847AE
:102F1000FFE7FFE7FAE20F980168012045F2084257
:102F2000C5F60202914201904ED0FFE70F9801686A
:102F3000012045F21C42C5F602029142019043D0A5
:102F4000FFE70F980168012045F23042C5F6020202
:102F50009142019038D0FFE70F980168012045F2B7
:102F60004442C5F60202914201902DD0FFE70F982E
:102F70000168012045F25842C5F6020291420190D3
:102F800022D0FFE70F980168012045F26C42C5F698
:102F900002029142019017D0FFE70F9801680120CB
:102FA00045F28042C5F60202914201900CD0FFE743
:102FB0000F9800684AF66C31CAF2FD710844B0FA05
:102FC00080F040090190FFE70198C007002800F059
:102FD0009B82FFE70F98006800680C900D980F998E
:102FE000C96D01F01F01C8404007002840F1D7809B
:102FF000FFE79DF830004007002840F1D080FFE750
:103000000F98C06D00F01F010420884008994860A7
:103010009DF831000006002818D5FFE79DF8320022
:10302000C00748B1FFE70F98806C20B1FFE70F9809
:10303000816C8847FFE708E00F98006C20B1FFE73C
:103040000F98016C8847FFE7FFE7A7E09DF8300085
:103050008006002800F19980FFE70F980068102192
:10306000C4F20201884200F08180FFE70F980068F7
:103070002821C4F20201884278D0FFE70F98006847
:103080004021C4F20201884270D0FFE70F98006827
:103090005821C4F20201884268D0FFE70F98006807
:1030A0007021C4F20201884260D0FFE70F980068E7
:1030B0008821C4F20201884258D0FFE70F980068C7
:1030C000A021C4F20201884250D0FFE70F980068A7
:1030D000B821C4F20201884248D0FFE70F98006887
:1030E00040F21041C4F2020188423FD0FFE70F983E
:1030F000006840F22841C4F20201884236D0FFE75E
:103100000F98006840F24041C4F2020188422DD07D
:10311000FFE70F98006840F25841C4F2020188426C
:1031200024D0FFE70F98006840F27041C4F202011A
:1031300088421BD0FFE70F98006840F28841C4F234
:103140000201884212D0FFE70F98006840F2A041C8
:10315000C4F20201884209D0FFE70F98006840F2EC
:10316000B841C4F20201884207D1FFE70F98016815
:10317000086820F00800086006E00F9801680868F9
:1031800020F004000860FFE7FFE70F98006C20B113
:10319000FFE70F98016C8847FFE7FFE7B3E10D9861
:1031A0000F99C96D01F01F01C8408007002840F148
:1031B000E180FFE79DF830008007002840F1DA80C9
:1031C000FFE70F98C06D00F01F01022088400899AA
:1031D00048609DF831000006002818D5FFE79DF8EB
:1031E0003200C00748B9FFE70F98406C20B1FFE7F5
:1031F0000F98416C8847FFE708E00F98C06B20B13B
:10320000FFE70F98C16B8847FFE7FFE7B1E09DF844
:1032100030008006002800F1A380FFE70F980068C7
:103220001021C4F20201884200F08180FFE70F986C
:1032300000682821C4F20201884278D0FFE70F9885
:1032400000684021C4F20201884270D0FFE70F9865
:1032500000685821C4F20201884268D0FFE70F9845
:1032600000687021C4F20201884260D0FFE70F9825
:1032700000688821C4F20201884258D0FFE70F9805
:103280000068A021C4F20201884250D0FFE70F98E5
:103290000068B821C4F20201884248D0FFE70F98C5
:1032A000006840F21041C4F2020188423FD0FFE7BB
:1032B0000F98006840F22841C4F20201884236D0DB
:1032C000FFE70F98006840F24041C4F202018842D3
:1032D0002DD0FFE70F98006840F25841C4F2020178
:1032E000884224D0FFE70F98006840F27041C4F292
:1032F000020188421BD0FFE70F98006840F2884126
:10330000C4F20201884212D0FFE70F98006840F231
:10331000A041C4F20201884209D0FFE70F9800687B
:1033200040F2B841C4F20201884207D1FFE70F988A
:103330000168086820F01400086006E00F98016832
:10334000086820F00A000860FFE70F99012081F863
:103350003500FFE70F99002081F83400FFE7FFE711
:103360000F98C06B20B1FFE70F98C16B8847FFE74C
:10337000FFE7C7E00D980F99C96D01F01F01C84024
:103380000007002840F1BC80FFE79DF830000007EF
:10339000002840F1B580FFE70F9800681021C4F2C3
:1033A0000201884200F08180FFE70F980068282121
:1033B000C4F20201884278D0FFE70F9800684021EC
:1033C000C4F20201884270D0FFE70F9800685821CC
:1033D000C4F20201884268D0FFE70F9800687021AC
:1033E000C4F20201884260D0FFE70F98006888218C
:1033F000C4F20201884258D0FFE70F980068A0216C
:10340000C4F20201884250D0FFE70F980068B8214B
:10341000C4F20201884248D0FFE70F98006840F2EA
:103420001041C4F2020188423FD0FFE70F980068C4
:1034300040F22841C4F20201884236D0FFE70F98DB
:10344000006840F24041C4F2020188422DD0FFE7FB
:103450000F98006840F25841C4F20201884224D01B
:10346000FFE70F98006840F27041C4F20201884201
:103470001BD0FFE70F98006840F28841C4F20201B8
:10348000884212D0FFE70F98006840F2A041C4F2D2
:103490000201884209D0FFE70F98006840F2B84166
:1034A000C4F20201884207D1FFE70F98016808685B
:1034B00020F01C00086006E00F980168086820F002
:1034C0000E000860FFE70F98C06D00F01F0101209B
:1034D00000FA01F1089A51600F9948650F9981F837
:1034E0003500FFE70F99002081F83400FFE70F98BF
:1034F000C06C20B1FFE70F98C16C8847FFE700E080
:10350000FFE7FFE7FFE700E0FFE7FFE710B080BD60
:1035100010B58EB00C9001F06FFA0A900C9828B993
:10352000FFE701208DF8370000F09EBC0C98016881
:1035300001201022C4F202029142079000F0A38001
:10354000FFE70C98016801202822C4F20202914290
:10355000079000F09880FFE70C9801680120402256
:10356000C4F202029142079000F08D80FFE70C98B0
:10357000016801205822C4F202029142079000F033
:103580008280FFE70C98016801207022C4F20202D9
:103590009142079077D0FFE70C98016801208822BC
:1035A000C4F20202914207906DD0FFE70C980168C7
:1035B0000120A022C4F202029142079063D0FFE7EB
:1035C0000C9801680120B822C4F2020291420790CF
:1035D00059D0FFE70C980168012040F21042C4F274
:1035E0000202914207904ED0FFE70C98016801203B
:1035F00040F22842C4F202029142079043D0FFE712
:103600000C980168012040F24042C4F2020291424B
:10361000079038D0FFE70C980168012040F258422B
:10362000C4F20202914207902DD0FFE70C98016886
:10363000012040F27042C4F202029142079022D06F
:10364000FFE70C980168012040F28842C4F20202B0
:103650009142079017D0FFE70C980168012040F2D3
:10366000A042C4F20202914207900CD0FFE70C98EE
:1036700000684FF64831CBF6FD710844B0FA80F08F
:1036800040090790FFE70798C007002800F07881FD
:10369000FFE70C98406A08B1FFE7FFE70C990220AA
:1036A00081F83500FFE70C99002081F83400FFE72E
:1036B0000C9800681021C4F20201884200F0818059
:1036C000FFE70C9800682821C4F20201884278D0F4
:1036D000FFE70C9800684021C4F20201884270D0D4
:1036E000FFE70C9800685821C4F20201884268D0B4
:1036F000FFE70C9800687021C4F20201884260D094
:10370000FFE70C9800688821C4F20201884258D073
:10371000FFE70C980068A021C4F20201884250D053
:10372000FFE70C980068B821C4F20201884248D033
:10373000FFE70C98006840F21041C4F20201884291
:103740003FD0FFE70C98006840F22841C4F2020124
:10375000884236D0FFE70C98006840F24041C4F23E
:10376000020188422DD0FFE70C98006840F25841D2
:10377000C4F20201884224D0FFE70C98006840F2AE
:103780007041C4F2020188421BD0FFE70C98006828
:1037900040F28841C4F20201884212D0FFE70C983F
:1037A000006840F2A041C4F20201884209D0FFE75C
:1037B0000C98006840F2B841C4F20201884207D177
:1037C000FFE70C980168086820F00100086006E037
:1037D0000C980168086820F001000860FFE7FFE727
:1037E0000C9800680068C00798B1FFE701F004F981
:1037F0000A99401A06280BD3FFE70C992020486548
:103800000C99032081F8350001208DF837002BE357
:10381000E6E70C98006800680B900B9848F23F01AF
:10382000CFF6106108400B900C998868D1F80CC055
:103830000B694A6940EA0C00184310438A69104337
:10384000CA691043096A01430B9808430B900C980E
:10385000406A042808D1FFE70C99C86A096B014344
:103860000B9808430B90FFE70C984068292807D372
:10387000FFE70C98416801202F29069036D3FFE717
:103880000C9840683F2807D3FFE70C984168012057
:10389000432906902AD3FFE70C984068472807D3AE
:1038A000FFE70C9841680120492906901ED3FFE7E5
:1038B0000C9840684F2807D3FFE70C984168012017
:1038C0005329069012D3FFE70C9841680020742911
:1038D000059008D3FFE70C9841680020782938BF8D
:1038E00001200590FFE705980690FFE70698C007BE
:1038F00028B1FFE70B9840F480100B90FFE70B987E
:103900000C99096808600C98006840690B900B9846
:1039100020F007000B900C98416A0B9808430B901D
:103920000C98406A04281AD1FFE70C98816A0B981A
:1039300008430B900C98C06A80B1FFE70C98FDF724
:10394000D7F950B1FFE70C99402048650C99012048
:1039500081F835008DF8370086E2FFE7FFE70B9826
:103960000C99096848610C98FCF786FF09900C983F
:10397000C06D00F01F013F2088400999886026E152
:103980000C980168012045F20842C5F602029142F6
:1039900004904ED0FFE70C980168012045F21C42CC
:1039A000C5F602029142049043D0FFE70C980168EB
:1039B000012045F23042C5F602029142049038D00F
:1039C000FFE70C980168012045F24442C5F6020267
:1039D000914204902DD0FFE70C980168012045F238
:1039E0005842C5F602029142049022D0FFE70C989B
:1039F0000168012045F26C42C5F602029142049032
:103A000017D0FFE70C980168012045F28042C5F607
:103A10000202914204900CD0FFE70C9800684AF62D
:103A20006C31CAF2FD710844B0FA80F0400904908C
:103A3000FFE70498C007002800F0BD80FFE70C985E
:103A40000168012045F20842C5F602029142039046
:103A50004ED0FFE70C980168012045F21C42C5F6E4
:103A600002029142039043D0FFE70C9801680120C5
:103A700045F23042C5F602029142039038D0FFE78A
:103A80000C980168012045F24442C5F602029142B9
:103A900003902DD0FFE70C980168012045F25842B1
:103AA000C5F602029142039022D0FFE70C9801680C
:103AB000012045F26C42C5F602029142039017D0F4
:103AC000FFE70C980168012045F28042C5F602022A
:103AD000914203900CD0FFE70C9800684AF66C31D5
:103AE000CAF2FD710844B0FA80F040090390FFE784
:103AF0000398C00708B1FFE7FFE70C99022081F89F
:103B00003500FFE70C99002081F83400FFE70C989E
:103B1000006800680B900B986FF310100B900C98D6
:103B20008068402803D1FFE71020029008E00C983D
:103B300080688038B0FA80F0400980030290FFE787
:103B400002980C99CA680B69D1F814C0D1F818E032
:103B5000CC694EEA040E4CEA0E0C43EA0C031A43FD
:103B600040EAD200096A40EA11110B9808430B9011
:103B70000B980C99096808600C9908684AF6F832A5
:103B8000CAF2FD7210444CF6CD42CCF6CC42A0FBFA
:103B900002026FF0030000EA9200C8650C98FCF77F
:103BA0006BFE08900C98C06D00F01F01012088404A
:103BB000089948600AE00C99402048650C99032058
:103BC00081F8350001208DF837004DE1FFE70C98B2
:103BD000016801201022C4F202029142019000F01B
:103BE0000381FFE70C98016801202822C4F2020239
:103BF0009142019000F0F880FFE70C9801680120E5
:103C00004022C4F202029142019000F0ED80FFE7F1
:103C10000C98016801205822C4F2020291420190DE
:103C200000F0E280FFE70C98016801207022C4F2E6
:103C300002029142019000F0D780FFE70C980168E2
:103C400001208822C4F202029142019000F0CC804F
:103C5000FFE70C9801680120A022C4F20202914201
:103C6000019000F0C180FFE70C9801680120B822A4
:103C7000C4F202029142019000F0B680FFE70C9876
:103C80000168012040F21042C4F202029142019008
:103C900000F0AA80FFE70C980168012040F228425A
:103CA000C4F202029142019000F09E80FFE70C985E
:103CB0000168012040F24042C4F2020291420190A8
:103CC00000F09280FFE70C980168012040F2584212
:103CD000C4F202029142019000F08680FFE70C9846
:103CE0000168012040F27042C4F202029142019048
:103CF0007AD0FFE70C980168012040F28842C4F2B4
:103D00000202914201906FD0FFE70C9801680120F8
:103D100040F2A042C4F202029142019064D0FFE757
:103D20000C980168012040F2B842C4F202029142AC
:103D3000019059D0FFE70C980168012045F2084234
:103D4000C5F60202914201904ED0FFE70C9801683F
:103D5000012045F21C42C5F602029142019043D077
:103D6000FFE70C980168012045F23042C5F60202D7
:103D70009142019038D0FFE70C980168012045F28C
:103D80004442C5F60202914201902DD0FFE70C9803
:103D90000168012045F25842C5F6020291420190A5
:103DA00022D0FFE70C980168012045F26C42C5F66D
:103DB00002029142019017D0FFE70C9801680120A0
:103DC00045F28042C5F60202914201900CD0FFE715
:103DD0000C9800684AF66C31CAF2FD710844B0FADA
:103DE00080F040090190FFE70198C00790B3FFE71A
:103DF0000C98FCF729FE0C988068802804D1FFE716
:103E00000C9900204860FFE70C990879096E08605A
:103E10000C98416E806E48600C98406888B1FFE74E
:103E20000C98406808280CD8FFE70C98FCF7C8FEEF
:103E30000C98C16E002008600C98016F406F4860BC
:103E400007E00C990020C8660C9908670C99486730
:103E5000FFE7FFE70C99002048650C9A012182F8E2
:103E600035108DF83700FFE79DF837000EB010BD14
:103E700080B588B0069005910492039300208DF8D8
:103E80000B00069820B9FFE701208DF81F006CE3B6
:103E9000FFE7069890F83400012804D1FFE70220DC
:103EA0008DF81F0061E30699012081F83400FFE7D7
:103EB000FFE7069890F83500012840F04383FFE7BC
:103EC0000699022081F83500069900204865069879
:103ED00000681021C4F20201884200F08180FFE7EF
:103EE000069800682821C4F20201884278D0FFE7D2
:103EF000069800684021C4F20201884270D0FFE7B2
:103F0000069800685821C4F20201884268D0FFE791
:103F1000069800687021C4F20201884260D0FFE771
:103F2000069800688821C4F20201884258D0FFE751
:103F300006980068A021C4F20201884250D0FFE731
:103F400006980068B821C4F20201884248D0FFE711
:103F50000698006840F21041C4F2020188423FD046
:103F6000FFE70698006840F22841C4F20201884247
:103F700036D0FFE70698006840F24041C4F20201E3
:103F800088422DD0FFE70698006840F25841C4F2FD
:103F90000201884224D0FFE70698006840F2704191
:103FA000C4F2020188421BD0FFE70698006840F285
:103FB0008841C4F20201884212D0FFE706980068E7
:103FC00040F2A041C4F20201884209D0FFE70698FE
:103FD000006840F2B841C4F20201884207D1FFE70D
:103FE00006980168086820F00100086006E006985D
:103FF0000168086820F001000860FFE7069805994D
:10400000049A039BFCF7ECFE06980168012010223D
:10401000C4F202029142019000F0A380FFE70698EB
:10402000016801202822C4F202029142019000F0AE
:104030009880FFE70698016801204022C4F202023E
:104040009142019000F08D80FFE706980168012001
:104050005822C4F202029142019000F08280FFE7F0
:104060000698016801207022C4F202029142019078
:1040700077D0FFE70698016801208822C4F2020287
:10408000914201906DD0FFE7069801680120A022BF
:10409000C4F202029142019063D0FFE706980168E2
:1040A0000120B822C4F202029142019059D0FFE7E8
:1040B00006980168012040F21042C4F202029142C7
:1040C00001904ED0FFE706980168012040F2284297
:1040D000C4F202029142019043D0FFE706980168C2
:1040E000012040F24042C4F202029142019038D0D5
:1040F000FFE706980168012040F25842C4F202022C
:10410000914201902DD0FFE706980168012040F20E
:104110007042C4F202029142019022D0FFE7069859
:104120000168012040F28842C4F2020291420190EB
:1041300017D0FFE706980168012040F2A042C4F2C0
:104140000202914201900CD0FFE7069800684FF6FA
:104150004831CBF6FD710844B0FA80F04009019077
:10416000FFE70198C007A8B1FFE70698006800685C
:104170000B2161F344000699096808600698006CF9
:1041800038B1FFE706980168086840F00800086049
:10419000FFE714E0069800680068052161F343001A
:1041A0000699096808600698006C38B1FFE7069820
:1041B0000168086840F004000860FFE7FFE7069820
:1041C000016801201022C4F202029142009000F026
:1041D0000381FFE70698016801202822C4F2020249
:1041E0009142009000F0F880FFE7069801680120F6
:1041F0004022C4F202029142009000F0ED80FFE7FD
:104200000698016801205822C4F2020291420090EF
:1042100000F0E280FFE70698016801207022C4F2F6
:1042200002029142009000F0D780FFE706980168F3
:1042300001208822C4F202029142009000F0CC805A
:10424000FFE7069801680120A022C4F20202914211
:10425000009000F0C180FFE7069801680120B822B5
:10426000C4F202029142009000F0B680FFE7069887
:104270000168012040F21042C4F202029142009013
:1042800000F0AA80FFE706980168012040F228426A
:10429000C4F202029142009000F09E80FFE706986F
:1042A0000168012040F24042C4F2020291420090B3
:1042B00000F09280FFE706980168012040F2584222
:1042C000C4F202029142009000F08680FFE7069857
:1042D0000168012040F27042C4F202029142009053
:1042E0007AD0FFE706980168012040F28842C4F2C4
:1042F0000202914200906FD0FFE70698016801200A
:1043000040F2A042C4F202029142009064D0FFE762
:1043100006980168012040F2B842C4F202029142BC
:10432000009059D0FFE706980168012045F2084245
:10433000C5F60202914200904ED0FFE70698016850
:10434000012045F21C42C5F602029142009043D082
:10435000FFE706980168012045F23042C5F60202E7
:104360009142009038D0FFE706980168012045F29D
:104370004442C5F60202914200902DD0FFE7069814
:104380000168012045F25842C5F6020291420090B0
:1043900022D0FFE706980168012045F26C42C5F67D
:1043A00002029142009017D0FFE7069801680120B1
:1043B00045F28042C5F60202914200900CD0FFE720
:1043C000069800684AF66C31CAF2FD710844B0FAEA
:1043D00080F040090090FFE70098C007D0B1FFE7E8
:1043E0000698006E0068C003002807D5FFE706980E
:1043F000016E086840F480700860FFE70698C06EA0
:1044000038B1FFE70698C16E086840F48070086014
:10441000FFE7FFE7069800681021C4F20201884216
:1044200000F08180FFE7069800682821C4F20201AD
:10443000884278D0FFE7069800684021C4F2020164
:10444000884270D0FFE7069800685821C4F2020144
:10445000884268D0FFE7069800687021C4F2020124
:10446000884260D0FFE7069800688821C4F2020104
:10447000884258D0FFE706980068A021C4F20201E4
:10448000884250D0FFE706980068B821C4F20201C4
:10449000884248D0FFE70698006840F21041C4F215
:1044A000020188423FD0FFE70698006840F22841A9
:1044B000C4F20201884236D0FFE70698006840F255
:1044C0004041C4F2020188422DD0FFE706980068FF
:1044D00040F25841C4F20201884224D0FFE7069816
:1044E000006840F27041C4F2020188421BD0FFE72D
:1044F0000698006840F28841C4F20201884212D056
:10450000FFE70698006840F2A041C4F20201884229
:1045100009D0FFE70698006840F2B841C4F20201F2
:10452000884207D1FFE706980168086840F001005B
:10453000086006E006980168086840F0010008601D
:10454000FFE70DE006994FF400604865FFE7069924
:10455000002081F83400FFE701208DF80B00FFE711
:104560009DF80B008DF81F00FFE79DF81F0008B0B5
:1045700080BD00000000000080B582B0ADF80600EC
:10458000BDF80600B0F5004F01D0FFE71DE000F0D8
:1045900033FA0090009840F27C01C2F200410968B1
:1045A000401AC72801D8FFE70FE0009840F27C01CD
:1045B000C2F20041086040F28C01C2F2004108786A
:1045C000B0FA80F040090870FFE702B080BD00003B
:1045D00080B582B0ADF806008820C5F600000068FE
:1045E000BDF8061008420BD0FFE7BDF80600882191
:1045F000C5F600010860BDF80600FFF7BDFFFFE744
:1046000002B080BD000000008FB00E900D91002020
:104610000C908020C5F600000990FFE70D98006817
:104620000C99C840002800F0CD81FFE70D98006884
:104630000C9A0121914008400B900B98002800F043
:10464000BD81FFE70D98406800F00300012807D006
:10465000FFE70D98406800F0030002282FD1FFE724
:104660000E9880680A900C984100032000FA01F12E
:104670000A9888430A900D98C0680C99490000FA7E
:1046800001F10A9808430A900A980E9988600E98DA
:1046900040680A900C99012000FA01F10A988843B9
:1046A0000A900D984068C0F300100C9900FA01F1CF
:1046B0000A9808430A900A980E994860FFE70D98F7
:1046C000406800F0030003280CD1FFE70D98406814
:1046D00000F0030003281DD1FFE70D988068012832
:1046E00018D0FFE70E98C0680A900C98410003208C
:1046F00000FA01F10A9888430A900D9880680C9995
:10470000490000FA01F10A9808430A900A980E99A4
:10471000C860FFE70D98406800F00300022826D12A
:10472000FFE70E980C996FF0030202EA510108446A
:10473000006A0A900C9800F0070081000F2000FA30
:1047400001F10A9888430A900D9800690C9901F0CC
:104750000701890000FA01F10A9808430A900A98B3
:104760000E990C9B02EA530211440862FFE70E986F
:1047700000680A900C984100032000FA01F10A98A1
:1047800088430A900D98406800F003000C99490096
:1047900000FA01F10A9808430A900A980E990860F5
:1047A0000D9880798007002800F00781FFE7FFE778
:1047B00044F2F440C5F60200016841F002010160D4
:1047C000006800F0020008900898FFE70C9820F0BD
:1047D000030040F20841C5F6000140580A900C98C9
:1047E00000F0030081000F2000FA01F10A988843CD
:1047F0000A900E980021C5F60201884203D1FFE716
:10480000002007906CE00E9840F20041C5F60201CE
:10481000884203D1FFE7012006905EE00E9840F643
:104820000001C5F60201884203D1FFE7022005908E
:1048300050E00E9840F60041C5F60201884203D1CF
:10484000FFE70320049042E00E9841F20001C5F614
:104850000201884203D1FFE70420039034E00E9860
:1048600041F20041C5F60201884203D1FFE705206D
:10487000029026E00E9841F60001C5F6020188423A
:1048800003D1FFE70620019018E00E9841F60041A1
:10489000C5F60201884203D1FFE7072000900AE035
:1048A0000E9942F20042C5F602020A20914208BF68
:1048B00009200090FFE700980190FFE7019802901F
:1048C000FFE702980390FFE703980490FFE704983E
:1048D0000590FFE705980690FFE706980790FFE729
:1048E00007980C9901F00301890000FA01F10A9878
:1048F00008430A900A980C9921F0030140F20842FB
:10490000C5F6000288504FF0B04000680A900B993D
:104910000A9888430A900D988079C006002805D52A
:10492000FFE70B990A9808430A90FFE70A984FF0AF
:10493000B04108600420C5F6000000680A900B9999
:104940000A9888430A900D9880798006002805D53A
:10495000FFE70B990A9808430A90FFE70A98042199
:10496000C5F600010860099840680A900B990A98FA
:1049700088430A900D9880798007002805D5FFE7C5
:104980000B990A9808430A90FFE70A98099948602A
:10499000099800680A900B990A9888430A900D9824
:1049A0008079C00728B1FFE70B990A9808430A905D
:1049B000FFE70A9809990860FFE7FFE70C980130C4
:1049C0000C902BE60FB0704782B00190ADF802104A
:1049D0008DF801209DF8010028B1FFE7BDF8020025
:1049E0000199886105E0BDF8020000040199886121
:1049F000FFE702B07047000040F60000C2F200403E
:104A0000006870470000000040F21000C2F2004051
:104A1000027840F60001C2F20041086810440860C4
:104A2000704700000000000080B582B0032000F055
:104A3000B7F801F055FE44F21842C5F602021168BB
:104A4000C1F303234FF67C51C0F60001CB5C03F0A9
:104A50001F03D84000900098126802F00F02895C92
:104A600001F01F01C84040F20401C2F20041086099
:104A7000009840F20001C2F2004108600F2000F0EF
:104A800013F820B1FFE701208DF8070005E000F0E2
:104A90004FF800208DF80700FFE79DF8070002B0EF
:104AA00080BD00000000000080B582B0009040F2A0
:104AB0001000C2F20040007820B9FFE701208DF815
:104AC000070030E040F20000C2F20040006840F20F
:104AD0001001C2F200410A784FF47A71B1FBF2F191
:104AE000B0FBF1F003F08CF820B1FFE701208DF866
:104AF000070018E000980F280DD8FFE700994FF045
:104B0000FF30002200F034F8009840F21401C2F2A5
:104B10000041086003E001208DF8070003E0002059
:104B20008DF80700FFE79DF8070002B080BD000088
:104B300081B0FFE744F2F440C5F60200016841F09D
:104B400002010160006800F0020000900098FFE799
:104B500001B070470000000080B582B0ADF80600DB
:104B6000BDF9060008F070F802B080BD000000003A
:104B700080B586B0ADF816000491039208F07CF879
:104B80000290BDF91600019002980499039A05F06D
:104B900003F80146019808F077F806B080BD0000E0
:104BA00080B582B00190019808F092F802B080BD03
:104BB00080B584B0029044F60C00C5F6020000688F
:104BC00000F004010020B0EB910F13D1FFE744F691
:104BD0000C00C5F60200006800F007000299884248
:104BE00004D0FFE701208DF80F002EE000208DF8A3
:104BF0000F002AE044F60C01C5F60201086820F017
:104C00000700029A10430860FFF7F6FE0190FFE7E5
:104C100044F60400C5F60200006800F400510020CC
:104C2000B0EB513F0DD1FFE7FFF7E6FE0199401AC7
:104C3000B0F57A7F04D9FFE701208DF80F0004E07A
:104C4000E6E700208DF80F00FFE79DF80F0004B0A5
:104C500080BD00000000000080B501F0EDFC44F2D2
:104C60002041C5F602010968C1F302124FF67C51DA
:104C7000C0F60001895C01F01F01C84080BD000042
:104C800088B0079044F22840C5F60200016801F0A0
:104C9000030106910068C0F30530059044F22C40F2
:104CA000C5F602000068C0F300100490049844F2B6
:104CB0003C41C5F60201096889B2C908484300EEC3
:104CC000100AB8EE400A8DED020A0598002800F09F
:104CD0001181FFE70698009048B1FFE7009801288E
:104CE00065D0FFE70098022800F08380A3E044F23B
:104CF0000040C5F60200006800F020010020B0EB83
:104D0000511F31D0FFE744F20040C5F602000068B1
:104D1000C0F3C10149F20000C0F2D030C840039096
:104D20009DED030AB8EE400A9DED051AB8EE411A52
:104D300080EE010A44F23840C5F6020000686FF3C5
:104D40005F2001EE100AB8EE411A9DED022A9FED98
:104D50006F3A02EE031AB7EE002A31EE021A20EE85
:104D6000010A8DED010A21E09DED050AB8EE401A19
:104D70009FED680A80EE010A44F23840C5F6020051
:104D800000686FF35F2001EE100AB8EE411A9DED46
:104D9000022A9FED5E3A02EE031AB7EE002A31EEC8
:104DA000021A20EE010A8DED010AFFE765E09DED94
:104DB000050AB8EE401A9FED560A80EE010A44F249
:104DC0003840C5F6020000686FF35F2001EE100A5C
:104DD000B8EE411A9DED022A9FED4C3A02EE031AFD
:104DE000B7EE002A31EE021A20EE010A8DED010A1B
:104DF00043E09DED050AB8EE401A9FED430A80EEB0
:104E0000010A44F23840C5F6020000686FF35F20E3
:104E100001EE100AB8EE411A9DED022A9FED3B3AD1
:104E200002EE031AB7EE002A31EE021A20EE010A52
:104E30008DED010A21E09DED050AB8EE401A9FEDC7
:104E4000340A80EE010A44F23840C5F602000068D8
:104E50006FF35F2001EE100AB8EE411A9DED022AB1
:104E60009FED2A3A02EE031AB7EE002A31EE021A3B
:104E700020EE010A8DED010AFFE79DED010A44F2E3
:104E80003840C5F60200016889B2490A01EE101ADD
:104E9000B8EE411AB7EE002A31EE021A80EE010A8E
:104EA0000799BCEEC00A81ED000A9DED010A016878
:104EB000C1F3064101EE101AB8EE411A31EE021AA2
:104EC00080EE010A0799BCEEC00A81ED010A9DED52
:104ED000010A0068C0F3066001EE100AB8EE411A3C
:104EE00031EE021A80EE010A0798BCEEC00A80ED8E
:104EF000020A07E0079900200860079948600799AF
:104F00008860FFE708B07047001BB74B000000390E
:104F10000024744A0024744C88B0079044F228405E
:104F2000C5F60200016801F0030106910068C0F3B4
:104F30000550059044F22C40C5F602000068C0F30D
:104F400000200490049844F24441C5F60201096827
:104F500089B2C908484300EE100AB8EE400A8DED48
:104F6000020A0598002800F01181FFE706980090DA
:104F700048B1FFE70098012865D0FFE700980228B4
:104F800000F08380A3E044F20040C5F60200006810
:104F900000F020010020B0EB511F31D0FFE744F2B8
:104FA0000040C5F602000068C0F3C10149F20000EC
:104FB000C0F2D030C84003909DED030AB8EE400A1D
:104FC0009DED051AB8EE411A80EE010A44F2404008
:104FD000C5F6020000686FF35F2001EE100AB8EE1C
:104FE000411A9DED022A9FED6F3A02EE031AB7EEC9
:104FF000002A31EE021A20EE010A8DED010A21E0AD
:105000009DED050AB8EE401A9FED680A80EE010A90
:1050100044F24040C5F6020000686FF35F2001EEE5
:10502000100AB8EE411A9DED022A9FED5E3A02EE9B
:10503000031AB7EE002A31EE021A20EE010A8DEDB6
:10504000010AFFE765E09DED050AB8EE401A9FED05
:10505000560A80EE010A44F24040C5F6020000689C
:105060006FF35F2001EE100AB8EE411A9DED022A9F
:105070009FED4C3A02EE031AB7EE002A31EE021A07
:1050800020EE010A8DED010A43E09DED050AB8EE20
:10509000401A9FED430A80EE010A44F24040C5F6F3
:1050A000020000686FF35F2001EE100AB8EE411AAB
:1050B0009DED022A9FED3B3A02EE031AB7EE002A5D
:1050C00031EE021A20EE010A8DED010A21E09DED7C
:1050D000050AB8EE401A9FED340A80EE010A44F248
:1050E0004040C5F6020000686FF35F2001EE100A31
:1050F000B8EE411A9DED022A9FED2A3A02EE031AFC
:10510000B7EE002A31EE021A20EE010A8DED010AF7
:10511000FFE79DED010A44F24040C5F60200016838
:1051200089B2490A01EE101AB8EE411AB7EE002A08
:1051300031EE021A80EE010A0799BCEEC00A81ED39
:10514000000A9DED010A0168C1F3064101EE101A43
:10515000B8EE411A31EE021A80EE010A0799BCEE50
:10516000C00A81ED010A9DED010A0068C0F30660E6
:1051700001EE100AB8EE411A31EE021A80EE010A71
:105180000798BCEEC00A80ED020A07E007990020EC
:1051900008600799486007998860FFE708B0704782
:1051A000001BB74B000000390024744A0024744CE3
:1051B00080B59AB0189000208DF857008DF85600F1
:1051C0001898C0780007002848D5FFE71898406E67
:1051D000149078B1FFE71498B0F5801F13D0FFE763
:1051E0001498B0F5001F16D0FFE71498B0F5401FD3
:1051F00019D019E044F22C41C5F60201086840F4C8
:105200000030086014E018980830022104F000FD16
:105210008DF857000CE018982830022104F0E0FDCA
:105220008DF8570004E003E001208DF85700FFE7F8
:105230009DF8570060B9FFE744F25041C5F60201FE
:10524000086820F44010189A526E1043086004E079
:105250009DF857008DF85600FFE7FFE71898407853
:10526000C007002840D0FFE71898806D13900428ED
:1052700020D81399DFE801F0030C141C1D0044F240
:105280002C41C5F60201086840F40030086015E0C2
:1052900018980830002104F0BBFC8DF857000DE091
:1052A00018982830002104F09BFD8DF8570005E088
:1052B00004E003E001208DF85700FFE79DF8570058
:1052C00060B9FFE744F25041C5F60201086820F0DA
:1052D0000700189A926D1043086004E09DF857008B
:1052E0008DF85600FFE7FFE7189840784007002840
:1052F00056D5FFE71898D0F8A4001290C8B1FFE780
:105300001298B0F5001F1DD0FFE71298B0F5800F7E
:1053100020D0FFE71298B0F5C00F23D0FFE7129816
:10532000B0F5000F1FD0FFE71298B0F5200F1BD08B
:105330001BE044F22C41C5F60201086840F400303D
:10534000086016E018980830002104F061FC8DF820
:1053500057000EE018982830002104F041FD8DF828
:10536000570006E005E004E003E001208DF8570057
:10537000FFE79DF8570068B9FFE744F25841C5F6CA
:105380000201086820F46000189AD2F8A4201043A3
:10539000086004E09DF857008DF85600FFE7FFE72E
:1053A000189840780007002856D5FFE71898D0F8DD
:1053B000A8001190C8B1FFE71198B0F1807F1DD00F
:1053C000FFE71198B0F1007F20D0FFE71198B0F10E
:1053D000407F23D0FFE71198B0F1806F1FD0FFE727
:1053E0001198B0F1A06F1BD01BE044F22C41C5F620
:1053F0000201086840F40030086016E01898083090
:10540000002104F005FC8DF857000EE018982830B4
:10541000002104F0E5FC8DF8570006E005E004E00B
:1054200003E001208DF85700FFE79DF8570068B9A9
:10543000FFE744F25841C5F60201086820F0E06039
:10544000189AD2F8A8201043086004E09DF857008D
:105450008DF85600FFE7FFE71898C078800700280E
:105460003ED5FFE71898C06C1090F0B1FFE7109898
:10547000102808D0FFE7109820280DD0FFE71098DB
:10548000302811D012E044F22C41C5F60201086820
:1054900040F4003008600DE018980830022104F054
:1054A000B7FB8DF8570005E004E003E001208DF81C
:1054B0005700FFE79DF8570060B9FFE744F24C4101
:1054C000C5F60201086820F03000189AD26C10432B
:1054D000086004E09DF857008DF85600FFE7FFE7ED
:1054E00018984078C00600284ED5FFE71898C06D80
:1054F0000F90A0B1FFE70F98B0F5805F18D0FFE7DD
:105500000F98B0F5005F1BD0FFE70F98B0F5405F34
:105510001ED0FFE70F98B0F5804F1AD01AE044F282
:105520002C41C5F60201086840F40030086015E01F
:1055300018980830002104F06BFB8DF857000DE03F
:1055400018982830002104F04BFC8DF8570005E036
:1055500004E003E001208DF85700FFE79DF85700B5
:1055600060B9FFE744F25041C5F60201086820F433
:10557000E040189AD26D1043086004E09DF857008F
:105580008DF85600FFE7FFE718984078800600285E
:105590004CD5FFE71898006E0E90C8B1FFE70E9843
:1055A000B0F5803F15D0FFE70E98B0F5003F18D05A
:1055B000FFE70E98B0F5403F1BD0FFE70E98B0F51F
:1055C000802F17D0FFE70E98B0F5A02F13D013E06F
:1055D00016E018980830012104F01AFB8DF85700E6
:1055E0000EE018982830012104F0FAFB8DF85700DE
:1055F00006E005E004E003E001208DF85700FFE736
:105600009DF8570060B9FFE744F25041C5F602012A
:10561000086820F4E020189A126E1043086004E035
:105620009DF857008DF85600FFE7FFE7189840787F
:10563000400600284ED5FFE71898D0F8AC000D9032
:10564000C8B1FFE70D98B0F1805F15D0FFE70D9866
:10565000B0F1005F18D0FFE70D98B0F1405F1BD0AC
:10566000FFE70D98B0F1804F17D0FFE70D98B0F12C
:10567000A04F13D013E016E018980830012104F071
:10568000C7FA8DF857000EE018982830012104F071
:10569000A7FB8DF8570006E005E004E003E00120D9
:1056A0008DF85700FFE79DF8570068B9FFE744F20F
:1056B0005841C5F60201086820F0E040189AD2F877
:1056C000AC201043086004E09DF857008DF85600A8
:1056D000FFE7FFE718984078000600283BD5FFE772
:1056E0001898C06E0C90D8B1FFE70C98B0F1805FAD
:1056F00005D0FFE70C98B0F1005F09D011E044F24B
:105700002C41C5F60201086840F4003008600CE046
:1057100018980830012104F07BFA8DF8570004E056
:1057200003E001208DF85700FFE79DF8570060B9AE
:10573000FFE744F25041C5F60201086820F04050EE
:10574000189AD26E1043086004E09DF857008DF857
:105750005600FFE7FFE71898C078C007002837D049
:10576000FFE71898806C0B90032817D80B99DFE897
:1057700001F014020B1344F22C41C5F60201086833
:1057800040F4003008600DE018980830022104F061
:105790003FFA8DF8570005E004E003E001208DF8A2
:1057A0005700FFE79DF8570060B9FFE744F24C410E
:1057B000C5F60201086820F00300189A926C1043A5
:1057C000086004E09DF857008DF85600FFE7FFE7FA
:1057D000189880784006002840F1B480FFE744F62E
:1057E0000001C5F60201086840F480700860FFF708
:1057F00003F91690FFE744F60000C5F602000068C2
:10580000C00500280CD4FFE7FFF7F6F81699401AF8
:10581000652804D3FFE703208DF8570000E0EAE78E
:105820009DF85700002840F08780FFE744F2704061
:10583000C5F60200006800F440701899D1F8B01065
:1058400001F44071884213D0FFE744F27041C5F67D
:105850000201086820F440701790086840F4803016
:105860000860086820F48030086017980860FFE737
:105870001898D0F8B000B0F5807F1FD1FFE7FFF790
:10588000BBF81690FFE744F27040C5F602000068CE
:1058900000F002010020B0EB510F0ED1FFE7FFF73F
:1058A000ABF81699401A41F28931884204D3FFE7D8
:1058B00003208DF8570000E0E5E7FFE79DF857006B
:1058C000A0BBFFE7FFE71898D0F8B00000F44070E5
:1058D000B0F5407F13D1FFE744F21041C5F6020155
:1058E000086820F47C50189AD2F8B0204FF6F043A4
:1058F000C0F6FF731A4040EA1210086008E044F254
:105900001041C5F60201086820F47C500860FFE7EA
:105910001898D0F8B0206FF31F3244F27041C5F6EA
:105920000201086810430860FFE704E09DF8570093
:105930008DF85600FFE704E09DF857008DF85600FB
:10594000FFE7FFE718980068C007002800F04C80C8
:10595000FFE71898806F0A9028282BD80A99DFE86B
:1059600001F015292929292929291629292929292F
:1059700029291E29292929292929262929292929A5
:1059800029292729292929292929280016E01898B1
:105990000830012104F03CF98DF857000EE018980A
:1059A0002830012104F01CFA8DF8570006E005E0CC
:1059B00004E003E001208DF85700FFE79DF8570051
:1059C00060B9FFE744F25441C5F60201086820F0CF
:1059D0003800189A926F1043086004E09DF8570051
:1059E0008DF85600FFE7FFE7189800788007002839
:1059F00039D5FFE71898406F0990052819D80999FB
:105A0000DFE801F003040C14151616E018980830AE
:105A1000012104F0FDF88DF857000EE018982830A9
:105A2000012104F0DDF98DF8570006E005E004E0FF
:105A300003E001208DF85700FFE79DF8570060B99B
:105A4000FFE744F25441C5F60201086820F0070060
:105A5000189A526F1043086004E09DF857008DF8C3
:105A60005600FFE7FFE718980078400700283BD56D
:105A7000FFE71898D0F890000890052819D80899E1
:105A8000DFE801F003040C14151616E0189808302E
:105A9000012104F0BDF88DF857000EE01898283069
:105AA000012104F09DF98DF8570006E005E004E0BF
:105AB00003E001208DF85700FFE79DF8570068B913
:105AC000FFE744F25841C5F60201086820F00700DC
:105AD000189AD2F890201043086004E09DF857000F
:105AE0008DF85600FFE7FFE7189800788006002839
:105AF0004ED5FFE71898D0F88C000790C8B1FFE7A3
:105B00000798B0F1805F15D0FFE70798B0F1005F0C
:105B100018D0FFE70798B0F1405F1BD0FFE7079868
:105B2000B0F1804F17D0FFE70798B0F1A04F13D026
:105B300013E016E018980830002104F069F88DF899
:105B400057000EE018982830022104F049F98DF82A
:105B5000570006E005E004E003E001208DF857005F
:105B6000FFE79DF8570068B9FFE744F25441C5F6D6
:105B70000201086820F0E040189AD2F88C20104307
:105B8000086004E09DF857008DF85600FFE7FFE736
:105B900018980078400600284ED5FFE71898D0F8EE
:105BA00098000690C8B1FFE70698B0F5806F15D051
:105BB000FFE70698B0F5006F18D0FFE70698B0F53C
:105BC000406F1BD0FFE70698B0F5805F17D0FFE766
:105BD0000698B0F5A05F13D013E016E018980830CF
:105BE000002104F015F88DF857000EE018982830C1
:105BF000022104F0F5F88DF8570006E005E004E016
:105C000003E001208DF85700FFE79DF8570068B9C1
:105C1000FFE744F25841C5F60201086820F4E0505D
:105C2000189AD2F898201043086004E09DF85700B5
:105C30008DF85600FFE7FFE7189800780006002867
:105C40004ED5FFE71898D0F89C000590C8B1FFE743
:105C50000598B0F5005F15D0FFE70598B0F5804FC7
:105C600018D0FFE70598B0F5C04F1BD0FFE70598A7
:105C7000B0F5004F17D0FFE70598B0F5204F13D0CF
:105C800013E016E018980830002103F0C1FF8DF8EA
:105C900057000EE018982830022104F0A1F88DF882
:105CA000570006E005E004E003E001208DF857000E
:105CB000FFE79DF8570068B9FFE744F25841C5F681
:105CC0000201086820F46040189AD2F89C20104322
:105CD000086004E09DF857008DF85600FFE7FFE7E5
:105CE000189800780007002820D5FFE71898D0F80A
:105CF0008000B0F5805F0CD1FFE7189828300221B2
:105D000004F06EF820B1FFE701208DF85600FFE7A0
:105D1000FFE744F25441C5F60201086820F4405000
:105D2000189AD2F8802010430860FFE7189800788E
:105D3000C006002820D5FFE71898D0F89400B0F5E9
:105D4000807F0CD1FFE718982830022104F048F832
:105D500020B1FFE701208DF85600FFE7FFE744F28E
:105D60005841C5F60201086820F44070189AD2F82C
:105D7000942010430860FFE71898807800070028F7
:105D80003CD5FFE71898D0F8A000049050B1FFE789
:105D90000498B0F5803F0DD0FFE70498B0F5003FC0
:105DA00010D010E018980830002103F031FF8DF872
:105DB00057000CE018982830022104F011F88DF8F3
:105DC000570004E003E001208DF85700FFE79DF83D
:105DD000570068B9FFE744F25841C5F60201086868
:105DE00020F44030189AD2F8A0201043086004E054
:105DF0009DF857008DF85600FFE7FFE71898807868
:105E0000400700283FD5FFE71898D0F8840003909A
:105E1000B0F5801F0AD0FFE70398B0F5001F0ED041
:105E2000FFE70398B0F5401F11D011E044F22C4178
:105E3000C5F60201086840F4003008600CE01898CC
:105E40002830012103F0CCFF8DF8570004E003E077
:105E500001208DF85700FFE79DF8570068B9FFE76C
:105E600044F25441C5F60201086820F44010189A23
:105E7000D2F884201043086004E09DF857008DF8A4
:105E80005600FFE7FFE718988078C007A8B3FFE740
:105E90001898006D029028B1FFE70298B0F5803F96
:105EA00009D010E044F22C41C5F60201086840F424
:105EB000003008600BE018980830022103F0A8FEBB
:105EC0008DF8570003E001208DF85700FFE79DF89B
:105ED000570060B9FFE744F24C41C5F6020108687B
:105EE00020F48030189A126D1043086004E09DF889
:105EF00057008DF85600FFE7FFE71898C078800636
:105F000000280CD5FFE718982830022103F068FF1D
:105F100020B1FFE701208DF85600FFE7FFE7189852
:105F20008078800700283AD5FFE71898C06F019065
:105F3000D0B1FFE70198B0F5807F0AD0FFE7019864
:105F4000B0F5007F0ED0FFE70198B0F5407F0AD092
:105F50000BE044F22C41C5F60201086840F4003021
:105F6000086006E005E004E003E001208DF857003A
:105F7000FFE79DF8570060B9FFE744F25441C5F6CA
:105F80000201086820F44070189AD26F104308602C
:105F900004E09DF857008DF85600FFE7FFE71898DA
:105FA0008078C00600280CD5FFE744F25041C5F6C2
:105FB0000201086820F00040189A126F1043086030
:105FC000FFE718988078800600280CD5FFE744F298
:105FD0005041C5F60201086820F08070189A926E50
:105FE00010430860FFE71898C0784006002811D5D4
:105FF000FFE7FFE744F21041C5F60201086820F40C
:10600000004008601898D0F8B42008681043086071
:10601000FFE7FFE71898C078000600280CD5FFE7D7
:1060200044F24C41C5F60201086820F04050189A2D
:10603000526D10430860FFE718988078000600282A
:106040000DD5FFE744F25441C5F60201086820F47B
:106050004000189AD2F8882010430860FFE718988B
:106060000079C00790B1FFE718980830002103F0CD
:10607000CFFD8DF857009DF8570008B9FFE704E001
:106080009DF857008DF85600FFE7FFE71898007954
:106090008007002812D5FFE718980830012103F087
:1060A000B7FD8DF857009DF8570008B9FFE704E0E9
:1060B0009DF857008DF85600FFE7FFE71898007924
:1060C0004007002812D5FFE718980830022103F096
:1060D0009FFD8DF857009DF8570008B9FFE704E0D1
:1060E0009DF857008DF85600FFE7FFE718980079F4
:1060F0000007002812D5FFE718982830002103F088
:106100006FFE8DF857009DF8570008B9FFE704E0CF
:106110009DF857008DF85600FFE7FFE718980079C3
:10612000C006002812D5FFE718982830012103F097
:1061300057FE8DF857009DF8570008B9FFE704E0B7
:106140009DF857008DF85600FFE7FFE71898007993
:106150008006002812D5FFE718982830022103F0A6
:106160003FFE8DF857009DF8570008B9FFE704E09F
:106170009DF857008DF85600FFE7FFE79DF85600A1
:1061800020B9FFE700208DF8670003E001208DF8BB
:106190006700FFE79DF867001AB080BD00000000AF
:1061A00080B586B004900391049820B9FFE70120E0
:1061B0008DF817003CE2039842F20001C5F200217D
:1061C000096801F00F01884216D9FFE742F200008A
:1061D000C5F20020016821F00F01039A114301600C
:1061E000006800F00F000399884204D0FFE7012007
:1061F0008DF817001CE2FFE704980078400700289C
:1062000019D5FFE70498006944F21841C5F6020168
:10621000096801F0700188420CD9FFE744F2184187
:10622000C5F60201086820F07000049A1269104354
:106230000860FFE7FFE7049800780007002819D5F9
:10624000FFE70498406944F21C41C5F60201096861
:1062500001F0700188420CD9FFE744F21C41C5F6F9
:106260000201086820F07000049A52691043086027
:10627000FFE7FFE704980078C006002819D5FFE77C
:106280000498806944F21C41C5F60201096801F4D2
:10629000E06188420CD9FFE744F21C41C5F60201D7
:1062A000086820F4E060049A926910430860FFE7F0
:1062B000FFE7049800788006002819D5FFE70498C6
:1062C000C06944F22041C5F60201096801F070017D
:1062D00088420CD9FFE744F22041C5F60201086864
:1062E00020F07000049AD26910430860FFE7FFE7CE
:1062F000049800788007002819D5FFE70498C06843
:1063000044F21841C5F60201096801F00F01884204
:106310000CD9FFE744F21841C5F60201086820F0E5
:106320000F00049AD26810430860FFE7FFE7049863
:106330000078C007002800F08C80FFE744F2184185
:10634000C5F60201086820F47060049A9268104350
:10635000086004984068022811D1FFE744F2004029
:10636000C5F60200006800F400310020B0EB514F88
:1063700004D1FFE701208DF8170059E13EE00498B1
:106380004068032811D1FFE744F20040C5F602003F
:10639000006800F000710020B0EB516F04D1FFE7FE
:1063A00001208DF8170043E127E004984068012898
:1063B00011D1FFE744F20040C5F60200006800F486
:1063C00080710020B0EB112F04D1FFE701208DF880
:1063D00017002DE110E044F20040C5F6020000680D
:1063E00000F004010020B0EB910F04D1FFE7012081
:1063F0008DF817001CE1FFE7FFE7FFE744F21041CB
:10640000C5F60201086820F00700049A526810439C
:106410000860FEF7F1FA0190FFE744F21040C5F67C
:106420000200006800F0380004994968B0EBC10F21
:106430000ED0FFE7FEF7E0FA0199401A41F28931E8
:10644000884204D3FFE703208DF81700F0E0E4E76B
:10645000FFE7049800788007002819D5FFE7049823
:10646000C06844F21841C5F60201096801F00F0145
:1064700088420CD2FFE744F21841C5F602010868D1
:1064800020F00F00049AD26810430860FFE7FFE78E
:10649000039842F20001C5F20021096801F00F01E2
:1064A000884216D2FFE742F20000C5F200200168E0
:1064B00021F00F01039A11430160006800F00F0002
:1064C0000399884204D0FFE701208DF81700AFE060
:1064D000FFE7049800784007002819D5FFE70498E3
:1064E000006944F21841C5F60201096801F0700123
:1064F00088420CD2FFE744F21841C5F60201086851
:1065000020F07000049A126910430860FFE7FFE76B
:10651000049800780007002819D5FFE7049840691F
:1065200044F21C41C5F60201096801F0700188427D
:106530000CD2FFE744F21C41C5F60201086820F0C6
:106540007000049A526910430860FFE7FFE704985F
:106550000078C006002819D5FFE70498806944F246
:106560001C41C5F60201096801F4E06188420CD2C1
:10657000FFE744F21C41C5F60201086820F4E06020
:10658000049A926910430860FFE7FFE704980078D7
:106590008006002819D5FFE70498C06944F220411D
:1065A000C5F60201096801F0700188420CD2FFE7CC
:1065B00044F22041C5F60201086820F07000049AF8
:1065C000D26910430860FFE7FFE700F089F844F262
:1065D0001842C5F602021168C1F303234FF67C513D
:1065E000C0F60001CB5C03F01F03D8400090009878
:1065F000126802F00F02895C01F01F01C84040F2EE
:106600000401C2F200410860009840F20001C2F2A9
:106610000041086040F21400C2F200400068FEF73A
:1066200043FA8DF80B009DF80B008DF81700FFE77B
:106630009DF8170006B080BD80B582B000F050F81C
:1066400044F21842C5F602021168C1F303234FF663
:106650007C51C0F60001CB5C03F01F03D8400190D1
:106660000198126802F00F02895C01F01F0120FA04
:1066700001F140F20400C2F200400160019940F2D1
:106680000002C2F200421160006802B080BD00004A
:1066900080B5FFF7D1FF44F21C41C5F6020109683D
:1066A000C1F302124FF67C51C0F60001895C01F083
:1066B0001F01C84080BD000080B5FFF7BDFF44F258
:1066C0001C41C5F602010968C1F302224FF67C5154
:1066D000C0F60001895C01F01F01C84080BD0000C8
:1066E0008AB044F21040C5F60200006800F038009D
:1066F00001460191182800F25F810199DFE811F04D
:1067000019005C015C015C015C015C015C015C01E5
:106710003A005C015C015C015C015C015C015C01B4
:1067200040005C015C015C015C015C015C015C019E
:10673000460044F20040C5F60200006800F0200167
:106740000020B0EB511F0ED0FFE744F20040C5F629
:1067500002000068C0F3C10149F20000C0F2D0306D
:10676000C840029005E049F20000C0F2D03002902B
:10677000FFE727E140F60010C0F23D00029021E162
:1067800043F20060C0F26E1002901BE144F2284018
:10679000C5F60200016801F0030108910068C0F32A
:1067A0000510079044F22C40C5F60200006800F086
:1067B00001000690069844F23441C5F602010968CA
:1067C00089B2C908484300EE100AB8EE400A8DEDC0
:1067D000040A0798002800F0EB80FFE70898009073
:1067E00048B1FFE70098012865D0FFE7009802282C
:1067F00000F08380A3E044F20040C5F60200006888
:1068000000F020010020B0EB511F31D0FFE744F22F
:106810000040C5F602000068C0F3C10149F2000063
:10682000C0F2D030C84005909DED050AB8EE400A90
:106830009DED071AB8EE411A80EE010A44F230408D
:10684000C5F6020000686FF35F2001EE100AB8EE93
:10685000411A9DED042A9FED5E3A02EE031AB7EE4F
:10686000002A31EE021A20EE010A8DED030A21E022
:106870009DED070AB8EE401A9FED570A80EE010A17
:1068800044F23040C5F6020000686FF35F2001EE6D
:10689000100AB8EE411A9DED042A9FED4D3A02EE22
:1068A000031AB7EE002A31EE021A20EE010A8DED2E
:1068B000030AFFE765E09DED070AB8EE401A9FED79
:1068C000450A80EE010A44F23040C5F60200006835
:1068D0006FF35F2001EE100AB8EE411A9DED042A15
:1068E0009FED3B3A02EE031AB7EE002A31EE021A90
:1068F00020EE010A8DED030A43E09DED070AB8EE94
:10690000401A9FED320A80EE010A44F23040C5F68B
:10691000020000686FF35F2001EE100AB8EE411A22
:106920009DED042A9FED2A3A02EE031AB7EE002AE3
:1069300031EE021A20EE010A8DED030A21E09DEDF1
:10694000070AB8EE401A9FED230A80EE010A44F2CE
:106950003040C5F6020000686FF35F2001EE100AB8
:10696000B8EE411A9DED042A9FED193A02EE031A82
:10697000B7EE002A31EE021A20EE010A8DED030A6D
:10698000FFE744F23040C5F60200006881B2012002
:1069900000EB512009909DED030A9DED091AB8EE18
:1069A000411A80EE010ABCEEC00A8DED020A02E037
:1069B00000200290FFE705E040F60010C0F23D0025
:1069C0000290FFE702980AB0704700BF001BB74B68
:1069D000000000390024744A0024744C00000000B8
:1069E00080B58CB00A900A9828B9FFE701208DF88D
:1069F0002F0000F001BD0A980078C007002800F0C1
:106A0000B980FFE744F21040C5F60200006800F0CC
:106A10003800069044F22840C5F602000068059050
:106A2000069810280AD0FFE7069818281CD1FFE71F
:106A3000059800F00300022816D1FFE744F2004059
:106A4000C5F60200006800F400310020B0EB514FA1
:106A500009D0FFE70A98406828B9FFE701208DF8C0
:106A60002F0000F0C9BC84E0FFE70A984068B0F549
:106A7000803F09D1FFE744F20041C5F602010868F2
:106A800040F48030086032E00A98406868B9FFE757
:106A900044F20041C5F60201086820F48030086025
:106AA000086820F48020086020E00A984068B0F56B
:106AB000A02F0DD1FFE744F20041C5F6020108689E
:106AC00040F480200860086840F4803008600CE0E2
:106AD00044F20041C5F60201086820F480300860E5
:106AE000086820F480200860FFE7FFE7FFE7FFE782
:106AF0000A984068F0B1FFE7FDF77EFF0990FFE7D5
:106B000044F20040C5F60200006800F400310020A5
:106B1000B0EB514F0DD1FFE7FDF76EFF0999401A19
:106B2000652805D3FFE703208DF82F0000F064BC33
:106B3000E6E71DE0FDF760FF0990FFE744F2004043
:106B4000C5F60200006800F400310020B0EB514FA0
:106B50000DD0FFE7FDF750FF0999401A652805D3CE
:106B6000FFE703208DF82F0000F046BCE6E7FFE7C3
:106B7000FFE7FFE70A9800788007002840F1C5800A
:106B8000FFE744F21040C5F60200006800F038004C
:106B9000049044F22840C5F602000068039004986F
:106BA00050B1FFE70498182850D1FFE79DF80C007A
:106BB000800700284AD1FFE744F20040C5F60200F2
:106BC000006800F004010020B0EB910F09D0FFE74E
:106BD0000A98C06828B9FFE701208DF82F0000F05F
:106BE0000BBC44F20041C5F60201086820F0190010
:106BF0000A9AD26810430860FDF7FEFE0990FFE78D
:106C000044F20040C5F60200006800F004010020D4
:106C1000B0EB910F0CD1FFE7FDF7EEFE0999401A9A
:106C2000032804D3FFE703208DF82F00E4E3E7E710
:106C300044F20441C5F60201086820F0FE400A9AB9
:106C4000126940EA02600860FFE75DE00A98C068E8
:106C5000A0B3FFE744F20041C5F60201086820F046
:106C600019000A9AD26810430860FDF7C5FE099022
:106C7000FFE744F20040C5F60200006800F004019E
:106C80000020B0EB910F0CD1FFE7FDF7B5FE09999D
:106C9000401A032804D3FFE703208DF82F00ABE34D
:106CA000E7E744F20441C5F60201086820F0FE401F
:106CB0000A9A126940EA0260086024E044F2004146
:106CC000C5F60201086820F001000860FDF794FE97
:106CD0000990FFE744F20040C5F60200006800F0AA
:106CE00004010020B0EB910F0CD0FFE7FDF784FE0C
:106CF0000999401A032804D3FFE703208DF82F00D9
:106D00007AE3E7E7FFE7FFE7FFE70A980078C006C6
:106D1000002840F1A080FFE744F21040C5F60200D1
:106D2000006800F03800029044F22840C5F60200E6
:106D300000680190029808280AD0FFE702981828F6
:106D40002BD1FFE7019800F00300012825D1FFE7D0
:106D500044F20040C5F60200006800F48071002093
:106D6000B0EB112F09D0FFE70A98C069802804D042
:106D7000FFE701208DF82F003EE3FFE744F20C41CE
:106D8000C5F60201086820F07C500A9A126A40EAAF
:106D900002600860FFE7FFE75CE00A98C06998B30B
:106DA000FFE744F20041C5F60201086840F08000A8
:106DB0000860FDF721FE0990FFE744F20040C5F6A8
:106DC0000200006800F480710020B0EB112F0CD19C
:106DD000FFE7FDF711FE0999401A032804D3FFE7E6
:106DE00003208DF82F0007E3E7E7FFE744F20C41AB
:106DF000C5F60201086820F07C500A9A126A40EA3F
:106E000002600860FFE724E044F20041C5F6020199
:106E1000086820F080000860FDF7EEFD0990FFE7AC
:106E200044F20040C5F60200006800F480710020C2
:106E3000B0EB112F0CD0FFE7FDF7DEFD0999401AEA
:106E4000032804D3FFE703208DF82F00D4E2E7E7FF
:106E5000FFE7FFE7FFE70A980078000700284FD513
:106E6000FFE70A98406928B3FFE744F27441C5F68A
:106E70000201086840F001000860FDF7BDFD0990BF
:106E8000FFE744F27440C5F60200006800F002011A
:106E90000020B0EB510F0CD1FFE7FDF7ADFD0999D4
:106EA000401A032804D3FFE703208DF82F00A3E244
:106EB000E7E724E044F27441C5F60201086820F0D7
:106EC00001000860FDF798FD0990FFE744F2744067
:106ED000C5F60200006800F002010020B0EB510F7F
:106EE0000CD0FFE7FDF788FD0999401A032804D369
:106EF000FFE703208DF82F007EE2E7E7FFE7FFE7DB
:106F00000A980078800600284FD5FFE70A98806924
:106F100028B3FFE744F20041C5F60201086840F4D7
:106F200080500860FDF768FD0990FFE744F20040DB
:106F3000C5F60200006800F400510020B0EB513F9C
:106F40000CD1FFE7FDF758FD0999401A032804D337
:106F5000FFE703208DF82F004EE2E7E724E044F23C
:106F60000041C5F60201086820F480500860FDF772
:106F700043FD0990FFE744F20040C5F602000068B7
:106F800000F400510020B0EB513F0CD0FFE7FDF7BB
:106F900033FD0999401A032804D3FFE703208DF835
:106FA0002F0029E2E7E7FFE7FFE70A9800784007AC
:106FB000002840F1A780FFE744F60001C5F6020172
:106FC000086840F480700860FDF716FD0990FFE73F
:106FD00044F60000C5F602000068C00500280CD485
:106FE000FFE7FDF709FD0999401A652804D3FFE77B
:106FF00003208DF82F00FFE1EAE7FFE70A98806899
:10700000012809D1FFE744F27041C5F60201086882
:1070100040F00100086031E00A98806868B9FFE735
:1070200044F27041C5F60201086820F001000860D2
:10703000086820F0040008601FE00A9880680528AE
:107040000DD1FFE744F27041C5F60201086840F037
:1070500004000860086840F0010008600CE044F299
:107060007041C5F60201086820F001000860086858
:1070700020F004000860FFE7FFE7FFE7FFE70A985A
:107080008068F8B1FFE7FDF7B7FC0990FFE744F22D
:107090007040C5F60200006800F002010020B0EB6D
:1070A000510F0ED1FFE7FDF7A7FC0999401A41F2F5
:1070B0008931884204D3FFE703208DF82F009BE13C
:1070C000E5E71EE0FDF798FC0990FFE744F2704009
:1070D000C5F60200006800F002010020B0EB510F7D
:1070E0000ED0FFE7FDF788FC0999401A41F289317B
:1070F000884204D3FFE703208DF82F007CE1E5E709
:10710000FFE7FFE70A98406A002800F07181FFE777
:1071100044F21040C5F60200006800F0380018285C
:1071200000F0E080FFE70A98406A022840F0B4804F
:10713000FFE744F20041C5F60201086820F08070C4
:107140000860FDF759FC0990FFE744F20040C5F6DE
:107150000200006800F000710020B0EB516F0CD00D
:10716000FFE7FDF749FC0999401A032804D3FFE71C
:1071700003208DF82F003FE1E7E7FFE744F22841C5
:10718000C5F60201086840F2F33290430A9B9A6AFE
:10719000DB6A42EA0312104308600A99086BD1F8CF
:1071A00034C08B6BCA6B01386FF35F204FF6006100
:1071B000CFF6FF7101EB4C2189B208440021CFF6D4
:1071C000FF7101EB034101F4FE0108444FF07F41E0
:1071D00001EB026101F0FE41084444F23041C5F682
:1071E00002010860FFE744F22C41C5F6020100915C
:1071F000086820F00100086044F23442C5F602023B
:1072000010684FF6F87398430A9B9B6C40EAC300E2
:107210001060086820F00C000A9A126C1043086095
:10722000086820F002000A9A526C1043086008684F
:1072300040F480300860086840F400300860086856
:1072400040F480200860086840F00100086044F2C3
:107250000041C5F60201086840F080700860FDF743
:10726000CBFB0990FFE744F20040C5F6020000683E
:1072700000F000710020B0EB516F0CD1FFE7FDF77B
:10728000BBFB0999401A032804D3FFE703208DF8BC
:107290002F00B1E0E7E724E044F20041C5F6020127
:1072A000086820F080700860FDF7A6FB0990FFE7F2
:1072B00044F20040C5F60200006800F000710020B2
:1072C000B0EB516F0CD0FFE7FDF796FB0999401A20
:1072D000032804D3FFE703208DF82F008CE0E7E7B5
:1072E000FFE784E044F22840C5F6020000680890F9
:1072F00044F23040C5F60200006807900A98406AE0
:10730000012837D0FFE7089800F003000A99896A3E
:1073100088422FD1FFE7089800F47C710A98C06A70
:10732000B0EB111F26D1FFE707986FF35F200A9992
:10733000096B013988421DD1FFE7BDF81C100A987E
:10734000406B0138B0EB512F14D1FFE7079800F4E0
:10735000FE010A98806B0138B0EB114F0AD1FFE7AC
:10736000079800F0FE410A98C06B0138B0EB116F2E
:1073700004D0FFE701208DF82F003DE044F23440B7
:10738000C5F60200006880B2C00808900A98806CB8
:107390000899884229D0FFE744F22C41C5F6020142
:1073A000086820F001000860FDF726FB0990FFE760
:1073B000FDF722FB0999401A08B9FFE7F8E744F204
:1073C0003441C5F6020108684FF6F87290430A9AF4
:1073D000926C40EAC200086044F22C41C5F60201FA
:1073E000086840F001000860FFE7FFE7FFE7FFE7FC
:1073F00000208DF82F00FFE79DF82F000CB080BD16
:1074000080B586B00490039102920193049820B94C
:10741000FFE701208DF8170056E00498D0F88800A7
:1074200040B9FFE70499002081F88400049801F036
:1074300027FEFFE704992420C1F88800049801681A
:10744000086820F0010008600498806A20B1FFE716
:10745000049803F071FAFFE7049804F01DFB01287B
:1074600004D1FFE701208DF817002DE00498016892
:10747000886840F48040886004980068806820F440
:107480000040039908430499096888600298400500
:1074900000900199009840EA01400090049800682B
:1074A00000686FF31940009908430499096808605F
:1074B00004980168086840F001000860049803F02F
:1074C000DFFA8DF81700FFE79DF8170006B080BDC2
:1074D00080B586B00490049820B9FFE701208DF8AC
:1074E00017003AE10498406A08B9FFE7FFE70499FA
:1074F000002088620498006843F20001C4F2010190
:1075000088421BD0FFE70498006843F60001C4F2EC
:107510000001884212D0FFE70498006843F600415A
:10752000C4F20001884209D0FFE70498C06810281F
:1075300004D3FFE701208DF817000EE1049802F054
:10754000C3FD02900498006843F20001C4F20101F7
:10755000884216D0FFE70498006843F60001C4F2A1
:10756000000188420DD0FFE70498006843F600410F
:10757000C4F20001884204D0FFE7029808281FD80F
:10758000FFE70498006843F20001C4F20101884259
:1075900012D0FFE70498006843F60001C4F200012E
:1075A000884209D0FFE70498006843F60041C4F21E
:1075B0000001884208D1FFE70298112804D3FFE7B1
:1075C00001208DF81700C8E0049890F8810040B9B8
:1075D000FFE70499002081F88000049800F0C4F8C7
:1075E000FFE70499022081F8810004980168086887
:1075F00020F00100086004980068806800F4F8102A
:10760000039004988069B0F1806F1BD1FFE7049864
:107610004068B0F5800F04D1FFE70498806B50B14B
:10762000FFE70498406868B9FFE70498806BB0F101
:10763000805F07D1FFE704980168086840F4805034
:107640000860FFE7049880794006002810D5FFE71E
:107650000498C06807280BD3FFE704980068006807
:1076600020F48070049A1168126D1043086006E0DF
:1076700004980168086820F480700860FFE7049BA4
:107680001968DA68D869D3F828C040EA0C00DDF838
:107690000CC040EA0C00DB6B184310438860049A6E
:1076A0000192506B516A0843916B084391690843FA
:1076B0001168D2F804C09368D2F810E040EA0E00D6
:1076C000D2F814E040EA0E00D2F820E040EA0E00C2
:1076D00040EA0C00D2F84CC040EA0C001843936C0E
:1076E0001843926D1043C8600498406898B9FFE74A
:1076F000049800688068012161F3CC20049909682E
:107700008860049800688068022161F34A20049927
:1077100009688860FFE704980168086D20F001009F
:10772000086504988079400600280BD5FFE7049887
:107730000068C06820F00040049A1168526D104340
:10774000C860FFE704990020C1F88400049A012171
:1077500082F881108DF81700FFE79DF8170006B03A
:1077600080BD00000000000080B5B6B0359000205C
:107770003490339032903190309002A8B821F8F7CD
:107780001AFF3598006841F20041C5F600018842B1
:107790003FD1FFE7002003904FF4804002904FF06C
:1077A000A0402D9002A8FDF703FD18B1FFE7F9F7FF
:1077B000AFFDFFE7FFE744F2F440C5F602000168C1
:1077C00041F020010160006800F020000190019864
:1077D000FFE7FFE744F2E040C5F60200016841F030
:1077E00001010160006800F0010000900098FFE7CF
:1077F000A02030900220319000203290032033905E
:10780000082034900020C5F6020030A9FCF7FCFEE9
:10781000FFE736B080BD000080B588B006900591C6
:10782000ADF8122003930698006820300290FDF70F
:10783000E3F80190069890F88100012804D0FFE752
:1078400002208DF81F00D5E1059820B1FFE7BDF8B3
:10785000120020B9FFE701208DF81F00CAE1FFE701
:10786000069890F88000012804D1FFE702208DF8E7
:107870001F00BFE10699012081F88000FFE7FFE7C4
:107880000699032081F8810006990020C1F8840040
:107890000599069AD165BDF81210069AA2F86010F3
:1078A000BDF81210069AA2F8621006994866069969
:1078B000A1F868000699A1F86A0006994867069938
:1078C000086706988068B0F5C02F07D1FFE70698D3
:1078D0000168086840F40060086009E006980068E4
:1078E000C068012161F3524006990968C860FFE74A
:1078F0000698006840684FF6FF718843BDF8121083
:10790000084406990968486006980168086840F0CC
:107910000100086006984068B0F5800F07D1FFE7C6
:1079200006980168086840F400700860FFE7069850
:10793000C068102848D3FFE7FFE70698B0F8620058
:10794000002840D0FFE706980068406980070028BB
:1079500010D5FFE706980168C06D006808620699B7
:10796000C86D0430C8650699B1F862000138A1F805
:10797000620027E0FDF740F80199401A0399884218
:1079800004D3FFE70398013018B9FFE70398C0B9A3
:10799000FFE7069802F00CFB0699D1F8840040F44A
:1079A0008070C1F884000699012081F88100FFE70A
:1079B0000699002081F88000FFE703208DF81F0062
:1079C00018E1FFE7B9E7E8E00698C068082863D344
:1079D000FFE7FFE70698B0F8620000285BD0FFE7FA
:1079E000069800684069800700282BD5FFE70698B5
:1079F000B0F86200022814D3FFE70698C06B80B18C
:107A0000FFE706980168C06D006808620699C86DB6
:107A10000430C8650699B1F862000238A1F8620026
:107A20000FE00698C06D0088029908800699C86D1D
:107A30000230C8650699B1F862000138A1F8620009
:107A4000FFE727E0FCF7D8FF0199401A0399884225
:107A500004D3FFE70398013018B9FFE70398C0B9D2
:107A6000FFE7069802F0A4FA0699D1F8840040F4E2
:107A70008070C1F884000699012081F88100FFE739
:107A80000699002081F88000FFE703208DF81F0091
:107A9000B0E0FFE79EE77FE0FFE70698B0F86200FE
:107AA000002878D0FFE70698006840698007002822
:107AB00048D5FFE70698B0F86200042815D3FFE721
:107AC0000698C06B412810D3FFE706980168C06D87
:107AD000006808620699C86D0430C8650699B1F857
:107AE00062000438A1F862002BE00698B0F862004A
:107AF000022814D3FFE70698C06B80B1FFE7069811
:107B0000C06D0088029908800699C86D0230C8656A
:107B10000699B1F862000238A1F8620010E00698F8
:107B20000168C06D007881F820000699C86D0130A9
:107B3000C8650699B1F862000138A1F86200FFE754
:107B4000FFE727E0FCF758FF0199401A03998842A4
:107B500004D3FFE70398013018B9FFE70398C0B9D1
:107B6000FFE7069802F024FA0699D1F8840040F461
:107B70008070C1F884000699012081F88100FFE738
:107B80000699002081F88000FFE703208DF81F0090
:107B900030E0FFE781E7FFE7FFE70698039B0199E5
:107BA0006A4611600821002202F0A6FA40B1FFE700
:107BB0000699D1F8840040F02000C1F88400FFE766
:107BC000069802F0F5F90699012081F88100FFE797
:107BD0000699002081F88000FFE70698D0F884001D
:107BE00020B1FFE701208DF81F0003E000208DF891
:107BF0001F00FFE79DF81F0008B080BD00000000D7
:107C000080B582B00190019802F0AEFA02B080BD5A
:107C100081B0009001B0704781B0009001B0704712
:107C200081B0009001B0704785B003900291FFE7EA
:107C3000039890F83C00012804D1FFE702208DF85A
:107C40001300ABE00399012081F83C00FFE7FFE758
:107C50000399022081F83D00039800684068019074
:107C60000398006880680090039800680021C4F2BF
:107C70000101884209D0FFE70398006840F2004103
:107C8000C4F2010188420AD1FFE7019820F4700094
:107C9000019002984168019808430190FFE701981C
:107CA00020F070000190029801680198084301904B
:107CB0000198039909684860039800680021C4F29C
:107CC000010188424ED0FFE703980068B0F1804F71
:107CD00048D0FFE70398006840F20041C4F2000179
:107CE00088423FD0FFE70398006840F60001C4F2E5
:107CF0000001884236D0FFE70398006840F6004153
:107D0000C4F2000188422DD0FFE70398006840F2DA
:107D10000041C4F20101884224D0FFE703980068C3
:107D200041F60001C4F2000188421BD0FFE703982E
:107D3000006844F20001C4F20101884212D0FFE75A
:107D4000039800684EF20001C4F20001884209D095
:107D5000FFE7039800684EF20041C4F20001884238
:107D60000ED1FFE7009820F0800000900298816813
:107D70000098084300900098039909688860FFE71D
:107D80000399012081F83D00FFE70399002081F865
:107D90003C00FFE700208DF81300FFE79DF813007B
:107DA00005B070470000000080B582B000900098D8
:107DB00020B9FFE701208DF8070045E0009890F812
:107DC0003D0040B9FFE70099002081F83C00009891
:107DD00000F03EF8FFE70099022081F83D0000998D
:107DE00051F8040B02F078FC0099012081F848005A
:107DF000FFE70099012081F83E00009981F83F00DB
:107E0000009981F84000009981F84100009981F8BB
:107E10004200009981F84300FFE7FFE70099012045
:107E200081F84400009981F84500009981F84600E6
:107E3000009981F84700FFE70099012081F83D0093
:107E400000208DF80700FFE79DF8070002B080BD15
:107E500080B584B003900398006841F20001C4F239
:107E60000001884219D1FFE7FFE744F2E840C5F678
:107E70000200016841F010010160006800F010008C
:107E800002900298FFE73620019003210022FCF7C0
:107E90006FFE0198FCF760FEFFE704B080BD0000B4
:107EA00083B00190019890F83D00012804D0FFE7CD
:107EB00001208DF80B0083E00199022081F83D003C
:107EC00001980168C86840F00100C8600198006826
:107ED0000021C4F2010188424ED0FFE701980068FA
:107EE000B0F1804F48D0FFE70198006840F20041B0
:107EF000C4F2000188423FD0FFE70198006840F6D5
:107F00000001C4F20001884236D0FFE70198006802
:107F100040F60041C4F2000188422DD0FFE70198ED
:107F2000006840F20041C4F20101884224D0FFE71A
:107F30000198006841F60001C4F2000188421BD09C
:107F4000FFE70198006844F20001C4F20101884291
:107F500012D0FFE7019800684EF20001C4F2000160
:107F6000884209D0FFE7019800684EF20041C4F250
:107F70000001884219D1FFE7019800688068072155
:107F8000C0F2010108400090009806280CD0FFE7DD
:107F90000098B0F5803F07D0FFE7019801680868B6
:107FA00040F001000860FFE706E0019801680868FA
:107FB00040F001000860FFE700208DF80B00FFE7AC
:107FC0009DF80B0003B0704781B0009001B070477E
:107FD00080B584B0039003980068C068029003984D
:107FE0000068006901909DF804008007002824D5EE
:107FF000FFE79DF80800800700281DD5FFE70398DC
:1080000001686FF002000861039901200877039866
:1080100000688069800720B1FFE70398FFF7D4FF6D
:1080200006E0039800F0FCF8039800F0FDF8FFE785
:10803000039900200877FFE7FFE79DF80400400759
:10804000002825D5FFE79DF80800400700281ED529
:10805000FFE7039801686FF00400086103990220AC
:10806000087703980068806910F4407F04D0FFE728
:108070000398FFF7A9FF06E0039800F0D1F80398F2
:1080800000F0D2F8FFE7039900200877FFE7FFE749
:108090009DF804000007002824D5FFE79DF808009C
:1080A000000700281DD5FFE7039801686FF008005E
:1080B000086103990420087703980068C069800765
:1080C00020B1FFE70398FFF77FFF06E0039800F079
:1080D000A7F8039800F0A8F8FFE7039900200877B5
:1080E000FFE7FFE79DF80400C006002825D5FFE75D
:1080F0009DF80800C00600281ED5FFE70398016818
:108100006FF0100008610399082008770398006851
:10811000C06910F4407F04D0FFE70398FFF754FFD5
:1081200006E0039800F07CF8039800F07DF8FFE784
:10813000039900200877FFE7FFE79DF80400C007D8
:1081400078B1FFE79DF80800C00748B1FFE7039842
:1081500001686FF001000861039800F069F8FFE71B
:10816000FFE7019800F08000802806D0FFE79DF827
:1081700005008006002810D5FFE79DF808000006DE
:10818000002809D5FFE7039801686FF402500861E1
:108190000398FFF741FDFFE7FFE79DF80500C007E3
:1081A00080B1FFE79DF808000006002809D5FFE729
:1081B000039801686FF4807008610398FFF728FD49
:1081C000FFE7FFE79DF804004006002810D5FFE711
:1081D0009DF808004006002809D5FFE703980168CC
:1081E0006FF040000861039800F056F8FFE7FFE7E2
:1081F0009DF804008006002810D5FFE79DF80800D0
:108200008006002809D5FFE7039801686FF0200079
:1082100008610398FFF704FDFFE7FFE704B080BDA6
:1082200081B0009001B0704781B0009001B07047FC
:1082300080B584B003900398006841F20001C4F255
:108240000001884226D1FFE740F28001C2F20041DE
:108250000191086801300860F8F77AFA40F2840169
:10826000C2F200410860F8F77FFA024601980292D4
:10827000029940F28802C2F20042116000680130A7
:1082800038B9FFE740F28001C2F2004100200860E7
:10829000FFE7FFE704B080BD81B0009001B07047F8
:1082A00083B00190FFE7019890F88400012804D181
:1082B000FFE702208DF80B002CE00199012081F8E6
:1082C0008400FFE7FFE701992420C1F888000198A6
:1082D00000680068009001980168086820F00100BB
:1082E0000860009820F00050009001990020486636
:1082F000009801990968086001992020C1F8880058
:10830000FFE70199002081F88400FFE700208DF845
:108310000B00FFE79DF80B0003B070470000000062
:1083200080B586B004900391ADF80A200498D0F887
:108330008C00202844D1FFE7039820B1FFE7BDF867
:108340000A0020B9FFE701208DF817003CE00499EE
:108350000120C86604990020086704980399BDF8B5
:108360000A2004F0C1F88DF809009DF8090010BB3F
:10837000FFE70498C06E012818D1FFE70498016850
:1083800010200862FFE7FFE70498006850E8000F3C
:1083900040F010000190FFE701990498026842E85C
:1083A00000100028F0D1FFE7FFE703E001208DF87F
:1083B0000900FFE7FFE79DF809008DF8170003E0CB
:1083C00002208DF81700FFE79DF8170006B080BD6A
:1083D00080B586B004900391ADF80A2000208DF896
:1083E00009000498D0F88C0020283DD1FFE70398BD
:1083F00020B1FFE7BDF80A0020B9FFE701208DF8A2
:10840000170035E004990120C86604990020086728
:1084100004980399BDF80A2004F0FEF80498C06E91
:10842000012818D1FFE70498016810200862FFE7CF
:10843000FFE70498006850E8000F40F0100001903A
:10844000FFE701990498026842E800100028F0D183
:10845000FFE7FFE703E001208DF80900FFE79DF843
:1084600009008DF8170003E002208DF81700FFE7E0
:108470009DF8170006B080BD80B582B00190ADF8C0
:108480000210019840F2AC31C2F20041884212D190
:10849000FFE740F2AC30C2F20040026810211162E6
:1084A00002680821116240F28071C2F2004180220C
:1084B000FFF78EFF1FE0019840F2D441C2F2004165
:1084C000884209D1FFE7BDF8021040F2E010C2F285
:1084D000004006F011FD0DE0019840F26851C2F233
:1084E0000041884205D1FFE7BDF8020006F0BCF963
:1084F000FFE7FFE7FFE702B080BD000000000000DB
:1085000081B0009001B0704780B584B002900191B5
:10851000FFE7029890F88400012804D1FFE70220C9
:108520008DF80F0032E00299012081F88400FFE706
:10853000FFE702992420C1F88800029800680068CB
:10854000009002980168086820F001000860029815
:108550000068806820F0606001990843029909680A
:108560008860029802F0A4F90098029909680860EE
:1085700002992020C1F88800FFE70299002081F8C5
:108580008400FFE700208DF80F00FFE79DF80F0043
:1085900004B080BD0000000080B584B0029001915D
:1085A000FFE7029890F88400012804D1FFE7022039
:1085B0008DF80F0032E00299012081F88400FFE776
:1085C000FFE702992420C1F888000298006800683B
:1085D000009002980168086820F001000860029885
:1085E0000068806820F0604001990843029909689A
:1085F0008860029802F05CF90098029909680860A6
:1086000002992020C1F88800FFE70299002081F834
:108610008400FFE700208DF80F00FFE79DF80F00B2
:1086200004B080BD0000000081B0009001B0704730
:1086300081B0009001B0704780B586B00490FFE72C
:10864000FFE70498006850E8000F20F49070039052
:10865000FFE703990498026842E800100028F0D16F
:10866000FFE7FFE7FFE7FFE70498006850E8020F25
:108670004FF6FE71CEF6FF7108400290FFE70299B7
:108680000498026842E802100028EDD1FFE7FFE7F6
:108690000498C06E012814D1FFE7FFE7FFE70498B4
:1086A000006850E8000F20F010000190FFE70199EA
:1086B0000498026842E800100028F0D1FFE7FFE7C5
:1086C000FFE70498006880684006002837D5FFE778
:1086D000FFE7FFE70498006850E8020F20F0400031
:1086E0000090FFE700990498026842E80210002811
:1086F000F0D1FFE7FFE70498D0F88000F0B1FFE782
:108700000498D0F88010002008650498D0F8800004
:10871000F8F702FE88B1FFE70498D0F88000F9F777
:108720000FFE202808D1FFE704991020C1F890001F
:1087300003208DF8170016E0FFE7FFE7FFE7049836
:1087400001680F20086204980168886940F00800F9
:10875000886104992020C1F88C0004990020C86623
:108760008DF81700FFE79DF8170006B080BD0000E8
:1087700080B586B00490FFE7FFE70498006850E8F2
:10878000000F20F0C0000390FFE7039904980268EF
:1087900042E800100028F0D1FFE7FFE7FFE7FFE71E
:1087A0000498006850E8020F20F400000290FFE7F0
:1087B00002990498026842E802100028F0D1FFE70D
:1087C000FFE70498006880680006002833D5FFE7BB
:1087D000FFE7FFE70498006850E8020F20F08000F0
:1087E0000190FFE701990498026842E8021000280E
:1087F000F0D1FFE7FFE70498C06FD8B1FFE7049816
:10880000C16F002008650498C06FF8F785FD80B13E
:10881000FFE70498C06FF9F793FD202808D1FFE720
:1088200004991020C1F8900003208DF8170017E07C
:10883000FFE7FFE7FFE70498406EB0F1005F07D164
:10884000FFE704980168886940F010008861FFE73D
:1088500004992020C1F8880000208DF81700FFE758
:108860009DF8170006B080BD80B582B001900198D8
:1088700040F2AC31C2F20041884216D1FFE740F22B
:10888000AC30C2F200400090FFF7D6FE00980268BC
:108890001021116202680821116240F28071C2F257
:1088A00000418022FFF794FD0FE0019840F2D4418F
:1088B000C2F20041884207D1FFE740F2E010C2F265
:1088C000004006F025FAFFE7FFE702B080BD000098
:1088D00080B592B0119011980068C06910901198FD
:1088E000006800680F901198006880680E901098DA
:1088F00040F60F0108400D900D98E0B9FFE79DF894
:1089000040008006002815D5FFE79DF83C00800652
:10891000002806D4FFE79DF83B00C006002809D5D3
:10892000FFE71198406F20B1FFE71198416F88472A
:10893000FFE74AE3FFE70D98002800F00C81FFE70E
:108940000E980121C1F20001084209D1FFE70F98FA
:1089500040F22011C0F20041084200F0FC80FFE725
:108960009DF84000C00788B1FFE79DF83D00C007B3
:1089700060B1FFE711980168012008621199D1F8F0
:10898000900040F00100C1F89000FFE79DF8400022
:108990008007002811D5FFE79DF83800C00760B1B7
:1089A000FFE711980168022008621199D1F8900040
:1089B00040F00400C1F89000FFE79DF84000400738
:1089C000002811D5FFE79DF83800C00760B1FFE728
:1089D00011980168042008621199D1F8900040F0C4
:1089E0000200C1F89000FFE79DF840000007002852
:1089F00019D5FFE79DF83C008006002807D4FFE763
:108A00000E980121C1F2000108420CD0FFE7119835
:108A10000168082008621199D1F8900040F0080020
:108A2000C1F89000FFE79DF841000007002813D52A
:108A3000FFE79DF83F00400700280DD5FFE711989C
:108A400001684FF4006008621199D1F8900040F07D
:108A50002000C1F89000FFE71198D0F8900000289E
:108A600078D0FFE79DF840008006002815D5FFE785
:108A70009DF83C008006002806D4FFE79DF83B00E7
:108A8000C006002809D5FFE71198406F20B1FFE725
:108A90001198416F8847FFE7FFE71198D0F89000E1
:108AA0000C9011980068806800F04000402806D0C3
:108AB000FFE79DF8300010F0280F42D0FFE7119833
:108AC00002F0BAFA1198006880684006002833D591
:108AD000FFE7FFE7FFE71198006850E8020F20F07A
:108AE00040000B90FFE70B991198026842E80210D2
:108AF0000028F0D1FFE7FFE71198D0F88000B0B16F
:108B0000FFE71198D0F880104AF6C930C0F600008F
:108B100008651198D0F88000F9F7BAF830B1FFE78E
:108B20001198D0F88000016D8847FFE703E01198A5
:108B3000FFF79AFEFFE703E01198FFF795FEFFE7C6
:108B400007E01198FFF790FE11990020C1F89000FE
:108B5000FFE7FFE739E21198C06E012840F0D681A7
:108B6000FFE79DF84000C006002840F1CF81FFE7F5
:108B70009DF83C00C006002840F1C881FFE711982D
:108B8000016810200862119800688068400600287B
:108B900040F15A81FFE71198D0F880000068102159
:108BA000C4F20201884200F0A280FFE71198D0F8D9
:108BB000800000682821C4F20201884200F09780FA
:108BC000FFE71198D0F8800000684021C4F202014C
:108BD000884200F08C80FFE71198D0F88000006890
:108BE0005821C4F20201884200F08180FFE7119809
:108BF000D0F8800000687021C4F20201884276D06B
:108C0000FFE71198D0F8800000688821C4F20201C3
:108C100088426CD0FFE71198D0F880000068A0214E
:108C2000C4F20201884262D0FFE71198D0F88000B8
:108C30000068B821C4F20201884258D0FFE71198B9
:108C4000D0F88000006840F21041C4F2020188426E
:108C50004DD0FFE71198D0F88000006840F228411D
:108C6000C4F20201884242D0FFE71198D0F8800098
:108C7000006840F24041C4F20201884237D0FFE769
:108C80001198D0F88000006840F25841C4F2020107
:108C900088422CD0FFE71198D0F88000006840F29D
:108CA0007041C4F20201884221D0FFE71198D0F848
:108CB0008000006840F28841C4F20201884216D068
:108CC000FFE71198D0F88000006840F2A041C4F29C
:108CD000020188420BD0FFE71198D0F880000068AD
:108CE00040F2B841C4F20201884207D1FFE711986F
:108CF000D0F8800000684068019006E01198D0F834
:108D00008000006840680190FFE70198ADF82A00F4
:108D1000BDF82A0000287BD0FFE7BDF82A00119992
:108D2000B1F85C10884273DAFFE7BDF82A001199A8
:108D3000A1F85E001198D0F88000C069B0F5807F7E
:108D400059D0FFE7FFE7FFE71198006850E8000FF0
:108D500020F480700990FFE709991198026842E8B1
:108D600000100028F0D1FFE7FFE7FFE7FFE71198C9
:108D7000006850E8020F20F001000890FFE7089912
:108D80001198026842E802100028F0D1FFE7FFE7DF
:108D9000FFE7FFE71198006850E8020F20F040005D
:108DA0000790FFE707991198026842E8021000282F
:108DB000F0D1FFE7FFE711992020C1F88C0011994D
:108DC0000020C866FFE7FFE71198006850E8000F31
:108DD00020F010000690FFE706991198026842E81B
:108DE00000100028F0D1FFE7FFE71198D0F88000CD
:108DF000F8F792FAFFE71199022008671198B0F886
:108E00005C10B0F85E20891A89B2FFF735FB1AE0D2
:108E1000BDF82A001199B1F85C10884212D1FFE721
:108E20001198D0F88000C069B0F5807F09D1FFE7C4
:108E30001199022008671198B0F85C10FFF71CFB2D
:108E4000FFE7FFE7FFE7C0E01199B1F85C00B1F878
:108E50005E10401AADF816001198B0F85E000028B8
:108E600053D0FFE7BDF8160000284ED0FFE7FFE71C
:108E7000FFE71198006850E8000F20F4907004900C
:108E8000FFE704991198026842E800100028F0D129
:108E9000FFE7FFE7FFE7FFE71198006850E8020FE0
:108EA0004FF6FE71CEF6FF7108400390FFE703997D
:108EB0001198026842E802100028EDD1FFE7FFE7B1
:108EC00011992020C1F88C0011990020C8661199D1
:108ED0004867FFE7FFE71198006850E8000F20F0AF
:108EE00010000290FFE702991198026842E8001012
:108EF0000028F0D1FFE7FFE71199022008671198D9
:108F0000BDF81610FFF7B8FAFFE75EE09DF84200E3
:108F1000C00600280FD5FFE79DF83A00400600285C
:108F200009D5FFE7119801684FF480100862119885
:108F3000FFF77EFB49E09DF840000006002815D5AC
:108F4000FFE79DF83C000006002806D4FFE79DF8E7
:108F50003A000006002809D5FFE71198806F20B17C
:108F6000FFE71198816F8847FFE72EE09DF84000EA
:108F7000400600280AD5FFE79DF83C00400600287F
:108F800004D5FFE7119802F0A7F81EE09DF8420013
:108F9000000600280AD5FFE79DF83F00400600289C
:108FA00004D5FFE71198FFF73FFB0EE09DF8430063
:108FB000C00750B1FFE79DF83F000006002804D528
:108FC000FFE71198FFF79CFAFFE712B080BD0000A1
:108FD00080B582B00090009820B9FFE701208DF89D
:108FE000070046E00098806908B1FFE700E0FFE76E
:108FF0000098D0F8880040B9FFE70099002081F878
:109000008400009800F03CF8FFE700992420C1F8A4
:10901000880000980168086820F001000860009846
:10902000806A20B1FFE7009801F086FCFFE7009816
:1090300002F032FD012804D1FFE701208DF807007E
:1090400017E000980168486820F490404860009854
:109050000168886820F02A00886000980168086824
:1090600040F001000860009801F00AFD8DF807004B
:10907000FFE79DF8070002B080BD0000000000007F
:1090800080B5CCB04B9000204A90499048904790D2
:10909000469018A8B821F7F78EFA4B98006845F269
:1090A0000001C4F20001884240F09580FFE70020F3
:1090B000199002211891359018A8FCF779F818B189
:1090C000FFE7F8F725F9FFE7FFE744F2E840C5F6C8
:1090D0000200016841F480110160006800F4801012
:1090E00017901798FFE7FFE744F2E040C5F602004B
:1090F000016841F002010160006800F00200169072
:109100001698FFE7FFE744F2E040C5F60200016869
:1091100041F008010160006800F008001590159802
:10912000FFE74FF40050469002200A90479000203D
:109130000C90489049900E204A9040F20040C5F6AD
:10914000020046A90B91FBF75FFA0A9A0B990C985B
:109150000423469347924890499008204A9040F64D
:109160000040C5F60200FBF74FFA0C9940F2602070
:10917000C2F200400D901022C4F2020202604122AD
:1091800042608160C1604FF480620261416181612F
:109190004FF48072C2614FF4403202624162FAF7CA
:1091A000B7F918B1FFE7F8F7B3F8FFE7FFE74B9817
:1091B00040F26021C2F20041C0F880104B988863F1
:1091C000FFE73520099001210022FBF7D1FC099827
:1091D000FBF7C2FC14E14B98006841F20001C4F2B5
:1091E0000101884246D1FFE7002019900121189122
:1091F000369018A8FBF7DCFF18B1FFE7F8F788F8FE
:10920000FFE7FFE744F2F040C5F60200016841F0D5
:1092100010010160006800F0100014901498FFE73E
:10922000FFE744F2E040C5F60200016841F00101A9
:109230000160006800F0010013901398FFE74FF4FD
:10924000C0604690022047900020079048904990C7
:1092500007204A900020C5F6020046A9FBF7D4F982
:10926000079A252008900521FBF782FC0898FBF758
:1092700073FCC4E04B98006844F20041C4F2000162
:10928000884246D1FFE700201990022118913590BD
:1092900018A8FBF78DFF18B1FFE7F8F739F8FFE7DB
:1092A000FFE744F2E840C5F60200016841F40031EE
:1092B0000160006800F4003012901298FFE7FFE7A9
:1092C00044F2E040C5F60200016841F00801016087
:1092D000006800F0080011901198FFE77020469098
:1092E00002204790002005904890499007204A901E
:1092F00040F60040C5F6020046A9FBF785F9059A3D
:10930000262006900621FBF733FC0698FBF724FC89
:1093100074E04B98006844F60001C4F200018842F2
:109320006BD1FFE70020199002211891359018A801
:10933000FBF73EFF18B1FFE7F7F7EAFFFFE7FFE7AC
:1093400044F2E840C5F60200016841F48021016062
:10935000006800F4802010901098FFE7FFE744F2C7
:10936000E040C5F60200016841F0020101600068BA
:1093700000F002000F900F98FFE7FFE744F2E04093
:10938000C5F60200016841F008010160006800F0C4
:1093900008000E900E98FFE74FF4804046900220A0
:1093A000009047900020039048904990072001903A
:1093B0004A9040F20040C5F6020046A90291FBF730
:1093C00023F9009B01980299039A4FF4407CCDF851
:1093D00018C14793489249924A9040F60040C5F61A
:1093E0000200FBF711F9039A272004901146FBF7BE
:1093F000BFFB0498FBF7B0FBFFE7FFE7FFE7FFE7E2
:109400004CB080BD0000000081B0009001B07047FA
:1094100081B0009001B0704780B58AB00890079184
:10942000ADF81A2005930898D0F88800202840F05D
:109430009580FFE7079820B1FFE7BDF81A0020B933
:10944000FFE701208DF827008CE008990020C1F883
:10945000900008992120C1F88800FBF7CDFA02900E
:10946000BDF81A000899A1F85400BDF81A0008992F
:10947000A1F8560008988068B0F5805F09D1FFE731
:109480000898006928B9FFE7002004900798039026
:1094900004E00798049000200390FFE7FFE7089896
:1094A000B0F8560000283ED0FFE70898029B0599C7
:1094B0006A4611608021002203F022FB40B1FFE7E1
:1094C00008992020C1F8880003208DF8270049E082
:1094D000049858B9FFE7039800886FF35F20089954
:1094E0000968886203980230039008E004980078C5
:1094F000089909688862049801300490FFE7089889
:10950000D0F8880000F02100212807D1FFE7089952
:10951000B1F856000138A1F8560003E001208DF89B
:1095200027001FE0BBE70898029B05996A46116077
:109530004021002203F0E4FA40B1FFE7089920201F
:10954000C1F8880003208DF827000BE0089920203F
:10955000C1F8880000208DF8270003E002208DF874
:109560002700FFE79DF827000AB080BD000000003B
:1095700086B004900391ADF80A200498D0F88800D2
:10958000202840F08580FFE7039820B1FFE7BDF871
:109590000A0020B9FFE701208DF817007CE003984E
:1095A00004990865BDF80A000499A1F85400BDF8B3
:1095B0000A000499A1F856000499002088670499CC
:1095C000C1F8900004992120C1F888000498406EE9
:1095D000B0F1005F2CD1FFE704988068B0F5805FA0
:1095E0000BD1FFE70498006938B9FFE704994CF6FE
:1095F000D900C0F60000886706E004994CF63920CF
:10960000C0F600008867FFE7FFE7FFE704980068FF
:1096100050E8020F40F400000190FFE70199049820
:10962000026842E802100028F0D1FFE7FFE72BE0D4
:1096300004988068B0F5805F0BD1FFE7049800695B
:1096400038B9FFE704994CF64100C0F6000088677E
:1096500006E004994CF6A910C0F600008867FFE701
:10966000FFE7FFE70498006850E8000F40F0800033
:109670000090FFE700990498026842E80010002873
:10968000F0D1FFE7FFE7FFE700208DF8170003E0C8
:1096900002208DF81700FFE79DF8170006B070470D
:1096A00080B582B00190019840F2D441C2F20041ED
:1096B000884207D1FFE740F2E010C2F2004005F017
:1096C00047FDFFE702B080BDFFE7FEE700000000B6
:1096D00080B582B0FFE744F2D840C5F602000168C9
:1096E00041F001010160006800F001000190019863
:1096F000FFE70B20009000221146FBF739FA009893
:10970000FBF72AFA02B080BD80B590B000200F9020
:109710000E900D900C900B90FFE744F2E040C5F6E0
:109720000200016841F004010160006800F00400DB
:109730000A900A98FFE7FFE744F2E040C5F602000E
:10974000016841F080010160006800F0800009902C
:109750000998FFE7FFE744F2E040C5F60200016820
:1097600041F001010160006800F0010008900898D4
:10977000FFE7FFE744F2E040C5F60200016841F070
:1097800002010160006800F0020007900798FFE7FF
:10979000FFE744F2E040C5F60200016841F008012D
:1097A0000160006800F0080006900698FFE740F6A8
:1097B0000000C5F6020001904FF4604100910122C3
:1097C0000392FBF701F9009A019803990B920C910F
:1097D000002104910D910E910BA90291FAF714FF4B
:1097E000029904984FF400420B924FF404120C9229
:1097F0000D900020C5F60200FAF706FF0399049ABF
:1098000028200590FBF7B4F90598FBF7A5F910B0EF
:1098100080BD00000000000080B582B040F2D8207A
:10982000C2F20040009041F20041C5F60001016023
:109830004FF4800141604FF4003181600721C16025
:109840000021019101614FF0807242614FF080620E
:1098500082614FF08052C261016241628162C162E5
:109860004FF0804242638163C1630164416481645B
:10987000C164016541658165FDF72AFE18B1FFE706
:10988000F7F746FDFFE702B080BD000000000000D2
:1098900080B584B0002103910291019140F26030C3
:1098A000C2F2004041F20002C4F200020260EF2264
:1098B0004260816040F2E732C2608161FEF774FA73
:1098C00018B1FFE7F7F724FDFFE7002001900390B0
:1098D00040F26030C2F2004001A9FEF7A5F918B1CC
:1098E000FFE7F7F715FDFFE704B080BD00000000BB
:1098F00080B582B040F26850C2F20040019045F25B
:109900000001C4F20001016048F2A061C0F201014F
:1099100041604FF4805181604FF40051C1604FF4B9
:10992000806101610C21416100218161C16101629D
:1099300041628162FFF74CFB18B1FFE7F7F7E8FCE3
:10994000FFE740F26850C2F200400021FEF724FE1B
:1099500018B1FFE7F7F7DCFCFFE740F26850C2F20E
:1099600000400021FEF7D0FD18B1FFE7F7F7D0FC6B
:10997000FFE740F26850C2F20040FEF791FC18B1D8
:10998000FFE7F7F7C5FCFFE702B080BD000000006D
:1099900080B582B040F2AC30C2F20040009041F29B
:1099A0000001C4F2010101604FF4E1314160002186
:1099B00001918160C16001610C2242618161C161DC
:1099C000016241628162FFF703FB18B1FFE7F7F71D
:1099D0009FFCFFE740F2AC30C2F200400021FEF7EE
:1099E000DBFD18B1FFE7F7F793FCFFE740F2AC307F
:1099F000C2F200400021FEF787FD18B1FFE7F7F73C
:109A000087FCFFE740F2AC30C2F20040FEF748FCB2
:109A100018B1FFE7F7F77CFCFFE740F2AC30C2F289
:109A2000004002681021116202680821116240F2B0
:109A30008071C2F200418022FEF7CAFC18B1FFE734
:109A4000F7F766FCFFE702B080BD000000000000F1
:109A500080B582B040F24040C2F20040009044F233
:109A60000041C4F20001016049F28061C0F2980136
:109A70004160002301938360C36003610C21416155
:109A800083614FF40041C1610362436283621946FE
:109A90001A46FDF7B5FC18B1FFE7F7F739FCFFE709
:109AA00040F24040C2F200400021FEF775FD18B1BF
:109AB000FFE7F7F72DFCFFE740F24040C2F200401D
:109AC0000021FEF721FD18B1FFE7F7F721FCFFE7C2
:109AD00040F24040C2F20040FEF7E2FB18B1FFE75F
:109AE000F7F716FCFFE702B080BD000000000000A1
:109AF00080B582B040F2D440C2F20040009044F6FB
:109B00000001C4F2000101604FF4E1314160002323
:109B1000019383604FF40051C16003610C214161E6
:109B20008361C36103624362836219461A46FDF78B
:109B300067FC18B1FFE7F7F7EBFBFFE740F2D44013
:109B4000C2F200400021FEF727FD18B1FFE7F7F74A
:109B5000DFFBFFE740F2D440C2F200400021FEF7F5
:109B6000D3FC18B1FFE7F7F7D3FBFFE740F2D4408F
:109B7000C2F20040FEF794FB18B1FFE7F7F7C8FB0D
:109B8000FFE702B080BD0000FFE7FEE70000000035
:109B9000FFE7FEE70000000088B0079006910592FD
:109BA000079800F0070004900498C0F1070005280A
:109BB00003D3FFE70420019004E00498C0F10700FC
:109BC0000190FFE70198039004980430062803D819
:109BD000FFE70020009003E0049803380090FFE7BF
:109BE0000098029006980399012202FA01F10139C6
:109BF0000840029B984005999A40013A1140084359
:109C000008B070470000000070470000000000002E
:109C100080B586B00490039100208DF8070044F2CF
:109C20002840C5F60200006800F00300032804D1B4
:109C3000FFE701208DF81700CBE044F20041C5F6A4
:109C40000201086820F080600860FAF7D5FE0290F3
:109C5000FFE744F20040C5F60200006800F0006132
:109C60000020B0EBD16F0CD0FFE7FAF7C5FE0299E8
:109C7000401A032804D3FFE703208DF81700A8E05B
:109C8000E7E7FFE744F22841C5F60201086820F43F
:109C90007C30049A126840EA0230086004994868EF
:109CA000D1F808C0CB680A6901386FF35F204FF61E
:109CB0000061CFF6FF7101EB4C2189B2084400210D
:109CC000CFF6FF7101EB034101F4FE0108444FF0B0
:109CD0007F4101EB026101F0FE41084444F238414A
:109CE000C5F602010860FFE744F22C41C5F6020107
:109CF0000091086820F0C000049A5269104308607F
:109D0000086820F02000049A9269104308600868EF
:109D100020F01000086044F23C42C5F602021068D0
:109D20004FF6F8739843049BDB6940EAC300106068
:109D3000086840F010000860039848B9FFE744F253
:109D40002C41C5F60201086840F40020086016E0C6
:109D50000398012809D1FFE744F22C41C5F602011E
:109D6000086840F48010086008E044F22C41C5F611
:109D70000201086840F400100860FFE7FFE744F2C2
:109D80000041C5F60201086840F080600860FAF7FB
:109D900033FE0290FFE744F20040C5F6020000687F
:109DA00000F000610020B0EBD16F0CD1FFE7FAF7B3
:109DB00023FE0299401A032804D3FFE703208DF8FD
:109DC000170006E0E7E7FFE79DF807008DF81700AA
:109DD000FFE79DF8170006B080BD000000000000FE
:109DE00080B586B00490039100208DF8070044F2FE
:109DF0002840C5F60200006800F00300032804D1E3
:109E0000FFE701208DF81700CBE044F20041C5F6D2
:109E10000201086820F080500860FAF7EDFD02901A
:109E2000FFE744F20040C5F60200006800F0005170
:109E30000020B0EB517F0CD0FFE7FAF7DDFD02996F
:109E4000401A032804D3FFE703208DF81700A8E089
:109E5000E7E7FFE744F22841C5F60201086820F071
:109E60007C70049A126840EA0250086004994868BD
:109E7000D1F808C0CB680A6901386FF35F204FF64C
:109E80000061CFF6FF7101EB4C2189B2084400213B
:109E9000CFF6FF7101EB034101F4FE0108444FF0DE
:109EA0007F4101EB026101F0FE41084444F2404170
:109EB000C5F602010860FFE744F22C41C5F6020135
:109EC0000091086820F44060049A526910430860C9
:109ED000086820F40070049A9269104308600868CA
:109EE00020F48070086044F24442C5F60202106813
:109EF0004FF6F8739843049BDB6940EAC300106097
:109F0000086840F480700860039848B9FFE744F29D
:109F10002C41C5F60201086840F48000086016E094
:109F20000398012809D1FFE744F22C41C5F602014C
:109F3000086840F40000086008E044F22C41C5F6CF
:109F40000201086840F080700860FFE7FFE744F214
:109F50000041C5F60201086840F080500860FAF739
:109F60004BFD0290FFE744F20040C5F60200006896
:109F700000F000510020B0EB517F0CD1FFE7FAF761
:109F80003BFD0299401A032804D3FFE703208DF814
:109F9000170006E0E7E7FFE79DF807008DF81700D8
:109FA000FFE79DF8170006B080BD0000000000002C
:109FB00082B00190019800684069009001980168A2
:109FC000886940F00800886101980168886940F05C
:109FD0001000886101980168086820F0010008609D
:109FE00001980168086940F26F3290430861019856
:109FF0000168886820F440408860019890F88100EA
:10A00000042815D0FFE79DF80000800600280ED533
:10A01000FFE70199D1F8840040F08000C1F8840086
:10A0200001980168886940F020008861FFE7FFE738
:10A03000019890F88100032815D0FFE79DF80000F3
:10A04000400600280ED5FFE70199D1F8840040F0C2
:10A050000400C1F8840001980168886940F040005C
:10A060008861FFE7FFE79DF80100800700280ED513
:10A07000FFE70199D1F8840040F00100C1F88400A5
:10A0800001980168886940F400708861FFE79DF8D5
:10A090000100C00770B1FFE70199D1F8840040F0DA
:10A0A0000800C1F8840001980168886940F4807054
:10A0B0008861FFE701990020A1F862000199A1F8E9
:10A0C0006A0002B07047000083B002900298C16B32
:10A0D000012000EB511001900298C06801300090FF
:10A0E00000980730C008009000980199484303B0D9
:10A0F000704700000000000080B586B0DDF820C089
:10A10000049003918DF80B200193FFE704980068F9
:10A11000406903990840401AB0FA80F040099DF860
:10A120000B10884214D1FFE7FAF766FC0899401A31
:10A130000199884204D3FFE70198013018B9FFE77D
:10A14000019820B9FFE703208DF8170004E0DDE750
:10A1500000208DF81700FFE79DF8170006B080BDBE
:10A16000704700000000000080B582B000900098A9
:10A170000138B0F1807F03D3FFE70120019019E09F
:10A18000009801384EF21401CEF2000108604FF041
:10A19000FF300F2102F078FD4EF21801CEF20001DF
:10A1A000002008604EF21002CEF20002072111607A
:10A1B0000190FFE7019802B080BD000000000000A0
:10A1C00080B5FAF721FC80BD80B59EB00BA84C216C
:10A1D000F6F7F1F9002001900A9009900890079095
:10A1E00006900590049003900220FAF7E1FCFFE747
:10A1F0000020029044F61800C5F60200016821F420
:10A2000040410160006800F4404002900298FFE77E
:10A21000FFE744F61800C5F60200006800F400509D
:10A22000B0F5005F01D0FFE7F3E703200B904FF498
:10A2300080300C9001220E9240200F900221149148
:10A2400000201590042316931E231793189219913A
:10A250001A910C211B911C901D900BA8FCF7C0FBC0
:10A2600018B1FFE7F7F754F8FFE73F200390032109
:10A270000491002005900820069040200790089047
:10A280004FF4806209920A9003A8FBF789FF18B186
:10A29000FFE7F7F73DF8FFE71EB080BD00000000C4
:10A2A0008BB044F21040C5F60200006800F03800A0
:10A2B00001460191182800F22B810199DFE811F085
:10A2C0001900280128012801280128012801280156
:10A2D0002700280128012801280128012801280138
:10A2E0002D00280128012801280128012801280122
:10A2F000330044F20040C5F602000068C0F3C1011B
:10A3000049F20000C0F2D030C84004900EE140F69F
:10A310000010C0F23D00049008E143F20060C0F27A
:10A320006E10049002E144F22840C5F60200016874
:10A3300001F0030109910068C0F30510089044F290
:10A340002C40C5F60200006800F001000790079855
:10A3500044F23441C5F60201096889B2C90848438C
:10A3600000EE100AB8EE400A8DED030A08980028A6
:10A3700000F0CA80FFE70998009040B1FFE700981D
:10A38000012835D0FFE70098022853D074E044F24A
:10A390000040C5F602000068C0F3C10149F20000A8
:10A3A000C0F2D030C84006909DED060AB8EE400AD3
:10A3B0009DED081AB8EE411A80EE010A44F23040D1
:10A3C000C5F6020000686FF35F2001EE100AB8EED8
:10A3D000411A9DED032A9FED693A02EE031AB7EE8A
:10A3E000002A31EE021A20EE010A8DED020A74E015
:10A3F0009DED080AB8EE401A9FED610A80EE010A51
:10A4000044F23040C5F6020000686FF35F2001EEB1
:10A41000100AB8EE411A9DED032A9FED583A02EE5C
:10A42000031AB7EE002A31EE021A20EE010A8DED72
:10A43000020A52E09DED080AB8EE401A9FED4E0A5E
:10A4400080EE010A44F23040C5F6020000686FF366
:10A450005F2001EE100AB8EE411A9DED032A9FED30
:10A46000473A02EE031AB7EE002A31EE021A20EE46
:10A47000010A8DED020A30E044F20040C5F6020008
:10A480000068C0F3C10149F20000C0F2D030C840FA
:10A4900006909DED060AB8EE400A9DED081AB8EE4A
:10A4A000411A80EE010A44F23040C5F6020000680D
:10A4B0006FF35F2001EE100AB8EE411A9DED032AFA
:10A4C0009FED2E3A02EE031AB7EE002A31EE021A81
:10A4D00020EE010A8DED020AFFE744F23040C5F696
:10A4E0000200006881B2012000EB51200A909DED2E
:10A4F000020A9DED0A1AB8EE411A80EE010ABCEE7E
:10A50000C00A8DED040A02E000200490FFE70DE090
:10A5100044F20040C5F602000068C0F3C10149F2F0
:10A520000000C0F2D030C8400490FFE744F2184267
:10A53000C5F602021068C0F303204FF67C51C0F646
:10A540000001085C0590059B0498D840049004988D
:10A55000126802F00F02895C01F01F01C84040F24E
:10A560000401C2F200410860049840F20001C2F206
:10A57000004108600BB07047001BB74B000000396A
:10A580000024744A000000004EF68851CEF200010B
:10A59000086840F47000086042F20000C5F2002034
:10A5A000006800F00F0006280AD8FFE742F2000119
:10A5B000C5F200210868072262F303000860FFE784
:10A5C00044F20041C5F60201086840F0010008604D
:10A5D00044F21042C5F602020020106008684EF6F0
:10A5E0007F52CEF6F6221040086042F20000C5F21B
:10A5F0000020006800F00F0008280AD3FFE742F2AD
:10A600000001C5F200210868072262F30300086018
:10A61000FFE744F21841C5F602010020086044F249
:10A620001C41C5F60201086044F22041C5F6020152
:10A63000086044F22842C5F6020240F20021C0F24E
:10A640000221116044F22C42C5F602020021C0F240
:10A65000FF11116044F23042C5F6020240F280213F
:10A66000C0F20111116044F23442C5F602021060DA
:10A6700044F23842C5F60202116044F23C42C5F68B
:10A680000202106044F24042C5F60202116044F238
:10A690004441C5F60201086044F20042C5F60202D8
:10A6A000116821F48021116044F26041C5F6020175
:10A6B000086044F20001C5F2002143F2D2000860B4
:10A6C000704700000000000080B540F26030C2F228
:10A6D0000040FDF77DFC80BD83B00290019102989F
:10A6E0000068009002980021C4F20101884225D040
:10A6F000FFE70298B0F1804F20D0FFE7029840F2C8
:10A700000041C4F20001884218D0FFE7029840F6E9
:10A710000001C4F20001884210D0FFE7029840F621
:10A720000041C4F20001884208D0FFE7029840F2DD
:10A730000041C4F2010188420AD1FFE7009820F0ED
:10A740007000009001984168009808430090FFE76E
:10A7500002980021C4F2010188424DD0FFE702981F
:10A76000B0F1804F48D0FFE7029840F20041C4F2B8
:10A770000001884240D0FFE7029840F60001C4F291
:10A780000001884238D0FFE7029840F60041C4F249
:10A790000001884230D0FFE7029840F20041C4F245
:10A7A0000101884228D0FFE7029844F20001C4F278
:10A7B0000101884220D0FFE7029844F20041C4F230
:10A7C0000101884218D0FFE7029844F60001C4F264
:10A7D0000101884210D0FFE702984EF20001C4F256
:10A7E0000001884208D0FFE702984EF20041C4F20F
:10A7F000000188420AD1FFE7009820F440700090E1
:10A800000198C168009808430090FFE7009820F085
:10A810008000019949690843009001988068029975
:10A82000C862019800680299886202980021C4F207
:10A830000101884220D0FFE7029840F20041C4F2B3
:10A840000101884218D0FFE7029844F20001C4F2E7
:10A850000101884210D0FFE7029844F20041C4F29F
:10A860000101884208D0FFE7029844F60001C4F2D3
:10A870000101884205D1FFE7019800690299086348
:10A88000FFE70299086840F004000860029901207F
:10A89000486100980299086003B07047000000000A
:10A8A00080B540F26850C2F20040FEF711F880BD5A
:10A8B00082B001900198406E40B9FFE701990120F4
:10A8C000A1F86A000199A1F8680032E010208DF823
:10A8D00003008DF80200019800688068C0F34260B0
:10A8E0008DF80100019800688068400F8DF8000025
:10A8F0009DF802009DF800204FF69C53C0F600031F
:10A90000995C48434FF69451C0F600018A5CB0FB55
:10A91000F2F0019AA2F86A009DF803009DF8012068
:10A920009B5C5843895CB0FBF1F00199A1F8680089
:10A93000FFE702B07047000081B00090009890F8E7
:10A940002800000700280BD5FFE700980068406842
:10A9500020F40040009A1168926B10434860FFE7B2
:10A96000009890F82800C00758B1FFE700980068E9
:10A97000406820F40030009A1168D26A10434860A1
:10A98000FFE7009890F82800800700280BD5FFE724
:10A9900000980068406820F48030009A1168126BBB
:10A9A00010434860FFE7009890F82800400700280F
:10A9B0000BD5FFE700980068406820F48020009ADB
:10A9C0001168526B10434860FFE7009890F8280028
:10A9D000C00600280BD5FFE700980068806820F4C7
:10A9E0008050009A1168D26B10438860FFE700988E
:10A9F00090F82800800600280BD5FFE70098006833
:10AA0000806820F40050009A1168126C104388602E
:10AA1000FFE7009890F82800400600281CD5FFE7C3
:10AA200000980068406820F48010009A1168526C09
:10AA3000104348600098406CB0F5801F0BD1FFE7D1
:10AA400000980068406820F4C000009A1168926C79
:10AA500010434860FFE7FFE7009890F828000006E1
:10AA600000280BD5FFE700980068406820F400201C
:10AA7000009A1168D26C10434860FFE701B070473C
:10AA800080B588B0069006990020C1F89000F9F7CB
:10AA9000B3FF0590069800680068000700282FD5CE
:10AAA000FFE70698059B6A466FF07E4111604FF400
:10AAB0000011002202F024F808B3FFE7FFE7FFE7E8
:10AAC0000698006850E8000F20F080000490FFE72F
:10AAD00004990698026842E800100028F0D1FFE7C8
:10AAE000FFE706992020C1F88800FFE706990020BB
:10AAF00081F88400FFE703208DF81F005FE0FFE787
:10AB00000698006800684007002842D5FFE70698CD
:10AB1000059B6A466FF07E4111604FF48001002270
:10AB200001F0EEFFA0B3FFE7FFE7FFE7069800683C
:10AB300050E8000F20F490700390FFE70399069807
:10AB4000026842E800100028F0D1FFE7FFE7FFE7C6
:10AB5000FFE70698006850E8020F20F0010002901D
:10AB6000FFE702990698026842E802100028F0D137
:10AB7000FFE7FFE706992020C1F88C00FFE7069960
:10AB8000002081F88400FFE703208DF81F0016E005
:10AB9000FFE706992020C1F888000699C1F88C00CB
:10ABA00006990020C86606990867FFE70699002005
:10ABB00081F88400FFE700208DF81F00FFE79DF873
:10ABC0001F0008B080BD000080B582B001900198E0
:10ABD000806B00900098FDF747FE02B080BD00003A
:10ABE00080B584B003900398806B02900298D0F8EF
:10ABF000880001900298D0F88C00009002980068BC
:10AC000080680006002808D5FFE70198212804D1B4
:10AC1000FFE7029800F084FAFFE702980068806876
:10AC20004006002808D5FFE70098222804D1FFE756
:10AC3000029800F001FAFFE70299D1F8900040F085
:10AC40001000C1F890000298FDF70EFE04B080BD20
:10AC500080B588B007900798806B06900798C06908
:10AC6000B0F5807F5BD0FFE706990020A1F85E0079
:10AC7000FFE7FFE70698006850E8000F20F48070B7
:10AC80000590FFE705990698026842E80010002841
:10AC9000F0D1FFE7FFE7FFE7FFE70698006850E81D
:10ACA000020F20F001000490FFE704990698026863
:10ACB00042E802100028F0D1FFE7FFE7FFE7FFE7D7
:10ACC0000698006850E8020F20F040000390FFE76C
:10ACD00003990698026842E802100028F0D1FFE7C5
:10ACE000FFE706992020C1F88C000698C06E012865
:10ACF00014D1FFE7FFE7FFE70698006850E8000F70
:10AD000020F010000290FFE702990698026842E8DE
:10AD100000100028F0D1FFE7FFE7FFE7FFE7069903
:10AD2000002008670698C06E012840F0B380FFE756
:10AD300006990020A1F85E00079800681021C4F26F
:10AD40000201884200F08180FFE70798006828210F
:10AD5000C4F20201884278D0FFE7079800684021DA
:10AD6000C4F20201884270D0FFE7079800685821BA
:10AD7000C4F20201884268D0FFE70798006870219A
:10AD8000C4F20201884260D0FFE70798006888217A
:10AD9000C4F20201884258D0FFE707980068A0215A
:10ADA000C4F20201884250D0FFE707980068B8213A
:10ADB000C4F20201884248D0FFE70798006840F2D9
:10ADC0001041C4F2020188423FD0FFE707980068B3
:10ADD00040F22841C4F20201884236D0FFE70798CA
:10ADE000006840F24041C4F2020188422DD0FFE7E2
:10ADF0000798006840F25841C4F20201884224D00A
:10AE0000FFE70798006840F27041C4F202018842EF
:10AE10001BD0FFE70798006840F28841C4F20201A6
:10AE2000884212D0FFE70798006840F2A041C4F2C0
:10AE30000201884209D0FFE70798006840F2B84154
:10AE4000C4F20201884205D1FFE707980068406814
:10AE5000009004E00798006840680090FFE70098C1
:10AE6000ADF80600BDF806000699B1F85C108842FE
:10AE700006DAFFE7BDF806000699A1F85E00FFE7D5
:10AE80000698B0F85C10B0F85E20891A89B2FDF718
:10AE9000F3FA03E00698FEF7B7FAFFE708B080BDC3
:10AEA00080B584B003900398806B029002990120D2
:10AEB00008670298C06E012840F0B580FFE702994C
:10AEC000B1F85C004008A1F85E000398006810210A
:10AED000C4F20201884200F08180FFE70398006815
:10AEE0002821C4F20201884278D0FFE70398006865
:10AEF0004021C4F20201884270D0FFE70398006845
:10AF00005821C4F20201884268D0FFE70398006824
:10AF10007021C4F20201884260D0FFE70398006804
:10AF20008821C4F20201884258D0FFE703980068E4
:10AF3000A021C4F20201884250D0FFE703980068C4
:10AF4000B821C4F20201884248D0FFE703980068A4
:10AF500040F21041C4F2020188423FD0FFE703985B
:10AF6000006840F22841C4F20201884236D0FFE76F
:10AF70000398006840F24041C4F2020188422DD09B
:10AF8000FFE70398006840F25841C4F2020188428A
:10AF900024D0FFE70398006840F27041C4F2020138
:10AFA00088421BD0FFE70398006840F28841C4F252
:10AFB0000201884212D0FFE70398006840F2A041E6
:10AFC000C4F20201884209D0FFE70398006840F20A
:10AFD000B841C4F20201884205D1FFE70398006836
:10AFE0004068009004E00398006840680090FFE724
:10AFF0000098ADF80600BDF806000299B1F85C10A3
:10B00000884206DCFFE7BDF806000299A1F85E0061
:10B01000FFE70298B0F85C10B0F85E20891A89B298
:10B02000FDF72AFA03E00298FEF7F2F9FFE704B011
:10B0300080BD00000000000084B00390FFE7FFE740
:10B040000398006850E8000F20F490700290FFE72A
:10B0500002990398026842E800100028F0D1FFE747
:10B06000FFE7FFE7FFE70398006850E8020F4FF69D
:10B07000FE71CEF6FF7108400190FFE70199039839
:10B08000026842E802100028EDD1FFE7FFE70398CD
:10B09000C06E012814D1FFE7FFE7FFE703980068BF
:10B0A00050E8000F20F010000090FFE7009903988F
:10B0B000026842E800100028F0D1FFE7FFE7FFE751
:10B0C00003992020C1F88C0003990020C8660399D9
:10B0D000486704B07047000080B582B00190FFE778
:10B0E000FFE70198006850E8000F20F04000009052
:10B0F000FFE700990198026842E800100028F0D1AB
:10B10000FFE7FFE701992020C1F88800019900209E
:10B1100088670198FEF7C4FA02B080BD0000000005
:10B1200083B00290FFE7FFE70298006850E8000F45
:10B1300020F0C0000190FFE701990298026842E800
:10B1400000100028F0D1FFE7FFE7FFE7FFE70298D4
:10B15000006850E8020F20F400000090FFE700991B
:10B160000298026842E802100028F0D1FFE7FFE7EA
:10B1700002992020C1F8880003B070470000000049
:10B1800080B588B007900798B0F86000ADF8160059
:10B190000798D0F88C00222840F0AB80FFE7079892
:10B1A0000068406AADF814000798806D0690BDF8FD
:10B1B0001400BDF816100840069908800799886D9C
:10B1C000023088650799B1F85E000138A1F85E0089
:10B1D0000798B0F85E00002840F08A80FFE7FFE79C
:10B1E000FFE70798006850E8000F20F49070049083
:10B1F000FFE704990798026842E800100028F0D1A0
:10B20000FFE7FFE7FFE7FFE70798006850E8020F56
:10B2100020F001000390FFE703990798026842E8D5
:10B2200002100028F0D1FFE7FFE707992020C1F8BE
:10B230008C000799002048670799086707980068FD
:10B2400040F60041C5F6000188421CD0FFE7079890
:10B25000006840680002002814D5FFE7FFE7FFE719
:10B260000798006850E8000F20F080600290FFE728
:10B2700002990798026842E800100028F0D1FFE721
:10B28000FFE7FFE7FFE70798C06E01282BD1FFE734
:10B2900007990020C866FFE7FFE70798006850E8B5
:10B2A000000F20F010000190FFE701990798026855
:10B2B00042E800100028F0D1FFE7FFE70798006898
:10B2C000C06900F010010120B0EB111F05D1FFE7AC
:10B2D0000798016810200862FFE70798B0F85C1033
:10B2E000FDF7CAF803E00798FEF78EF8FFE7FFE7DF
:10B2F00006E007980168886940F008008861FFE768
:10B3000008B080BD0000000080B58EB00D900D9893
:10B31000B0F86000ADF82E000D980068C069099083
:10B320000D980068006808900D9800688068079084
:10B330000D98D0F88C00222840F06181FFE70D982D
:10B34000B0F86800ADF82A00FFE7BDF82A10002029
:10B35000009031B1FFE79DF82400C0F34010009049
:10B36000FFE70098C007002800F00A81FFE70D986A
:10B370000068406AADF82C000D98806D0C90BDF807
:10B380002C00BDF82E1008400C9908800D99886D8E
:10B39000023088650D99B1F85E000138A1F85E00B1
:10B3A0000D980068C06909909DF8240040070028A6
:10B3B00052D0FFE79DF82400C00788B1FFE79DF851
:10B3C0002100C00760B1FFE70D9801680120086205
:10B3D0000D99D1F8900040F00100C1F89000FFE70E
:10B3E0009DF824008007002811D5FFE79DF81C0078
:10B3F000C00760B1FFE70D980168022008620D994F
:10B40000D1F8900040F00400C1F89000FFE79DF8EB
:10B4100024004007002811D5FFE79DF81C00C00755
:10B4200060B1FFE70D980168042008620D99D1F81A
:10B43000900040F00200C1F89000FFE70D98D0F8AE
:10B44000900040B1FFE70D98FDF70EFA0D9900202E
:10B45000C1F89000FFE7FFE70D98B0F85E00002804
:10B4600040F08D80FFE7FFE7FFE70D98006850E8A8
:10B47000000F20F480700690FFE706990D9802688F
:10B4800042E800100028F0D1FFE7FFE7FFE7FFE701
:10B490000D98006850E8020F4FF6FE71CEF6FF716E
:10B4A00008400590FFE705990D98026842E80210F0
:10B4B0000028EDD1FFE7FFE70D992020C1F88C00AF
:10B4C0000D99002048670D9908670D98006840F6AF
:10B4D0000041C5F6000188421CD0FFE70D980068C6
:10B4E00040680002002814D5FFE7FFE7FFE70D984A
:10B4F000006850E8000F20F080600490FFE7049996
:10B500000D98026842E800100028F0D1FFE7FFE73D
:10B51000FFE7FFE70D98C06E01282BD1FFE70D99DB
:10B520000020C866FFE7FFE70D98006850E8000FAD
:10B5300020F010000390FFE703990D98026842E89D
:10B5400000100028F0D1FFE7FFE70D980068C06900
:10B5500000F010010120B0EB111F05D1FFE70D989D
:10B56000016810200862FFE70D98B0F85C10FCF746
:10B5700083FF03E00D98FDF747FFFFE700E0E4E6F7
:10B580000D98B0F85E00ADF82800BDF82800A8B30B
:10B59000FFE7BDF828000D99B1F8681088422DDA50
:10B5A000FFE7FFE7FFE70D98006850E8020F20F083
:10B5B00080500290FFE702990D98026842E802105D
:10B5C0000028F0D1FFE7FFE70D994BF28110C0F69C
:10B5D00000004867FFE7FFE70D98006850E8000F9C
:10B5E00040F020000190FFE701990D98026842E8C1
:10B5F00000100028F0D1FFE7FFE7FFE706E00D9815
:10B600000168886940F008008861FFE70EB080BDDE
:10B6100080B586B005900598B0F86000ADF81200CE
:10B620000598D0F88C00222840F0A980FFE7059803
:10B630000068406AADF81000BDF810009DF81210C7
:10B6400008400599896D08700599886D01308865F5
:10B650000599B1F85E000138A1F85E000598B0F8D0
:10B660005E00002840F08A80FFE7FFE7FFE70598CB
:10B67000006850E8000F20F490700390FFE70399F2
:10B680000598026842E800100028F0D1FFE7FFE7C4
:10B69000FFE7FFE70598006850E8020F20F001007F
:10B6A0000290FFE702990598026842E8021000281C
:10B6B000F0D1FFE7FFE705992020C1F88C0005993C
:10B6C00000204867059908670598006840F6004122
:10B6D000C5F6000188421CD0FFE705980068406865
:10B6E0000002002814D5FFE7FFE7FFE70598006890
:10B6F00050E8000F20F080600190FFE70199059865
:10B70000026842E800100028F0D1FFE7FFE7FFE7FA
:10B71000FFE70598C06E01282BD1FFE705990020AF
:10B72000C866FFE7FFE70598006850E8000F20F0C3
:10B7300010000090FFE700990598026842E80010A9
:10B740000028F0D1FFE7FFE705980068C06900F026
:10B7500010010120B0EB111F05D1FFE7059801682A
:10B7600010200862FFE70598B0F85C10FCF784FE33
:10B7700003E00598FDF748FEFFE7FFE706E00598C0
:10B780000168886940F008008861FFE706B080BD65
:10B7900080B58EB00D900D98B0F86000ADF8320015
:10B7A0000D980068C0690A900D98006800680990BB
:10B7B0000D980068806808900D98D0F88C002228B9
:10B7C00040F05F81FFE70D98B0F86800ADF82E00FB
:10B7D000FFE7BDF82E100020019031B1FFE79DF882
:10B7E0002800C0F340100190FFE70198C00700282F
:10B7F00000F00881FFE70D980068406AADF830005E
:10B80000BDF830009DF8321008400D99896D087020
:10B810000D99886D013088650D99B1F85E00013889
:10B82000A1F85E000D980068C0690A909DF8280094
:10B830004007002852D0FFE79DF82800C00788B1D4
:10B84000FFE79DF82500C00760B1FFE70D9801688C
:10B85000012008620D99D1F8900040F00100C1F874
:10B860009000FFE79DF828008007002811D5FFE72A
:10B870009DF82000C00760B1FFE70D980168022025
:10B8800008620D99D1F8900040F00400C1F89000D2
:10B89000FFE79DF828004007002811D5FFE79DF835
:10B8A0002000C00760B1FFE70D980168042008621E
:10B8B0000D99D1F8900040F00200C1F89000FFE728
:10B8C0000D98D0F8900040B1FFE70D98FCF7CCFF41
:10B8D0000D990020C1F89000FFE7FFE70D98B0F840
:10B8E0005E00002840F08D80FFE7FFE7FFE70D983E
:10B8F000006850E8000F20F480700790FFE7079978
:10B900000D98026842E800100028F0D1FFE7FFE739
:10B91000FFE7FFE70D98006850E8020F4FF6FE7151
:10B92000CEF6FF7108400690FFE706990D98026871
:10B9300042E802100028EDD1FFE7FFE70D99202033
:10B94000C1F88C000D99002048670D9908670D9883
:10B95000006840F60041C5F6000188421CD0FFE7B0
:10B960000D98006840680002002814D5FFE7FFE743
:10B97000FFE70D98006850E8000F20F08060059008
:10B98000FFE705990D98026842E800100028F0D101
:10B99000FFE7FFE7FFE7FFE70D98C06E01282BD117
:10B9A000FFE70D990020C866FFE7FFE70D980068E4
:10B9B00050E8000F20F010000490FFE704990D9864
:10B9C000026842E800100028F0D1FFE7FFE70D9879
:10B9D0000068C06900F010010120B0EB111F05D113
:10B9E000FFE70D98016810200862FFE70D98B0F896
:10B9F0005C10FCF741FD03E00D98FDF705FDFFE746
:10BA000000E0E6E60D98B0F85E00ADF82C00BDF859
:10BA10002C00A8B3FFE7BDF82C000D99B1F8681011
:10BA200088422DDAFFE7FFE7FFE70D98006850E84E
:10BA3000020F20F080500390FFE703990D980268F1
:10BA400042E802100028F0D1FFE7FFE70D994BF222
:10BA50001160C0F600004867FFE7FFE70D98006837
:10BA600050E8000F40F020000290FFE702990D9887
:10BA7000026842E800100028F0D1FFE7FFE7FFE787
:10BA800006E00D980168886940F008008861FFE7CA
:10BA90000EB080BD0000000080B59EB01D9000205B
:10BAA0008DF867001D98006840F60041C5F600015A
:10BAB000884201D1FFE700E0FFE71D9988680B6924
:10BAC0004A69C9691843104308431C901D980068CF
:10BAD000006846F6F311CCF6FF7108401C99084344
:10BAE0001D99096808601D980068406820F440505E
:10BAF0001D9A1168D268104348601D9880691C9097
:10BB00001D98006840F60041C5F60001884206D045
:10BB1000FFE71D98016A1C9808431C90FFE71D98D9
:10BB2000006880684FF2FF41C1F2FF1108401C9984
:10BB300008431D99096888601D980068C06A20F054
:10BB40000F001D9A1168526A1043C862FFE71D98E2
:10BB5000006841F20001C4F20101884240F04180D6
:10BB6000FFE744F25440C5F60200006800F03800D8
:10BB70000146109128282FD81099DFE801F0152DE3
:10BB80002D2D2D2D2D2D192D2D2D2D2D2D2D1D2D09
:10BB90002D2D2D2D2D2D212D2D2D2D2D2D2D252DE9
:10BBA0002D2D2D2D2D2D290001208DF86D0017E054
:10BBB00004208DF86D0013E008208DF86D000FE073
:10BBC00010208DF86D000BE020208DF86D0007E04F
:10BBD00040208DF86D0003E080208DF86D00FFE7B8
:10BBE0006CE21D98006844F20041C4F200018842F2
:10BBF0002ED1FFE744F25440C5F60200006800F081
:10BC0000070001460F9105281DD80F99DFE801F0C4
:10BC100003070B0F131700208DF86D0017E00420A9
:10BC20008DF86D0013E008208DF86D000FE01020F6
:10BC30008DF86D000BE020208DF86D0007E04020AE
:10BC40008DF86D0003E080208DF86D00FFE734E291
:10BC50001D98006844F60001C4F2000188422ED10C
:10BC6000FFE744F25440C5F60200006800F0070008
:10BC700001460E9105281DD80E99DFE801F0030753
:10BC80000B0F131700208DF86D0017E004208DF8BE
:10BC90006D0013E008208DF86D000FE010208DF886
:10BCA0006D000BE020208DF86D0007E040208DF83E
:10BCB0006D0003E080208DF86D00FFE7FCE11D982A
:10BCC000006844F60041C4F2000188422ED1FFE72B
:10BCD00044F25440C5F60200006800F00700014637
:10BCE0000D9105281DD80D99DFE801F003070B0F12
:10BCF000131700208DF86D0017E004208DF86D00FB
:10BD000013E008208DF86D000FE010208DF86D0015
:10BD10000BE020208DF86D0007E040208DF86D00CD
:10BD200003E080208DF86D00FFE7C4E11D980068F6
:10BD300045F20001C4F2000188422ED1FFE744F22F
:10BD40005440C5F60200006800F0070001460C915F
:10BD500005281DD80C99DFE801F003070B0F131716
:10BD600000208DF86D0017E004208DF86D0013E0C1
:10BD700008208DF86D000FE010208DF86D000BE0AD
:10BD800020208DF86D0007E040208DF86D0003E065
:10BD900080208DF86D00FFE78CE11D98006841F26E
:10BDA0000041C4F20101884240F04180FFE744F2C3
:10BDB0005440C5F60200006800F0380001460B91BF
:10BDC00028282FD80B99DFE801F0152D2D2D2D2DCA
:10BDD0002D2D192D2D2D2D2D2D2D1D2D2D2D2D2DB7
:10BDE0002D2D212D2D2D2D2D2D2D252D2D2D2D2D97
:10BDF0002D2D290001208DF86D0017E004208DF80D
:10BE00006D0013E008208DF86D000FE010208DF814
:10BE10006D000BE020208DF86D0007E040208DF8CC
:10BE20006D0003E080208DF86D00FFE741E11D9873
:10BE3000006847F60001C4F2000188422ED1FFE7F6
:10BE400044F25440C5F60200006800F007000146C5
:10BE50000A9105281DD80A99DFE801F003070B0FA6
:10BE6000131700208DF86D0017E004208DF86D0089
:10BE700013E008208DF86D000FE010208DF86D00A4
:10BE80000BE020208DF86D0007E040208DF86D005C
:10BE900003E080208DF86D00FFE709E11D98006840
:10BEA00047F60041C4F2000188422ED1FFE744F278
:10BEB0005440C5F60200006800F0070001460991F1
:10BEC00005281DD80999DFE801F003070B0F1317A8
:10BED00000208DF86D0017E004208DF86D0013E050
:10BEE00008208DF86D000FE010208DF86D000BE03C
:10BEF00020208DF86D0007E040208DF86D0003E0F4
:10BF000080208DF86D00FFE7D1E01D98006841F6B4
:10BF10000001C4F20101884240F04180FFE744F291
:10BF20005440C5F60200006800F038000146089150
:10BF300028282FD80899DFE801F0152D2D2D2D2D5B
:10BF40002D2D192D2D2D2D2D2D2D1D2D2D2D2D2D45
:10BF50002D2D212D2D2D2D2D2D2D252D2D2D2D2D25
:10BF60002D2D290001208DF86D0017E004208DF89B
:10BF70006D0013E008208DF86D000FE010208DF8A3
:10BF80006D000BE020208DF86D0007E040208DF85B
:10BF90006D0003E080208DF86D00FFE786E01D98BE
:10BFA000006841F60041C4F20101884240F041803E
:10BFB000FFE744F25440C5F60200006800F0380084
:10BFC0000146079128282FD80799DFE801F0152DA1
:10BFD0002D2D2D2D2D2D192D2D2D2D2D2D2D1D2DB5
:10BFE0002D2D2D2D2D2D212D2D2D2D2D2D2D252D95
:10BFF0002D2D2D2D2D2D290001208DF86D0017E000
:10C0000004208DF86D0013E008208DF86D000FE01E
:10C0100010208DF86D000BE020208DF86D0007E0FA
:10C0200040208DF86D0003E080208DF86D00FFE763
:10C030003BE01D98006840F60041C5F600018842CB
:10C040002ED1FFE744F25840C5F60200006800F028
:10C0500007000146069105281DD80699DFE801F082
:10C0600003070B0F131702208DF86D0017E0042053
:10C070008DF86D0013E008208DF86D000FE01020A2
:10C080008DF86D000BE020208DF86D0007E040205A
:10C090008DF86D0003E080208DF86D00FFE703E070
:10C0A00080208DF86D00FFE7FFE7FFE7FFE7FFE780
:10C0B000FFE7FFE7FFE7FFE7FFE7FFE7FFE71D9881
:10C0C000006840F60041C5F60001884240F0B480A7
:10C0D000FFE79DF86D0001460591022814D0FFE7A7
:10C0E0000598042814D0FFE70598082816D0FFE724
:10C0F0000598102818D0FFE70598202835D0FFE7CD
:10C100000598402837D03AE0F8F7A6FD11903CE0BA
:10C1100015A8F8F7B5FD1698119036E012A8F8F7B3
:10C12000FBFE1398119030E044F20040C5F6020087
:10C13000006800F020010020B0EB511F0ED0FFE797
:10C1400044F20040C5F602000068C0F3C10149F2A4
:10C150000000C0F2D030C840119005E049F2000064
:10C16000C0F2D0301190FFE70FE040F60010C0F2AF
:10C170003D00119009E04FF40040119005E00020CF
:10C18000119001208DF86700FFE71198002852D028
:10C19000FFE711981D994A6A4FF6A451C0F60001B5
:10C1A00031F81210B0FBF1F0189018981D994968F9
:10C1B00001EB4101884207D3FFE718981D994968B0
:10C1C000B0EB013F04D9FFE701208DF8670031E0B3
:10C1D00011981D994A6803924A6A4FF6A451C0F615
:10C1E000000131F81220002304931946F4F7F4F803
:10C1F000039A049B090241EA1061000210EB52000D
:10C2000041F10001F4F7E8F81A901A98B0F5407F70
:10C210000BD3FFE71A990020B0EB115F05D1FFE7C0
:10C220001A981D990968C86003E001208DF867001D
:10C23000FFE7FFE7FFE746E11D98C069B0F5004F53
:10C2400040F0A880FFE79DF86D000146029140286C
:10C2500000F263800299DFE801F021256060296027
:10C2600060602F606060606060603560606060602A
:10C2700060606060606060606060566060606060C8
:10C2800060606060606060606060606060606060AE
:10C29000606060606060606060605C00FAF7F8F9A0
:10C2A000119040E0FAF708FA11903CE015A8F8F771
:10C2B000E7FC1698119036E012A8F8F72DFE1398B7
:10C2C000119030E044F20040C5F60200006800F032
:10C2D00020010020B0EB511F0ED0FFE744F20040D8
:10C2E000C5F602000068C0F3C10149F20000C0F2C7
:10C2F000D030C840119005E049F20000C0F2D030C3
:10C300001190FFE70FE040F60010C0F23D001190E1
:10C3100009E04FF40040119005E000201190012049
:10C320008DF86700FFE7119898B3FFE711981D9A01
:10C330005168536A4FF6A452C0F6000232F8132037
:10C34000B0FBF2F0400000EB5100B0FBF1F01A90AE
:10C350001A98102818D3FFE7BDF86A00A0B9FFE7C4
:10C360001A9820F00F00ADF86E001A9800F00E0138
:10C37000BDF86E0040EA5100ADF86E00BDF86E00E9
:10C380001D990968C86003E001208DF86700FFE788
:10C39000FFE797E09DF86D0001460191402800F20B
:10C3A00063800199DFE801F0212560602960606009
:10C3B0002F606060606060603560606060606060D9
:10C3C0006060606060606060566060606060606077
:10C3D000606060606060606060606060606060605D
:10C3E00060606060606060605C00FAF751F9119015
:10C3F00040E0FAF761F911903CE015A8F8F740FC2D
:10C400001698119036E012A8F8F786FD139811904F
:10C4100030E044F20040C5F60200006800F0200160
:10C420000020B0EB511F0ED0FFE744F20040C5F6EC
:10C4300002000068C0F3C10149F20000C0F2D03030
:10C44000C840119005E049F20000C0F2D0301190D0
:10C45000FFE70FE040F60010C0F23D00119009E048
:10C460004FF40040119005E00020119001208DF85C
:10C470006700FFE7119820B3FFE711981D9A5168F4
:10C48000536A4FF6A452C0F6000232F81320B0FBF4
:10C49000F2F000EB5100B0FBF1F01A901A9810285E
:10C4A0000AD3FFE7BDF86A0030B9FFE7BDF86800BE
:10C4B0001D990968C86003E001208DF86700FFE757
:10C4C000FFE7FFE7FFE71D990120A1F86A001D992A
:10C4D000A1F868001D99002048671D9988679DF89C
:10C4E00067001EB080BD000080B588B00690059141
:10C4F000ADF81220059806998865BDF812000699D6
:10C50000A1F85C0006990020C1F89000069922204D
:10C51000C1F88C000698D0F88000B0B3FFE7069809
:10C52000D0F880104AF65140C0F60000C863069863
:10C53000D0F880104AF6A160C0F6000008640698A2
:10C54000D0F880104AF6E130C0F60000C8640698C2
:10C55000D0F880100020086506980168826DD0F838
:10C5600080002431BDF81230F7F782FC60B1FFE79C
:10C5700006991020C1F8900006992020C1F88C007F
:10C5800001208DF81F0042E0FFE706980069A0B186
:10C59000FFE7FFE7FFE70698006850E8000F40F468
:10C5A00080700390FFE703990698026842E8001044
:10C5B0000028F0D1FFE7FFE7FFE7FFE7FFE7069876
:10C5C000006850E8020F40F001000290FFE7029976
:10C5D0000698026842E802100028F0D1FFE7FFE762
:10C5E000FFE7FFE70698006850E8020F40F04000C0
:10C5F0000190FFE701990698026842E802100028BE
:10C60000F0D1FFE7FFE700208DF81F00FFE79DF85E
:10C610001F0008B080BD000088B007900691ADF8FB
:10C620001620069807998865BDF816000799A1F8A5
:10C630005C00BDF816000799A1F85E00079900207C
:10C640004867FFE707988068B0F5805F10D1FFE783
:10C650000798006930B9FFE7079940F2FF10A1F889
:10C66000600004E00799FF20A1F86000FFE72EE0DA
:10C670000798806878B9FFE70798006928B9FFE74D
:10C680000799FF20A1F8600004E007997F20A1F836
:10C690006000FFE71AE007988068B0F1805F0FD173
:10C6A000FFE70798006928B9FFE707997F20A1F8FD
:10C6B000600004E007993F20A1F86000FFE704E074
:10C6C00007990020A1F86000FFE7FFE7FFE7FFE719
:10C6D00007990020C1F8900007992220C1F88C002A
:10C6E000FFE7FFE70798006850E8020F40F00100FD
:10C6F0000490FFE704990798026842E802100028B6
:10C70000F0D1FFE7FFE70798406EB0F1005F4CD132
:10C71000FFE7BDF816000799B1F86810884244DBBE
:10C72000FFE707988068B0F5805F0BD1FFE70798B7
:10C73000006938B9FFE707994BF20930C0F60000ED
:10C74000486706E007994BF29170C0F60000486711
:10C75000FFE707980069A0B1FFE7FFE7FFE7079849
:10C76000006850E8000F40F480700390FFE70399E1
:10C770000798026842E800100028F0D1FFE7FFE7C1
:10C78000FFE7FFE7FFE70798006850E8020F40F077
:10C7900080500290FFE702990798026842E8021071
:10C7A0000028F0D1FFE7FFE744E007988068B0F584
:10C7B000805F0BD1FFE70798006938B9FFE7079959
:10C7C0004BF28110C0F60000486706E007994BF273
:10C7D0001160C0F600004867FFE707980069A0B144
:10C7E000FFE7FFE7FFE70798006850E8000F40F415
:10C7F00090700190FFE701990798026842E80010E5
:10C800000028F0D1FFE7FFE713E0FFE7FFE7079815
:10C81000006850E8000F40F020000090FFE700990A
:10C820000798026842E800100028F0D1FFE7FFE710
:10C83000FFE7FFE7002008B070470000000000009D
:10C8400084B003900398D0F88800212842D1FFE7F4
:10C850000398B0F8560038BBFFE7FFE7FFE70398FF
:10C86000006850E8000F20F080000190FFE7019978
:10C870000398026842E800100028F0D1FFE7FFE7C4
:10C88000FFE7FFE70398006850E8000F40F0400022
:10C890000090FFE700990398026842E80010002822
:10C8A000F0D1FFE7FFE714E00398006D02900298D3
:10C8B00000886FF35F200399096888620399086D07
:10C8C000023008650399B1F856000138A1F8560006
:10C8D000FFE7FFE704B0704785B004900498D0F8F4
:10C8E000880021285DD1FFE70498B0F86A00ADF810
:10C8F0000A00FFE7BDF80A00002851D0FFE70498BE
:10C90000B0F8560038BBFFE7FFE7FFE70498006880
:10C9100050E8020F20F400000190FFE7019904980D
:10C92000026842E802100028F0D1FFE7FFE7FFE7C6
:10C93000FFE70498006850E8000F40F040000090C6
:10C94000FFE700990498026842E800100028F0D13F
:10C95000FFE7FFE724E004980068C06900060028AC
:10C9600015D5FFE70498006D0390039800886FF3D6
:10C970005F200499096888620499086D023008658F
:10C980000499B1F856000138A1F8560000E0FFE71D
:10C99000FFE7FFE7BDF80A000138ADF80A00A9E794
:10C9A000FFE705B07047000083B002900298D0F80E
:10C9B000880021283DD1FFE70298B0F8560038BB27
:10C9C000FFE7FFE7FFE70298006850E8000F20F05C
:10C9D00080000190FFE701990298026842E8001088
:10C9E0000028F0D1FFE7FFE7FFE7FFE702980068C4
:10C9F00050E8000F40F040000090FFE700990298D7
:10CA0000026842E800100028F0D1FFE7FFE70FE0DE
:10CA100002980168006D007888620299086D013003
:10CA200008650299B1F856000138A1F85600FFE7F1
:10CA3000FFE703B07047000084B003900398D0F87C
:10CA40008800212858D1FFE70398B0F86A00ADF8B4
:10CA50000A00FFE7BDF80A0000284CD0FFE7039862
:10CA6000B0F8560038BBFFE7FFE7FFE70398006820
:10CA700050E8020F20F400000190FFE701990398AD
:10CA8000026842E802100028F0D1FFE7FFE7FFE765
:10CA9000FFE70398006850E8000F40F04000009066
:10CAA000FFE700990398026842E800100028F0D1DF
:10CAB000FFE7FFE71FE003980068C0690006002851
:10CAC00010D5FFE703980168006D0078886203992C
:10CAD000086D013008650399B1F856000138A1F8D6
:10CAE000560000E0FFE7FFE7FFE7BDF80A00013866
:10CAF000ADF80A00AEE7FFE704B0704700000000A1
:10CB000080B586B0DDF820C0049003918DF80B202D
:10CB10000193FFE704980068C06903990840401A30
:10CB2000B0FA80F040099DF80B10884266D1FFE70B
:10CB300008980130002860D0FFE7F7F75DFF019902
:10CB4000401A0899884203D8FFE7089820B9FFE700
:10CB500003208DF8170055E004980068006840072E
:10CB6000002849D5FFE70398802845D0FFE70398C0
:10CB7000402841D0FFE704980068C06900F0080130
:10CB80000120B0EBD10F16D1FFE70498016808200F
:10CB9000009008620498FEF74FFA00980499C1F8D3
:10CBA0009000FFE70499002081F88400FFE701204E
:10CBB0008DF8170026E004980068C06900F4006151
:10CBC0000120B0EBD12F16D1FFE7049801684FF494
:10CBD000006008620498FEF72FFA04992020C1F83B
:10CBE0009000FFE70499002081F88400FFE703200C
:10CBF0008DF8170006E0FFE7FFE78BE700208DF8D0
:10CC00001700FFE79DF8170006B080BD0000000088
:10CC100080B540F2AC30C2F20040FBF759FE80BD57
:10CC200080B540F24040C2F20040FBF751FE80BDAB
:10CC300080B540F2D440C2F20040FBF749FE80BD0F
:10CC4000FFE7FEE70000000081B0ADF80200BDF98B
:10CC5000020000280ED4FFE7BDF9021001F01F0208
:10CC6000012090404A094EF20011CEF2000141F835
:10CC70002200FFE701B070474EF60C50CEF20000E4
:10CC80000068C0F30220704782B0ADF80600009142
:10CC9000BDF9060000280AD4FFE700980001BDF99D
:10CCA00006104EF20042CEF2000288540BE00098CB
:10CCB0000001BDF8061001F00F014EF61452CEF23D
:10CCC00000028854FFE702B0704700000000000037
:10CCD00083B00290029800F0070000904EF60C51CD
:10CCE000CEF200010868019001984FF6FF02104053
:10CCF00001900198009A40EA02200022C0F2FA5204
:10CD0000104301900198086003B0704700000000D4
:10CD100080B584B003900291ADF806208DF80530FF
:10CD2000039808B9FFE78BE002980399086003991C
:10CD30000020486003998860BDF80610039A91812D
:10CD40009DF80510039A91730399C87303990874A9
:10CD500003994874039988740398006803210DF1BE
:10CD6000020202F0E9FB8DF804009DF8040008B10E
:10CD7000FFE765E0BDF80200012811D0FFE7039846
:10CD80004FF6C353C0F600030321012200F0BCF8A4
:10CD90008DF804009DF8040008B1FFE750E0FFE7BC
:10CDA00003990120C87303984FF6CA53C0F60003D5
:10CDB00040F20931002200F0A7F88DF804009DF838
:10CDC0000400B0FA80F040090399087403980068E1
:10CDD00040F201310DF1020202F0AEFB8DF80400C9
:10CDE0009DF8040008B1FFE717E0BDF80200012834
:10CDF00012D0FFE703984FF6BC53C0F6000340F291
:10CE00000131012200F080F88DF804009DF8040043
:10CE100008B1FFE714E0FFE7FFE70399012048743A
:10CE200003980068FA22114602F0C6FB8DF8040050
:10CE30009DF80400B0FA80F0400903998874FFE778
:10CE400004B080BD0000000080B582B00190019860
:10CE500008B9FFE70DE0019840F23D510DF10202E3
:10CE600002F06AFB28B9FFE7BDF8020001990886C5
:10CE7000FFE702B080BD000080B584B0039002914E
:10CE8000039818B1FFE7029808B9FFE737E0039865
:10CE900002990A8840F2031102F0B6FB08B1FFE7DD
:10CEA0002DE0039802994A8840F2051102F0ACFB8C
:10CEB00008B1FFE723E0039840F203110DF10602E9
:10CEC00002F03AFB08B1FFE719E0BDF8060002994D
:10CED0000988884201D0FFE711E0039840F205116C
:10CEE0000DF1060202F028FB08B1FFE707E0BDF8EC
:10CEF000060002994988884201D0FFE7FFE704B0A5
:10CF000080BD00000000000080B584B00390ADF843
:10CF10000A10ADF80820019303980068BDF80A10C4
:10CF2000BDF8082002F070FB8DF803009DF80300A7
:10CF300004B080BD0000000082B001900091019813
:10CF400090ED010A9FED231AB4EE410AF1EE10FABA
:10CF500027DBFFE7019890ED010A9FED1F1AB4EE61
:10CF6000410AF1EE10FA1CDCFFE7019890ED000A8F
:10CF70009FED181AB4EE410AF1EE10FA11DBFFE74B
:10CF8000019890ED000A9FED141AB4EE410AF1EEFB
:10CF900010FA06DCFFE7009900200860009948605D
:10CFA00016E0019890ED010A9FED0C1A80EE010A3F
:10CFB000009880ED000A019890ED002A9FED080A84
:10CFC00030EE420A80EE010A009880ED010AFFE788
:10CFD00002B07047000016C300001643000048442A
:10CFE000000000800000000080B588B00790069126
:10CFF0000592049344F20000C4F2A4300390079811
:10D0000090ED001A069890ED000A9DED032A20EE9F
:10D01000020A9FED212A91EE020A8DED010A07987E
:10D0200090ED001A069890ED000A9DED033A20EE6F
:10D03000030AA1EE020A8DED000A4FF68310C4F236
:10D04000220002909DED021A9DED010A20EE010AD8
:10D050008DED010A9DED021A9DED000A20EE010AF8
:10D060008DED000A01A869469FED0C0A00F018F842
:10D070009DED010ABDEEC00A10EE100A0599088068
:10D080009DED000ABDEEC00A10EE100A4042049960
:10D09000088008B080BD00BF00007A4400A08C4525
:10D0A00085B0049003918DED020A049858B1FFE712
:10D0B000039840B1FFE79DED020AB5EE400AF1EE9C
:10D0C00010FA0FDCFFE7049820B1FFE70499002075
:10D0D0000860FFE7039820B1FFE70399002008608C
:10D0E000FFE74BE0049890ED000AB0EEC00A8DED2A
:10D0F000010A039890ED000AB0EEC00A9DED011AF6
:10D10000B4EE410AF1EE10FA08DDFFE7039890ED66
:10D11000000AB0EEC00A8DED010AFFE79DED010A9D
:10D120009DED021AB4EE410AF1EE10FA01DCFFE7C0
:10D1300024E09DED010A9FED121AB4EE410AF1EED2
:10D1400010FA1BDDFFE79DED020A9DED011A80EE4E
:10D15000010A8DED000A9DED001A049890ED000A79
:10D1600020EE010A80ED000A9DED001A039890ED73
:10D17000000A20EE010A80ED000AFFE705B07047C3
:10D18000BD3786350000000010B598B01790169195
:10D1900017990020159014901390129011901090F0
:10D1A0001098119A129BDDF84CC0DDF850E0159CE8
:10D1B0004C61C1F810E0C1F80CC08B604A60086097
:10D1C0001698019002A83821F3F7F5F90199029811
:10D1D000039A049BDDF814C0DDF818E0079C4C614D
:10D1E000C1F810E0C1F80CC08B604A600860089874
:10D1F000099A0A9BDDF82CC0DDF830E00D9CCC626A
:10D20000C1F828E0C1F824C00B62CA6188610E9899
:10D210000F9A4A63086318B010BD000000000000B8
:10D2200082B001900091019818B1FFE7009808B909
:10D23000FFE70EE00098006801990860009988688F
:10D24000CA680199CA6088600098006901990861FC
:10D25000FFE702B07047000086B003900291039888
:10D260000299401A01900198002805D4FFE701981F
:10D2700000210591049005E001984FF0FF310591E0
:10D280000490FFE70498059906B07047000000007D
:10D2900082B001900091019800680099486001995E
:10D2A0008868CA680099CA60886001980069009916
:10D2B000086102B07047000080B58AB009900891FB
:10D2C0008DF81F20099818B1FFE7089808B9FFE703
:10D2D0009BE00998006908990969884201D1FFE734
:10D2E00093E00898007858B9FFE708990120087082
:10D2F00008990020487009980899FFF7C9FF84E051
:10D3000009988268C0680899D1F808C0CB68B2EB68
:10D310000C0298410A6248620899086A496A0843FF
:10D3200058B9FFE708990020C861886108994870DA
:10D3300009980899FFF7ACFF67E009980068089919
:10D340004968FFF789FF05910490049B05989DF9B2
:10D350001F104FEAE17CA3FB012E03FB0CE300FB53
:10D36000013008998A61C861089A03929069D1696D
:10D37000136A0193526A009202F0C6FC00990246B9
:10D38000019800EE102A9FED221A20EE010A8DED81
:10D39000020A02F0B6FC9DED020A0146039801EE76
:10D3A000101A80EE010A80ED0A0A089890ED0A0A28
:10D3B0009FED181A20EE010A9FED172A20EE020AAF
:10D3C00080ED0B0A089890ED0B0AB3EE042A80EE6C
:10D3D000020A80ED0C0A089890ED0C0A9FED0F2AC6
:10D3E00020EE020A9FED0E2A20EE020A80EE010ACC
:10D3F00080ED0D0A08990120487008990020887076
:10D4000009980899FFF744FFFFE70AB080BD00BF05
:10D41000002474490000704200000037DB0FC9404F
:10D420009A99993D0000000080B584B003908DF872
:10D430000B10ADF80820ADF806309DF80B000399ED
:10D44000087003990320487003980230BDF8081053
:10D4500000F082F803980430BDF8061000F07CF864
:10D460000398062102F004FAADF80400BDF80400A8
:10D47000039988719DF805000399C87104B080BDB7
:10D4800080B584B003908DF80B10ADF80820ADF88E
:10D4900006309DF80B000399087003990620009050
:10D4A000487003980230BDF8081000F055F8039852
:10D4B0000430BDF8061000F04FF80099039802F010
:10D4C000D7F9ADF80400BDF80400039988719DF800
:10D4D00005000399C87104B080BD00000000000081
:10D4E00081B000900098008840BA01B070470000F9
:10D4F00080B582B040F21060C2F20040019040F26C
:10D50000F801C2F2004140F29002C2F2004200F083
:10D510006BFA40F2C060C2F2004040F20C11C2F25D
:10D52000004140F2C402C2F2004200F05DFA40F253
:10D530007070C2F20040022100F02EFBF7F75CFA97
:10D540000199C1F89C00002081F88100012081F838
:10D55000800002B080BD000082B00190ADF80210E2
:10D560009DF8030001990870BDF802000199487008
:10D5700002B070470000000080B586B0F3F7F4F801
:10D5800040F2E010C2F2004001F01AFC8DF81700E2
:10D5900040F22010C2F20040029000F091FF40F2F1
:10D5A000AC10C2F2004040F26C11C2F20041FFF731
:10D5B000C3FC0298B0F9201000EE101AB8EEC00AB1
:10D5C0009FED661A80EE010A8DED040AB0F9221073
:10D5D00000EE101AB8EEC00A80EE010A8DED030AC3
:10D5E000B0F91400B0F5487F11D1FFE79DED040AB2
:10D5F0009FED5B1A20EE011A40F26C10C2F200405F
:10D6000090ED000A20EE010A80ED000A06E040F2EB
:10D610006C11C2F2004100200860FFE740F22010C8
:10D62000C2F20040B0F91800B0F5487F11D1FFE711
:10D630009DED030A9FED4B1A20EE011A40F26C108B
:10D64000C2F2004090ED010A20EE010A80ED010ACD
:10D6500006E040F26C11C2F2004100204860FFE792
:10D6600040F26C10C2F200400190011D00F108026E
:10D6700000F10A03FFF7B8FC01990A8940F2106033
:10D68000C2F20040A0F88C20498940F2C062C2F288
:10D690000042A2F88C1090F8AC0040B1FFE740F2D5
:10D6A0001061C2F200410020A1F88C00FFE740F2B7
:10D6B000C060C2F2004090F8AC0040B1FFE740F219
:10D6C000C061C2F200410020A1F88C00FFE740F2E7
:10D6D0008C00C2F20040007890B9FFE740F22010C1
:10D6E000C2F2004090F82E0050B9FFE740F220103F
:10D6F000C2F20040B0F9100010F5487F0ED1FFE7EC
:10D7000040F21061C2F200410020A1F88C0040F20A
:10D71000C061C2F20041A1F88C00FFE79DF817102C
:10D7200040F27070C2F2004000F07EFA40F21061E8
:10D73000C2F2004101F13000483101220092FFF7AE
:10D74000BBFD009A40F2C061C2F2004101F130001D
:10D750004831FFF7B1FD06B080BD00BF0000C844EE
:10D76000D631E23F5E24AC4080B584B00290ADF883
:10D7700006108DF805208DF804309DF8040003286C
:10D7800004D1FFE70720ADF802000DE09DF804008A
:10D79000062804D1FFE70820ADF8020003E00520C9
:10D7A000ADF80200FFE7FFE7BDF80600BDF8021084
:10D7B000884204DAFFE700208DF80F0032E002987B
:10D7C000BDF8061002F054F8ADF80000BDF80000F6
:10D7D00020B1FFE700208DF80F0023E002980078C9
:10D7E0009DF80510884204D0FFE700208DF80F0057
:10D7F00018E0029840780006002804D5FFE70020D2
:10D800008DF80F000EE0029840789DF804108842D1
:10D8100004D0FFE700208DF80F0003E001208DF811
:10D820000F00FFE79DF80F0004B080BD000000006E
:10D8300080B5FF200022114601F0E2FD80BD00000E
:10D8400080B584B000208DF80F0040F21820C2F29D
:10D85000004090ED0D0AB6EE001AB4EE410AF1EE6A
:10D8600010FA06DDFFE79DF80F0001308DF80F007C
:10D87000FFE740F21820C2F2004090ED0F0AB6EE2A
:10D88000001AB4EE410AF1EE10FA06DDFFE79DF84A
:10D890000F0001308DF80F00FFE740F28C00C2F25C
:10D8A00000400078012806D1FFE7FF200022114642
:10D8B00001F0A6FD5CE09DF80F00002842D0FFE7D4
:10D8C000F7F79AF8024641F6F110C0F27650A2FB43
:10D8D0000010400940F2DC5100FB11200290029838
:10D8E00080087C2827D8FFE79DF80F104FF4FA70C6
:10D8F000B0FBF1F0019001984AF6AB21CAF6AA21DB
:10D90000A0FB011040080090029A0199B2FBF1F0CF
:10D9100000FB11200099884206D2FFE70021FF2278
:10D92000104601F06DFD05E000221046114601F0A1
:10D9300067FDFFE705E000221046114601F060FD9B
:10D94000FFE715E040F22010C2F20040B0F91000ED
:10D9500010F5487F06D1FFE7FF210022084601F0BD
:10D960004FFD05E0FF210022104601F049FDFFE7D1
:10D9700004B080BD0000000083B001908DF803105A
:10D98000019991F88200013081F88200019890F8A5
:10D990008200022809D8FFE70199012081F8800060
:10D9A0009DF803008DF80B0019E0019890F88100B4
:10D9B00068B9FFE70199012081F8AC0001990420C2
:10D9C00081F880009DF803008DF80B0007E00199B5
:10D9D000032081F8800000208DF80B00FFE79DF800
:10D9E0000B0003B07047000080B584B00390029133
:10D9F000019202980399C1F8840001980399C1F833
:10DA0000880003990020009081F88000039981F834
:10DA100081000399A1F88C00039981F88200039991
:10DA200081F8830003990885039948850399C862A2
:10DA3000039901F130004831FFF7A6FB00980399E4
:10DA4000C1F890000399C1F894000399C1F89800B7
:10DA50000399C1F89C000399C1F8A000039981F8CB
:10DA6000A400039981F8A5000399C1F8A8000399BF
:10DA700081F8AC00039800F0DBFC04B080BD00002E
:10DA800080B582B00190019828B1FFE70198D0F8E5
:10DA9000840008B9FFE721E00199D1F8A80001301E
:10DAA000C1F8A800019890F8A400022807D8FFE761
:10DAB000019991F8A400013081F8A400FFE70198D2
:10DAC00090F8A400032805D3FFE70199012081F80D
:10DAD000A500FFE7019800F0ABFCFFE702B080BDB6
:10DAE00080B582B00190019828B1FFE70198D0F885
:10DAF000840008B9FFE70AE00199002081F8A4003A
:10DB0000019981F8A500019800F092FCFFE702B0AE
:10DB100080BD00000000000081B040F28C00C2F225
:10DB20000040017801200090B9B9FFE740F22010D1
:10DB3000C2F2004090F82E100120009069B9FFE772
:10DB400040F22010C2F20040B0F9100000F5487019
:10DB5000B0FA80F040090090FFE7009800F0010063
:10DB600001B070470000000081B00090009820B123
:10DB7000FFE70098007B08B9FFE709E000990A7BFE
:10DB8000487B431CB3FBF2F000FB12304873FFE705
:10DB900001B070470000000082B001908DF80310C2
:10DBA000019808B9FFE73CE000208DF80200FFE78C
:10DBB0009DF8020002280DD8FFE701999DF8022088
:10DBC000002041F82200FFE79DF8020001308DF8A7
:10DBD0000200EDE79DF80300019908730198007BAE
:10DBE000042804D3FFE7019903200873FFE7019994
:10DBF000002048730198007B38B1FFE7019940F29B
:10DC00001060C2F200400860FFE70198007B022824
:10DC100007D3FFE7019940F2C060C2F200404860BC
:10DC2000FFE702B07047000080B584B003908DF824
:10DC30000B10039820B1FFE70398007B08B9FFE7BA
:10DC400055E00398007B042804D3FFE703990320E1
:10DC50000873FFE70398017B407B884204DBFFE702
:10DC6000039900204873FFE70398417B50F8210097
:10DC70000190019820B9FFE70398FFF775FF36E0A0
:10DC80009DF80B0003280AD0FFE79DF80B0004283D
:10DC900005D0FFE79DF80B00052813D1FFE7019899
:10DCA00090F8800002280DD0FFE7019890F88000DE
:10DCB000052807D0FFE740F2E010C2F2004000F074
:10DCC000E7FF14E001989DF80B1000F015F88DF8AF
:10DCD00003009DF80300032805D0FFE79DF803002B
:10DCE000042804D1FFE70398FFF73EFFFFE704B0E5
:10DCF00080BD00000000000080B594B012908DF847
:10DD00004710129828B1FFE71298D0F8840020B984
:10DD1000FFE700208DF84F0085E3F6F76DFE1090C9
:10DD2000129890F8800001460491062800F2728350
:10DD30000499DFE811F007001D008D00EB01F001F0
:10DD400074023F0310981299C1F89C0012990020A8
:10DD500081F88200129981F88300129981F8AC0051
:10DD6000129981F881001299012081F8800056E310
:10DD70009DF8470020B1FFE702208DF84F0052E3E5
:10DD8000129890F8810028B9FFE740F60530ADF809
:10DD90003C0020E0129890F8810001280ED1FFE7A6
:10DDA000FFF7BAFE28B1FFE71299032081F880003F
:10DDB00035E340F61C30ADF83C000BE01299012031
:10DDC00081F8AC001299042081F8800000208DF8C1
:10DDD0004F0028E3FFE71298D0F888100979BDF8C2
:10DDE0003C200223FFF720FB129901F10803D1F830
:10DDF000880080686A4650602020106040F2E01081
:10DE0000C2F20040082201F09FF88DF83F009DF813
:10DE10003F0068B9FFE7F6F7EFFD1299C1F89000EF
:10DE20001299022081F8800001208DF84F00FAE25B
:10DE30009DF83F00022804D1FFE702208DF84F0033
:10DE4000F1E212980421FFF797FD8DF84F00EAE206
:10DE5000129890F88100012812D1FFE7FFF75CFECD
:10DE600070B1FFE740F2E010C2F2004000F02CFF7A
:10DE70001299032081F8800000208DF84F00D2E233
:10DE80009DF84700032840F01481FFE712980830FE
:10DE900040F2E011C2F20041C98A129AD2F88820F9
:10DEA00012790323FFF760FC8DF83B009DF83B10CF
:10DEB0000020039091B1FFE740F2E010C2F2004071
:10DEC000C18A00200929039008D1FFE71298807ABF
:10DED0000438B0FA80F040090390FFE7039800F09F
:10DEE00001008DF83B009DF83B00002800F0D08039
:10DEF000FFE7129890F88100002854D1FFE71298AC
:10DF00000B30FFF7EDFA1299088512980D30FFF7E4
:10DF1000E7FA12994885F6F76FFD1299D1F890202B
:10DF2000801AC1F894001298D0F88400807B0128F0
:10DF300015D1FFE71298B0F92A0000EE100AB8EEEA
:10DF4000C00A40F21820C2F2004080ED010A129986
:10DF500091ED250AB8EE400A80ED030A14E012980C
:10DF6000B0F92A0000EE100AB8EEC00A40F21820FC
:10DF7000C2F2004080ED070A129991ED250AB8EE31
:10DF8000400A80ED090AFFE71298FFF7A9FD1299F0
:10DF9000002081F882001299012081F881001299F5
:10DFA00081F880006AE0129890F88100012852D12F
:10DFB000FFE712980B30FFF793FAADF8380012988C
:10DFC0000D30FFF78DFAADF83600BDF83810BDF80A
:10DFD000360040EA01400C900C981299C8621298E1
:10DFE000C06A069040F2E010C2F20040D0E906019B
:10DFF000099108901298006C01300A901298303004
:10E0000006A9FFF70DF91298D0F88400807B01284B
:10E010000CD1FFE7129890ED0B0AB8EEC00A40F25F
:10E020001820C2F2004080ED100A0BE0129890ED2B
:10E030000B0AB8EEC00A40F21820C2F2004080ED90
:10E04000110AFFE71299002081F88200129903203B
:10E0500081F8800011E01299012081F8AC0012993A
:10E06000042081F8800040F2E010C2F2004000F08D
:10E070000FFE00208DF84F00D5E1FFE740F2E010E1
:10E08000C2F2004000F004FE03208DF84F00CAE108
:10E0900012980321FFF770FC8DF8170040F2E01092
:10E0A000C2F2004000F0F4FD9DF817008DF84F001B
:10E0B000B9E19DF84700042805D0FFE79DF8470027
:10E0C00005281FD1FFE79DF84700042809D1FFE785
:10E0D000129890F8810020B9FFE71298FFF7D0FC62
:10E0E000FFE712980421FFF747FC8DF8160040F275
:10E0F000E010C2F2004000F0CBFD9DF816008DF854
:10E100004F0090E102208DF84F008CE1129904201D
:10E1100081F8800083E19DF8470020B1FFE70220ED
:10E120008DF84F007FE11298B0F88C00ADF8140024
:10E13000BDF9140041F29511884205DBFFE741F279
:10E140009410ADF814000EE0BDF914004EF66B61AA
:10E15000CFF6FF71884205DCFFE74EF66C60ADF844
:10E160001400FFE7FFE71298D0F88400807B0128B5
:10E1700015D1FFE7BDF9140000EE100AB8EEC00A91
:10E1800040F21820C2F2004080ED000A90ED000A33
:10E1900090ED011A30EE410A80ED020A14E0BDF95B
:10E1A000140000EE100AB8EEC00A40F21820C2F2C5
:10E1B000004080ED060A90ED060A90ED071A30EE59
:10E1C000410A80ED080AFFE71298D0F88810097913
:10E1D000BDF8143040F20932FFF752F9129901F1FB
:10E1E0000803D1F8880080686A46506020201060DB
:10E1F00040F2E010C2F20040082200F0A5FE68B92B
:10E20000FFE7F6F7F9FB1299C1F890001299052083
:10E2100081F8800001208DF84F0004E1FFE09DF8B7
:10E22000470003286DD1FFE71298083040F2E01153
:10E23000C2F20041C98A129AD2F8882012790623C4
:10E24000FFF792FA78B3FFE7F6F7D6FB1299D1F809
:10E250009020801AC1F898001298D0F88400807B32
:10E2600001280CD1FFE7129890ED260AB8EE400A7B
:10E2700040F21820C2F2004080ED040A0BE0129830
:10E2800090ED260AB8EE400A40F21820C2F2004093
:10E2900080ED0A0AFFE71298FFF722FC129900208E
:10E2A00081F883001FE0129991F88300013081F812
:10E2B0008300129890F88300032805D3FFE7129992
:10E2C000062081F880000DE040F2E010C2F200402C
:10E2D00000F0DEFC1299042081F8800003208DF804
:10E2E0004F00A0E0FFE740F2E010C2F2004000F073
:10E2F000CFFC1299062081F8800003208DF84F0092
:10E3000091E09DF8470004282BD1FFE71298FFF712
:10E31000B7FB129991F88300013081F883001298BD
:10E3200090F88300032805D3FFE71299062081F8AF
:10E3300080000CE040F2E010C2F2004000F0A8FCC7
:10E340001299042081F880008DF84F006BE040F2B4
:10E35000E010C2F2004000F09BFC04208DF84F005A
:10E3600061E09DF84700052820D1FFE7129991F858
:10E370008300013081F88300129890F8830003280D
:10E3800005D3FFE71299062081F8800004E0129976
:10E39000042081F88000FFE740F2E010C2F2004064
:10E3A00000F076FC04208DF84F003CE002208DF850
:10E3B0004F0038E010981299D1F89C20801AC1F8CB
:10E3C000A0001298D0F88400807B01280CD1FFE7D0
:10E3D000129890ED280AB8EE400A40F21820C2F2D6
:10E3E000004080ED050A0BE0129890ED280AB8EE87
:10E3F000400A40F21820C2F2004080ED0B0AFFE70D
:10E4000010981299D1F8841048601299002081F870
:10E41000800004E01299002081F88000FFE70020CE
:10E420008DF84F00FFE79DF84F0014B080BD00004D
:10E4300081B00090009828B1FFE70098D0F88400E0
:10E4400008B9FFE738E00098D0F88400807B012805
:10E4500015D1FFE7009890ED2A0AB8EE400A40F285
:10E460001820C2F2004080ED0C0A009991F8A51026
:10E4700000EE101AB8EE400A80ED0D0A1CE000987C
:10E48000D0F88400807B022815D1FFE7009890ED3A
:10E490002A0AB8EE400A40F21820C2F2004080ED8D
:10E4A0000E0A009991F8A51000EE101AB8EE400A75
:10E4B00080ED0F0AFFE7FFE701B0704700000000A2
:10E4C00080B582B00190F6F797FA01990863019937
:10E4D000086B496B401AC92805D3FFE70199012051
:10E4E00081F82E0004E00199002081F82E00FFE75A
:10E4F00002B080BD000000008AB040F2FC50C2F2C1
:10E5000000400078C00720B9FFE700200790069080
:10E5100031E0EFF3108008900898059072B641F250
:10E520000400CEF2000000680490049840F20062FB
:10E53000C2F200421168401A0390DDF80CC040F2AC
:10E540000861C2F200410B68486813EB0C0340F10C
:10E5500000000B60486004981060086849680191E9
:10E56000009005980990099880F310880098019907
:10E5700007910690FFE7069807990AB070470000D8
:10E5800080B584B0039002910398B0F9000000EECA
:10E59000100AB8EEC00A0298D0ED000A9FED1E1ACC
:10E5A0008DED011A01F06CF89DED011A029880EDD5
:10E5B000000A0398B0F9020000EE100AB8EEC00A93
:10E5C0000298D0ED010A01F05BF89DED011A029866
:10E5D00080ED010A0398B0F9040000EE100AB8EECD
:10E5E000C00A0298D0ED020A01F04AF89DED011A26
:10E5F000029880ED020A0398B0F9060000EE100AB6
:10E60000B8EEC00A0298D0ED030A01F039F802987A
:10E6100080ED030A04B080BD310C433D00000000D2
:10E6200080B582B0019040F26850C2F20040009084
:10E630000268516841F400215160026810211162A2
:10E640000268082111620268022111620268042135
:10E65000116240F27811C2F200413222F9F760FEF5
:10E660000098D0F8800000681021C4F202018842AE
:10E6700000F0D180FFE740F26850C2F20040D0F8CD
:10E68000800000682821C4F20201884200F0C380A3
:10E69000FFE740F26850C2F20040D0F88000006806
:10E6A0004021C4F20201884200F0B580FFE740F249
:10E6B0006850C2F20040D0F8800000685821C4F2CF
:10E6C0000201884200F0A780FFE740F26850C2F2E2
:10E6D0000040D0F8800000687021C4F20201884236
:10E6E00000F09980FFE740F26850C2F20040D0F895
:10E6F000800000688821C4F20201884200F08B800B
:10E70000FFE740F26850C2F20040D0F88000006895
:10E71000A021C4F2020188427DD0FFE740F2685098
:10E72000C2F20040D0F880000068B821C4F20201B3
:10E73000884270D0FFE740F26850C2F20040D0F843
:10E740008000006840F21041C4F20201884262D0A9
:10E75000FFE740F26850C2F20040D0F88000006845
:10E7600040F22841C4F20201884254D0FFE740F24F
:10E770006850C2F20040D0F88000006840F240418A
:10E78000C4F20201884246D0FFE740F26850C2F26C
:10E790000040D0F88000006840F25841C4F2020105
:10E7A000884238D0FFE740F26850C2F20040D0F80B
:10E7B0008000006840F27041C4F2020188422AD011
:10E7C000FFE740F26850C2F20040D0F880000068D5
:10E7D00040F28841C4F2020188421CD0FFE740F2B7
:10E7E0006850C2F20040D0F88000006840F2A041BA
:10E7F000C4F2020188420ED0FFE740F26850C2F234
:10E800000040D0F88000006840F2B841C4F2020134
:10E8100088420CD1FFE740F26850C2F20040D0F8C5
:10E8200080000168086820F0080008600BE040F2F2
:10E830006850C2F20040D0F880000168086820F0FB
:10E8400004000860FFE70199012081F82E0001997A
:10E85000002088630199C86301990864019948649C
:10E860000199886402B080BD80B58CB0ADF82E00EF
:10E87000BDF82E001928C0F00581FFE740F278109E
:10E88000C2F200400DF10E0100F0AEFC002800F0D5
:10E89000E080FFE7F6F7B0F840F22011C2F2004145
:10E8A000486300208DF80D00FFE79DF80D000F284C
:10E8B00013D8FFE79DF80D200DF10E0030F812007F
:10E8C00040F2BC11C2F2004121F81200FFE79DF8AE
:10E8D0000D0001308DF80D00E7E7F6F78DF840F2F6
:10E8E0002011C2F200418863886BC96B88420BD04B
:10E8F000FFE740F22011C2F20041886BCA6B801A18
:10E900000864886BC863FFE7BDF80E00A0F5787057
:10E9100040F22011C2F2004102910880BDF81000BF
:10E92000A0F578704880BDF81200A0F57870888056
:10E93000BDF81400A0F57870C880BDF81E00C0387E
:10E940000884BDF82000C0384884BDF81600C0F522
:10E9500078700881BDF81800C0F578704881BDF85E
:10E960001A00C0F578708881BDF81C00C0F5787079
:10E97000C88100208DF80C00FFE79DF80C000328EB
:10E9800047D8FFE79DF80C1040F22010C2F200407B
:10E9900000EB4100B0F90800B0F5C87F0CDBFFE7E1
:10E9A0009DF80C1040F22010C2F2004000EB8101F3
:10E9B0004FF44870088225E09DF80C1040F22010BA
:10E9C000C2F2004000EB4100B0F9080010F5C87F2A
:10E9D0000CDCFFE79DF80C1040F22010C2F2004062
:10E9E00000EB81014FF6E04008820AE09DF80C1030
:10E9F00040F22010C2F2004000EB810100200882AA
:10EA0000FFE7FFE7FFE79DF80C0001308DF80C00F1
:10EA1000B3E740F22010C2F20040019040F2AC1186
:10EA2000C2F20041FFF7ACFD0198406C10F1FF0FFE
:10EA300007D3FFE740F22011C2F2004100204864F2
:10EA4000FFE740F22011C2F20041486C01304864F7
:10EA500017E040F22010C2F20040806C10F1FF0F6E
:10EA600007D3FFE740F22011C2F200410020886482
:10EA7000FFE740F22011C2F20041886C0130886447
:10EA8000FFE7FFE740F26850C2F200400090F9F75C
:10EA9000D3FD009840F27811C2F200413222F9F71A
:10EAA0003FFC0098D0F8800000681021C4F20201F9
:10EAB000884200F0D180FFE740F26850C2F2004087
:10EAC000D0F8800000682821C4F20201884200F0DA
:10EAD000C380FFE740F26850C2F20040D0F88000E7
:10EAE00000684021C4F20201884200F0B580FFE7CF
:10EAF00040F26850C2F20040D0F88000006858210F
:10EB0000C4F20201884200F0A780FFE740F268509B
:10EB1000C2F20040D0F8800000687021C4F2020107
:10EB2000884200F09980FFE740F26850C2F200404E
:10EB3000D0F8800000688821C4F20201884200F009
:10EB40008B80FFE740F26850C2F20040D0F88000AE
:10EB50000068A021C4F2020188427DD0FFE740F2A4
:10EB60006850C2F20040D0F880000068B821C4F2BA
:10EB70000201884270D0FFE740F26850C2F20040C4
:10EB8000D0F88000006840F21041C4F202018842CF
:10EB900062D0FFE740F26850C2F20040D0F8800037
:10EBA000006840F22841C4F20201884254D0FFE7D5
:10EBB00040F26850C2F20040D0F88000006840F295
:10EBC0004041C4F20201884246D0FFE740F268505B
:10EBD000C2F20040D0F88000006840F25841C4F210
:10EBE0000201884238D0FFE740F26850C2F200408C
:10EBF000D0F88000006840F27041C4F202018842FF
:10EC00002AD0FFE740F26850C2F20040D0F88000FE
:10EC1000006840F28841C4F2020188421CD0FFE73C
:10EC200040F26850C2F20040D0F88000006840F224
:10EC3000A041C4F2020188420ED0FFE740F26850C2
:10EC4000C2F20040D0F88000006840F2B841C4F23F
:10EC5000020188420CD1FFE740F26850C2F2004046
:10EC6000D0F880000168086820F0080008600BE018
:10EC700040F26850C2F20040D0F880000168086895
:10EC800020F004000860FFE70CB080BD0000000029
:10EC900080B582B00190019898B1FFE701990020FA
:10ECA000C8820199C1E9060001990871019981F8AA
:10ECB0003000019981F83100F5F79EFE0199C86294
:10ECC000FFE702B080BD000080B582B001900198DE
:10ECD00020B1FFE70198006808B9FFE716E0019846
:10ECE0000079012805D0FFE701980079022809D1B1
:10ECF000FFE701980068F9F73BFD01980068F9F714
:10ED00009BFCFFE70198FFF7C3FFFFE702B080BD60
:10ED100081B000900098B8B1FFE700980079012811
:10ED20000AD0FFE700980079022805D0FFE7009994
:10ED3000012081F8310007E00099012081F83000BE
:10ED4000009904200871FFE701B07047000000003F
:10ED500084B002900191029818B1FFE7019820B9A0
:10ED6000FFE701208DF80F0025E001980299086067
:10ED700002990020009008710299886002998881A8
:10ED800002990861029988820299C8820299C1E9B0
:10ED900006000299086202994862029981F82800E7
:10EDA0000299C862029981F83000029981F8310015
:10EDB0008DF80F00FFE79DF80F0004B070470000CA
:10EDC00080B584B00290029820B9FFE700208DF84A
:10EDD0000F0029E0F5F710FE019002980079012854
:10EDE00005D0FFE702980079022818D1FFE70198C3
:10EDF000029A116A526A801A88420FD9FFE7029874
:10EE00000068F9F7B5FC02980068F9F715FC02985C
:10EE1000019900F00DF88DF80F0005E0FFE702986A
:10EE200000798DF80F00FFE79DF80F0004B080BD5A
:10EE300080B584B002900191029860B1FFE702981A
:10EE4000006840B1FFE70298806820B1FFE70298B0
:10EE5000808978B9FFE7029840B1FFE70299052061
:10EE600008710299012081F83100FFE705208DF833
:10EE70000F003DE0029991F82800013081F8280048
:10EE8000029890F82800032806D3FFE7029904208F
:10EE900008718DF80F002BE002990020C8820299BA
:10EEA000C1E90600029981F83000029981F8310029
:10EEB000019802994862029901200871029A10682B
:10EEC00091689289FAF754FB8DF803009DF80300CE
:10EED00050B1FFE7029905200871029A012182F8DA
:10EEE00031108DF80F0003E001208DF80F00FFE7CF
:10EEF0009DF80F0004B080BD80B582B00190ADF8E0
:10EF000002100198D8B1FFE701980079022805D0D6
:10EF1000FFE70199012081F8310010E0BDF80200FF
:10EF20000199C882F1F720FC019AC2E90601019912
:10EF300003200871F5F760FD0199C862FFE702B090
:10EF400080BD00000000000080B588B084460B98AA
:10EF50000A98CDF818C00591ADF812200393ADF8CA
:10EF60000A00069890B1FFE70698006870B1FFE7C5
:10EF7000059858B1FFE7BDF8120038B1FFE70398D4
:10EF800020B1FFE7BDF80A0020B9FFE701208DF8A6
:10EF90001F0056E00698007920B1FFE702208DF8A7
:10EFA0001F004EE0F5F728FD019001980699C96A07
:10EFB000401A20B9FFE702208DF81F0041E00598B4
:10EFC00006998860BDF81200069988810398069911
:10EFD0000861BDF80A000699888206990020C88257
:10EFE0000699C1E906000B99069A11620199069AE1
:10EFF0005162069981F82800069981F83000069937
:10F0000081F8310006990120087106980068059979
:10F01000BDF81220FAF7ACFA8DF809009DF8090046
:10F0200058B1FFE70699002008710699012081F880
:10F03000310004208DF81F0003E000208DF81F0030
:10F04000FFE79DF81F0008B080BD00000000000031
:10F0500010B58AB084460E980D980C98CDF820C053
:10F060000791ADF81A200593ADF812000D99002014
:10F070000880FFE708980799BDF81A20059BBDF89E
:10F0800012C00E9CEE46CEF80440CEF800C0FFF74A
:10F090005BFF8DF81100FFE79DF811000228E9D011
:10F0A000FFE79DF8110028B1FFE79DF811008DF8EA
:10F0B000270049E0F5F7A0FC039003980E99084457
:10F0C00000F57A700290FFE70898FFF779FE8DF857
:10F0D00010009DF81000032810D1FFE70898C08A9F
:10F0E0000D9908800898FFF7D3FD0D980188052039
:10F0F000002918BF00208DF8270025E09DF810009A
:10F10000042807D1FFE70898FFF7C2FD03208DF818
:10F11000270019E09DF81000052807D1FFE708989F
:10F12000FFF7B6FD04208DF827000DE0FFE7F5F7A7
:10F1300063FC02998842C7D3FFE70898FFF7A8FD50
:10F1400003208DF82700FFE79DF827000AB010BDC7
:10F1500080B582B00190019820B1FFE70198006866
:10F1600008B9FFE73BE001980079012805D0FFE7E7
:10F170000199012081F8310031E00198006920B146
:10F18000FFE70198808A40B9FFE7019905200871DF
:10F190000199012081F8310021E00198006801689F
:10F1A0001020086201980068016808200862019A2E
:10F1B00010681169928AF9F70BF98DF803009DF830
:10F1C000030020B9FFE701990220087107E00199C7
:10F1D000052008710199012081F83100FFE702B094
:10F1E00080BD00000000000083B0019000910198F4
:10F1F00000780F2804D1FFE70198007E20B1FFE7D7
:10F2000000208DF80B00A9E001994878897840EA40
:10F2100001206FF3DF200099088001998878C97870
:10F22000C00840EA41106FF3DF200099488001993F
:10F23000C8780A794979800940EA820040EA812049
:10F240006FF3DF2000998880019948798979400817
:10F2500040EAC1106FF3DF200099C88001998879D6
:10F26000C979000940EA01106FF3DF200099088195
:10F270000199C8790A7A497AC00940EA420040EA0D
:10F2800041206FF3DF20009948810199487A897AFB
:10F29000800840EA81106FF3DF200099888101998E
:10F2A000887AC97A400940EAC1000099C881019969
:10F2B000087B497B40EA01206FF3DF200099088238
:10F2C0000199487B897BC00840EA41106FF3DF2039
:10F2D000009948820199887BCA7B097C800940EAB1
:10F2E000820040EA81206FF3DF2000998882019933
:10F2F000087C497C400840EAC1106FF3DF20009988
:10F30000C8820199487C897C000940EA01106FF3AA
:10F31000DF20009908830199887CCA7C097DC00997
:10F3200040EA420040EA41206FF3DF200099488321
:10F330000199087D497D800840EA81106FF3DF2044
:10F34000009988830199487D897D400940EAC10080
:10F350000099C88301208DF80B00FFE79DF80B0092
:10F3600003B0704700000000D0B502AFA2B047F86C
:10F370000C0C07F80D1C4FF0FF4047F8780C17F8FD
:10F380000D1C684647F87C0C072000EB810020F03C
:10F3900007026846801A47F88C0C85468A0047F8B1
:10F3A000882C47F8801C57F80C1C17F80D2C92007D
:10F3B000F1F7CFF857F88C1C57F8882CA7F171009B
:10F3C00047F8840CF1F780F857F8841C17F80D2CD7
:10F3D00057F8780C41F8220017F80D2C042000EBA8
:10F3E000820240F2AC30C2F200406423FAF714F813
:10F3F00057F87C0C8546A7F10804A546D0BD00004F
:10F4000080B588B08DF81F008DF81E108DF81D2076
:10F4100000208DF804000090FFE70098072828DC02
:10F42000FFE79DF81E00009BD840C107602000291F
:10F43000024618BF78220DF10501CB1ADA719DF84A
:10F440001F20009BDA40D207002A024618BF78220C
:10F45000CB1ADA739DF81D30009AD340DB07002BDE
:10F4600018BF7820891AC875FFE70098013000900E
:10F47000D3E740F2D820C2F2004001A900224FF6A3
:10F48000FF73F8F7C9F9FFE740F2D820C2F2004055
:10F4900090F88100012801D0FFE7F5E740F2D8207D
:10F4A000C2F200400DF1050118224FF6FF73F8F784
:10F4B000B3F900200090FFE7009863280FDCFFE716
:10F4C00040F2D820C2F2004001A901224FF6FF739A
:10F4D000F8F7A2F9FFE7009801300090ECE708B0D8
:10F4E00080BD00000000000085B0049003918DF8FD
:10F4F0000B200193049808B9FFE71AE003980499D8
:10F5000008609DF80B0004990871019818B9FFE78D
:10F510006420009002E001980090FFE700980499B1
:10F520008860049900200873049948730499C88579
:10F53000FFE705B07047000080B586B00490ADF8D5
:10F540000E100292049838B1FFE70498006818B1D1
:10F55000FFE7029820B9FFE701208DF8170024E0AB
:10F5600004990020C885DDF810C0DCF800009CF884
:10F570000410BDF80E20029BDCF808C0EE46CEF861
:10F5800000C000F011FA8DF807009DF8070038B9A7
:10F59000FFE7049903200873049900204873FFE7EC
:10F5A0009DF807008DF81700FFE79DF8170006B0DB
:10F5B00080BD00000000000080B584B00290ADF86E
:10F5C0000610ADF804200298BDF8062040F219316B
:10F5D00000F01AF88DF803009DF8030028B1FFE74A
:10F5E0009DF803008DF80F0009E00298BDF8042093
:10F5F00040F21B3100F008F88DF80F00FFE79DF88E
:10F600000F0004B080BD000080B586B00490ADF856
:10F610000E10ADF80C20049820B1FFE704980068A4
:10F6200020B9FFE701208DF8170025E0049900209C
:10F63000C885DDF810C0DCF800009CF80410BDF8A7
:10F640000E20BDF80C30DCF808C0EE46CEF800C045
:10F6500000F0B2FA8DF80B009DF80B0038B9FFE707
:10F66000049906200873049900204873FFE79DF869
:10F670000B008DF81700FFE79DF8170006B080BD5E
:10F6800083B08DED020ACDED010A8DED001A9DEDDE
:10F69000001A9DED022AB7EE000A30EE410A9DEDF8
:10F6A000013A20EE030AA1EE020A03B070470000FF
:10F6B00080B588B000200790F5F7B6F9FAF784FD19
:10F6C000FAF722F8FAF704F8FAF712FAFAF760F9FB
:10F6D000FAF7BEF9FAF70CF9FAF79EF8FAF7D8F844
:10F6E000F1F76AF818B9FFE7F1F712FEFFE740F209
:10F6F0006030C2F20040F8F7D3FB18B1FFE7F1F732
:10F7000007FEFFE740F2E010C2F20040009040F236
:10F71000D441C2F20041FFF71BFB009940F2900078
:10F72000C2F2004005900122029264230193FFF788
:10F73000DBFE0099019B40F2C400C2F2004006903B
:10F7400002220492FFF7D0FE029B059940F2F800D6
:10F75000C2F2004000220392FDF7DAFA039A049BFA
:10F76000069940F20C10C2F20040FDF7D1FA05985C
:10F77000FDF76AFB0698FDF767FB059840F2080164
:10F78000C2F20041FDF778FB069840F20C01C2F28C
:10F790000041FDF771FB40F22010C2F20040FEF77D
:10F7A0003FFFFDF7A5FEFEF743F8FFE7FDF7E4FE98
:10F7B000F0F766FFFEF744F8F8E7000000000000ED
:10F7C00080B582B00190ADF802100198BDF802102A
:10F7D00000F04EF8ADF80000BDF800000199BDF84A
:10F7E000022088549DF80100019ABDF802101144CE
:10F7F000487002B080BD000080B584B00290ADF8C2
:10F800000610029828B1FFE7BDF80600032804D8C7
:10F81000FFE707208DF80F0023E00298BDF80610DF
:10F82000023989B200F024F8ADF804000299BDF85D
:10F830000600014411F8020C11F8011C40EA0120F5
:10F84000ADF80200BDF80400BDF80210884204D0F3
:10F85000FFE703208DF80F0003E000208DF80F0074
:10F86000FFE79DF80F0004B080BD0000000000001D
:10F8700084B00290ADF806104FF6FF70ADF80400AA
:10F88000029820B9FFE70020ADF80E0043E0002009
:10F89000ADF80200FFE7BDF80200BDF8061088428F
:10F8A00034DAFFE70298BDF80210415CBDF80400AD
:10F8B0004840ADF8040000208DF80100FFE79DF8F6
:10F8C000010007281BD8FFE7BDF80400C00748B1B6
:10F8D000FFE7BDF804104AF2010080EA5100ADF8DC
:10F8E000040005E0BDF804004008ADF80400FFE79F
:10F8F000FFE79DF8010001308DF80100DFE7FFE729
:10F90000BDF802000130ADF80200C4E7BDF8040004
:10F91000ADF80E00FFE7BDF80E0004B07047000020
:10F9200081B000900098008840BA01B07047000094
:10F9300082B08DF806009DF806000146009105286A
:10F9400019D80099DFE801F0030B1307170F002007
:10F950008DF8070013E002208DF807000FE001206A
:10F960008DF807000BE007208DF8070007E008205E
:10F970008DF8070003E002208DF80700FFE79DF8EF
:10F98000070002B07047000082B00190ADF802108D
:10F990009DF8030001990870BDF8020001994870B4
:10F9A00002B070470000000080B594B0DDF858C088
:10F9B00012908DF84710ADF8442010930020ADF858
:10F9C00016008DF81300129818B1FFE7109820B9AF
:10F9D000FFE701208DF84F0075E09DF8470028B142
:10F9E000FFE79DF84700F82804D3FFE701208DF8D2
:10F9F0004F0068E09DF847008DF8380003208DF82F
:10FA000039000EA803900230BDF84410FFF7BCFF88
:10FA1000039804300121FFF7B7FF03980621FFF791
:10FA2000CFFE03991298169A6B469A600DF1160252
:10FA30005A6020221A60082206ABFFF709FB8DF8F6
:10FA400015009DF81500FFF773FF8DF814009DF861
:10FA5000140028B1FFE79DF814008DF84F0032E044
:10FA6000BDF816109DF847206B460DF11300186085
:10FA700006A8032300F02CF88DF814009DF814005C
:10FA800028B1FFE79DF814008DF84F001BE0BDF88A
:10FA90001600072804D0FFE707208DF84F0012E07A
:10FAA0009DF81A00022804D0FFE707208DF84F00C8
:10FAB00009E006A80330FFF733FF10990880002003
:10FAC0008DF84F00FFE79DF84F0014B080BD000097
:10FAD00080B584B0DDF818C00290ADF806108DF83E
:10FAE00005208DF80430029828B1FFE7BDF8060024
:10FAF000032804D8FFE707208DF80F0058E002988C
:10FB0000BDF80610FFF778FE8DF803009DF803009E
:10FB100028B1FFE79DF803008DF80F0048E0029838
:10FB200040780006002829D5FFE7BDF80600052823
:10FB300009D1FFE7029840789DF8041041F0800158
:10FB4000884204D0FFE705208DF80F0030E00298CE
:10FB500000789DF80510884204D0FFE704208DF856
:10FB60000F0025E0069828B1FFE7029880780699F3
:10FB70000870FFE706208DF80F0019E00298007862
:10FB80009DF80510884204D0FFE704208DF80F008F
:10FB90000EE0029840789DF80410884204D0FFE7F8
:10FBA00005208DF80F0003E000208DF80F00FFE71F
:10FBB0009DF80F0004B080BD80B596B0DDF860C040
:10FBC00014908DF84F10ADF84C20ADF84A3000205D
:10FBD000ADF820008DF81B00149820B9FFE7012034
:10FBE0008DF8570089E09DF84F0028B1FFE79DF898
:10FBF0004F00F82804D3FFE701208DF857007CE080
:10FC00009DF84F008DF84200062004908DF84300C7
:10FC10000DF1420005900230BDF84C10FFF7B4FE24
:10FC200005980430BDF84A10FFF7AEFE0499059818
:10FC3000FFF7C6FD05991498189A6B469A6008AAB2
:10FC40005A6020221A6008220DF12203FFF700FA01
:10FC50008DF81D009DF81D00FFF76AFE8DF81C0051
:10FC60009DF81C0028B1FFE79DF81C008DF8570097
:10FC700043E0BDF820109DF84F206B460DF11B00AE
:10FC800018600DF122000623FFF722FF8DF81C00FB
:10FC90009DF81C0028B1FFE79DF81C008DF8570067
:10FCA0002BE0BDF82000082804D0FFE707208DF8DE
:10FCB000570022E00020ADF81E00FFE7BDF81E004F
:10FCC000072816D8FFE7BDF81E200DF14200805C22
:10FCD0000DF12201895C884204D0FFE705208DF8F0
:10FCE00057000AE0FFE7BDF81E000130ADF81E0026
:10FCF000E4E700208DF85700FFE79DF8570016B0A5
:10FD000080BD4FF07E5209E011F0004204D5404220
:10FD1000C1F1000138BF491E42F07E5202F170620B
:10FD20000B0012BF20235FEA00017047B1FA81FC8B
:10FD300001FA0CF1A3EB0C0320FA03FC41EA0C01DD
:10FD400002EBC352C3F1200310FA03FC5CEA416CDE
:10FD500042EB112018BF5FF0806C28BF20F001003B
:10FD60007047F1EE100A4FF6FF71C0F2C03120EA81
:10FD7000010040F04070E1EE100A70470000000002
:10FD80000102030401020304060708090006101615
:10FD90000006101608040204080101010101010314
:10FDA00007010000010002000400060008000A002C
:10FDB0000C00100020004000800000015072332E23
:10FDC0003030005072302E3031005072332E3034CB
:10FDD00000000000F8FD00080000002418000000EA
:10FDE0003003000810FE000818000024F011000085
:10FDF00050030008000000000090D0030090D003E2
:10FE00002A032D002A032D0001000000100000002D
:04000005080002CD20
:00000001FF
