:020000040800F2
:10000000181A00249903000819BF000809B700084E
:1000100011BF00083909000869F00008000000005D
:10002000000000000000000000000000E9C400081B
:10003000F11300080000000091BF000849C5000846
:10004000B3030008B3030008B3030008B3030008B8
:10005000B3030008B3030008B3030008B3030008A8
:10006000B3030008B3030008B30300084109000804
:10007000B3030008B3030008510900086109000830
:10008000B3030008B3030008B30300081114000809
:10009000B3030008B3030008B3030008B303000868
:1000A000B3030008B3030008B3030008B303000858
:1000B000B3030008B3030008B3030008B303000848
:1000C000B3030008B3030008B3030008B303000838
:1000D000B303000839F0000849F0000859F000089F
:1000E000F9130008B303000800000000B303000880
:1000F000B3030008B3030008B3030008B303000808
:10010000B3030008B3030008B3030008B3030008F7
:10011000B303000821CC000849CA0008B303000853
:10012000B3030008B3030008B3030008B3030008D7
:10013000B3030008B3030008B3030008B3030008C7
:1001400000000000000000000000000000000000AF
:10015000B3030008B3030008B3030008B3030008A7
:10016000B3030008B3030008B3030008B303000897
:10017000B3030008B3030008B30300080000000045
:10018000B3030008B303000831CC0008B303000830
:10019000B3030008B3030008B3030008B303000867
:1001A000B3030008B3030008B30300080000000015
:1001B000B3030008B3030008B3030008B303000847
:1001C000B3030008B30300080000000000000000B3
:1001D0000000000000000000B30300080000000061
:1001E000000000000000000000000000000000000F
:1001F0000000000000000000B3030008B303000883
:10020000B3030008B303000800000000B3030008B4
:10021000B3030008B3030008B3030008B3030008E6
:10022000B303000800000000B30300080000000052
:10023000B3030008B303000800000000B303000884
:10024000B3030008B3030008B3030008B3030008B6
:10025000B3030008B3030008B3030008B3030008A6
:10026000B3030008B3030008B3030008B303000896
:10027000B3030008B3030008B30300080000000044
:10028000B3030008B3030008B3030008B303000876
:1002900000000000B3030008B303000800000000E2
:1002A00000000000B3030008B3030008B303000814
:1002B000B3030008B3030008B3030008B303000846
:1002C000B3030008B3030008B303000800F002F80A
:1002D00000F052F814A696E8000CB244B344DA4594
:1002E00001D100F049F8BAE80F000FA696E83000F7
:1002F000A5EB040504EB0607AAEB0704A7F1010729
:100300004FEA15154FEA3414A4F10104AC4201D3AD
:1003100000F032F813F0010F18BFFB1A43F001038D
:1003200000F001F8DBE71847F43401001435010050
:10033000103A24BF78C878C1FAD8520724BF30C811
:1003400030C144BF04680C60704700007047000073
:100350000023002400250026103A28BF78C1FBD8CE
:10036000520728BF30C148BF0B6070471FB513F05C
:10037000EDF91FBD10B510BD00F05AF91146FFF799
:10038000F5FF11F019FF00F078F903B4FFF7F2FF61
:1003900003BC00F07BF9000009488047094800478A
:1003A000FEE7FEE7FEE7FEE7FEE7FEE7FEE7FEE725
:1003B000FEE7FEE704480549054A064B7047000082
:1003C00009C90008CD02000818100024181A0024DA
:1003D000181200241812002453EA020C00F069805D
:1003E0002DE9F04B4FF00006002B1FBFB3FA83F549
:1003F00003FA05F424FA05F65E4012BF1643B2FA7A
:1004000082F502FA05F4C5F120051EBF22FA05FCAB
:1004100044EA0C04203556EA044C4FEA144418BF51
:10042000641C4FF000084FF00009904271EB030C80
:1004300039D3002919BFB1FA81F701FA07F6B0FAEA
:1004400080F700FA07F6C7F120071EBF20FA07FC65
:1004500046EA0C062037B6FBF4FCA7EB0507103F75
:1004600007F01F0BCBF120062CFA06F60CFA0BFB5B
:1004700044BFB3460026202FA4BF5E464FF0000BBA
:100480005BEA060C08BF4FF0010B19EB0B0948EBB8
:100490000608ABFB027C06FB02CC0BFB03CCC01BAB
:1004A00071EB0C01C1E70B46024641464846BDE8E8
:1004B000F08B13B5084318BF4FF0FF300146AFF380
:1004C0000080BDE81C407047032A40F2308010F0E5
:1004D000030C00F0158011F8013BBCF1020F6244DF
:1004E00098BF11F801CB00F8013B38BF11F8013B70
:1004F000A2F1040298BF00F801CB38BF00F8013B1D
:1005000011F0030300F02580083AC0F0088051F88C
:10051000043B083A51F804CBA0E80810F5E7121D97
:100520005CBF51F8043B40F8043BAFF30080D207B6
:1005300024BF11F8013B11F801CB48BF11F8012B82
:1005400024BF00F8013B00F801CB48BF00F8012BA5
:10055000704710B5203AC0F00B80B1E81850A0E801
:100560001850B1E81850A0E81850203ABFF4F5AF81
:100570005FEA027C24BFB1E81850A0E8185044BFDD
:1005800018C918C0BDE810405FEA827C24BF51F84A
:10059000043B40F8043B08BF7047D20728BF31F83E
:1005A000023B48BF11F8012B28BF20F8023B48BF8F
:1005B00000F8012B70474FF0000200B51346944637
:1005C0009646203922BFA0E80C50A0E80C50B1F1AB
:1005D0002001BFF4F7AF090728BFA0E80C5048BFBF
:1005E0000CC05DF804EB890028BF40F8042B08BF5D
:1005F000704748BF20F8022B11F0804F18BF00F859
:10060000012B704770477047704710B500F008F82D
:10061000006810BD10B5044600F002F8046010BD7B
:100620000048704720000024004870472000002444
:100630007546FFF7F9FFAE4605006946534620F0C0
:100640000700854618B020B5FFF7B4FEBDE820408E
:100650004FF000064FF000074FF000084FF0000B7E
:10066000AC46ACE8C009ACE8C009ACE8C009ACE8ED
:10067000C00921F007018D46704710B50446AFF35D
:1006800000802046BDE81040FFF77FBE01491820DA
:10069000ABBEFEE72600020070470000000000002D
:1006A00080B59AB005F014FE1990199840F28001B7
:1006B000C2F200410968401A3228C0F09980FFE771
:1006C0000FF022F9189000201790169016A80FF03E
:1006D000FFFE40F20C00C2F20040007800EE100A6B
:1006E000B8EE400A8DED010A40F21020C2F200403F
:1006F00090F82E1000EE101AB8EE400A8DED020AA6
:10070000B0F9100000EE100AB8EEC00A8DED030A31
:100710001898806804901898406E05901898D0F842
:10072000C00006901898D0F81C01079018984069EE
:1007300008901898006F09901898D0F8CC000A908B
:100740001898D0F828010B90189890F8580000EEEF
:10075000100AB8EE400A8DED0C0A189890F8B40013
:1007600000EE100AB8EE400A8DED0D0A189890F8C8
:10077000100100EE100AB8EE400A8DED0E0A18982E
:1007800090F86C0100EE100AB8EE400A8DED0F0AE9
:100790001898406D10901898D0F8B00011901898E3
:1007A000D0F80C0112901898D0F86801139040F618
:1007B0003C50C2F20040007800EE100AB8EE400A49
:1007C0008DED140A40F28400C2F20040007800EE81
:1007D000100AB8EE400A8DED150A01A8152111F096
:1007E00027FA199840F28001C2F200410860FFE741
:1007F0001AB080BD0000000080B58AB040F6251018
:10080000C2F200400078C00720B9FFE7002007903F
:10081000069038E0EFF3108008900898059072B6C3
:1008200041F20400CEF2000000680490049840F603
:100830002812C2F200421168401A0390DDF80CC081
:1008400040F63011C2F200410B68486813EB0C030C
:1008500040F100000B604860049810600868496827
:100860000191009005980990099880F310880098EC
:10087000019945F20032C0F207020023FFF7ACFDF8
:1008800007910690FFE7069807990AB080BD00001F
:1008900080B582B00BF0C4FE40F20000C2F200400E
:1008A000006843F60001C1F69C41884204D0FFE78E
:1008B00000208DF807003BE04EF6FC51CEF200011F
:1008C000086840F08070086041F6B071CEF2000117
:1008D0004CF65560CCF2AC50086041F20003CEF209
:1008E0000003186820F00100186041F20401CEF204
:1008F0000001002008601A6842F001021A60BFF38C
:100900004F8FBFF36F8F096840F62812C2F2004282
:10091000116040F63011C2F200414860086040F6B4
:100920002511C2F20041012008708DF80700FFE791
:100930009DF8070002B080BDFFE7FEE70000000061
:1009400080B540F25830C2F2004001F045FF80BD52
:1009500080B540F24840C2F2004001F03DFF80BD4A
:1009600080B540F2D030C2F2004001F035FF80BDCA
:1009700083B002900298016801201022C4F20202A2
:100980009142009000F0A380FFE7029801680120E7
:100990002822C4F202029142009000F09880FFE702
:1009A0000298016801204022C4F2020291420090A4
:1009B00000F08D80FFE70298016801205822C4F200
:1009C00002029142009000F08280FFE702980168E5
:1009D00001207022C4F202029142009077D0FFE71A
:1009E0000298016801208822C4F20202914200901C
:1009F0006DD0FFE7029801680120A022C4F2020234
:100A00009142009063D0FFE7029801680120B8226C
:100A1000C4F202029142009059D0FFE702980168A7
:100A2000012040F21042C4F20202914200904ED0E6
:100A3000FFE702980168012040F22842C4F2020256
:100A40009142009043D0FFE702980168012040F2F4
:100A50004042C4F202029142009038D0FFE702986F
:100A60000168012040F25842C4F202029142009013
:100A70002DD0FFE702980168012040F27042C4F2D5
:100A800002029142009022D0FFE702980168012003
:100A900040F28842C4F202029142009017D0FFE770
:100AA00002980168012040F2A042C4F20202914281
:100AB00000900CD0FFE7029800684FF64831CBF663
:100AC000FD710844B0FA80F040090090FFE70098FB
:100AD000C00740B3FFE70298007810384AF6AB2110
:100AE000CAF6AA21A0FB011000090190019800F0AC
:100AF000070143F2D470C0F60100405C0299C8655A
:100B00000198042807D3FFE702990868042262F3DA
:100B10000900886506E00299086840F2FF329043B8
:100B20008865FFE705E00299086820F0FF00886506
:100B3000FFE70298806D03B07047000000000000DE
:100B400084B0039003980068019003980168012025
:100B500045F20842C5F60202914200904ED0FFE7EE
:100B600003980168012045F21C42C5F60202914239
:100B7000009043D0FFE703980168012045F230421E
:100B8000C5F602029142009038D0FFE70398016851
:100B9000012045F24442C5F60202914200902DD058
:100BA000FFE703980168012045F25842C5F60202AA
:100BB0009142009022D0FFE703980168012045F29E
:100BC0006C42C5F602029142009017D0FFE70398ED
:100BD0000168012045F28042C5F602029142009070
:100BE0000CD0FFE7039800684AF66C31CAF2FD7139
:100BF0000844B0FA80F040090090FFE70098C00771
:100C000010B3FFE70398007808384CF6CD41CCF6D6
:100C1000CC41A0FB011000090290029945F60000AA
:100C2000C5F6020000EB810003990866039945F6BA
:100C30008000C5F602004866029800F01F010120FE
:100C400088400399886635E00398007810384AF6A2
:100C5000AB21CAF6AA21A0FB01100009029001985D
:100C600040F2B841C4F2020188420CD8FFE7019873
:100C700040F21041C4F20201884204D3FFE7029817
:100C800008300290FFE7029940F60000C4F202002B
:100C900000EB810003990866039940F68000C4F2D6
:100CA00002004866029800F01F0101208840039965
:100CB0008866FFE704B0704783B00290029800791D
:100CC00001900198002800F08A80FFE70198082829
:100CD00000F28580FFE702980168012045F2084292
:100CE000C5F60202914200904ED0FFE702980168DB
:100CF000012045F21C42C5F602029142009043D009
:100D0000FFE702980168012045F23042C5F6020271
:100D10009142009038D0FFE702980168012045F227
:100D20004442C5F60202914200902DD0FFE702989E
:100D30000168012045F25842C5F602029142009036
:100D400022D0FFE702980168012045F26C42C5F607
:100D500002029142009017D0FFE70298016801203B
:100D600045F28042C5F60202914200900CD0FFE7A6
:100D7000029800684AF66C31CAF2FD710844B0FA74
:100D800080F040090090FFE70098C00780B1FFE7BE
:100D9000019945F6FC00C5F6020000EB81000299BE
:100DA000C866029945F64010C5F6020008670FE0D4
:100DB000019940F6FC00C4F2020000EB81000299A8
:100DC000C866029940F64010C4F202000867FFE7C7
:100DD0000198411E0120884002994867FFE703B04F
:100DE000704700000000000085B0049000208DF8DE
:100DF0000F000498806918BBFFE70498806A02908E
:100E000003281BD80299DFE801F0020D02180498AC
:100E100090F82F00C00720B1FFE701208DF80F00E8
:100E2000FFE70CE00498C06AB0F1C07F04D1FFE78F
:100E300001208DF80F00FFE701E000E0FFE747E049
:100E400004988069B0F5005F26D1FFE70498806AB6
:100E5000019003281ED80199DFE801F00206021173
:100E600001208DF80F0016E0049890F82F00C007BD
:100E700020B1FFE701208DF80F00FFE70BE0049899
:100E8000C06AB0F1C07F04D1FFE701208DF80F00E8
:100E9000FFE700E0FFE71AE00498806A009003286B
:100EA00004D3FFE70098032804D00EE001208DF85A
:100EB0000F000BE0049890F82F00C00720B1FFE767
:100EC00001208DF80F00FFE700E0FFE7FFE7FFE7F5
:100ED0009DF80F0005B0704789B008900791069201
:100EE00005930898806D04900898806D0390089889
:100EF000016801201022C4F202029142029000F027
:100F00000381FFE70898016801202822C4F2020249
:100F10009142029000F0F880FFE7089801680120F4
:100F20004022C4F202029142029000F0ED80FFE7FD
:100F30000898016801205822C4F2020291420290EE
:100F400000F0E280FFE70898016801207022C4F2F7
:100F500002029142029000F0D780FFE708980168F2
:100F600001208822C4F202029142029000F0CC805B
:100F7000FFE7089801680120A022C4F20202914212
:100F8000029000F0C180FFE7089801680120B822B4
:100F9000C4F202029142029000F0B680FFE7089886
:100FA0000168012040F21042C4F202029142029014
:100FB00000F0AA80FFE708980168012040F228426B
:100FC000C4F202029142029000F09E80FFE708986E
:100FD0000168012040F24042C4F2020291420290B4
:100FE00000F09280FFE708980168012040F2584223
:100FF000C4F202029142029000F08680FFE7089856
:101000000168012040F27042C4F202029142029053
:101010007AD0FFE708980168012040F28842C4F2C4
:101020000202914202906FD0FFE708980168012008
:1010300040F2A042C4F202029142029064D0FFE763
:1010400008980168012040F2B842C4F202029142BD
:10105000029059D0FFE708980168012045F2084244
:10106000C5F60202914202904ED0FFE7089801684F
:10107000012045F21C42C5F602029142029043D083
:10108000FFE708980168012045F23042C5F60202E8
:101090009142029038D0FFE708980168012045F29C
:1010A0004442C5F60202914202902DD0FFE7089813
:1010B0000168012045F25842C5F6020291420290B1
:1010C00022D0FFE708980168012045F26C42C5F67E
:1010D00002029142029017D0FFE7089801680120B0
:1010E00045F28042C5F60202914202900CD0FFE721
:1010F000089800684AF66C31CAF2FD710844B0FAEB
:1011000080F040090290FFE70298C00770B1FFE746
:101110000898416E806E48600898C06E28B1FFE75D
:101120000898016F406F4860FFE7FFE70898016883
:1011300001201022C4F202029142019000F0A3802B
:10114000FFE70898016801202822C4F202029142B8
:10115000019000F09880FFE7089801680120402284
:10116000C4F202029142019000F08D80FFE70898DE
:10117000016801205822C4F202029142019000F05D
:101180008280FFE70898016801207022C4F2020201
:101190009142019077D0FFE70898016801208822EA
:1011A000C4F20202914201906DD0FFE708980168F5
:1011B0000120A022C4F202029142019063D0FFE715
:1011C000089801680120B822C4F2020291420190FD
:1011D00059D0FFE708980168012040F21042C4F29C
:1011E0000202914201904ED0FFE708980168012069
:1011F00040F22842C4F202029142019043D0FFE73C
:1012000008980168012040F24042C4F20202914273
:10121000019038D0FFE708980168012040F2584259
:10122000C4F20202914201902DD0FFE708980168B4
:10123000012040F27042C4F202029142019022D099
:10124000FFE708980168012040F28842C4F20202D8
:101250009142019017D0FFE708980168012040F201
:10126000A042C4F20202914201900CD0FFE708981C
:1012700000684FF64831CBF6FD710844B0FA80F0B3
:1012800040090190FFE70198C00750B3FFE70898B5
:10129000C06D00F01F013F208840049988600898C5
:1012A0000168086820F4802008600598089909689A
:1012B000486008988068402809D1FFE70698089997
:1012C00009688860079808990968C86008E0079865
:1012D000089909688860069808990968C860FFE756
:1012E00082E008980168012045F20842C5F6020232
:1012F000914200904ED0FFE708980168012045F226
:101300001C42C5F602029142009043D0FFE70898C4
:101310000168012045F23042C5F602029142009078
:1013200038D0FFE708980168012045F24442C5F62D
:101330000202914200902DD0FFE708980168012039
:1013400045F25842C5F602029142009022D0FFE7D2
:1013500008980168012045F26C42C5F602029142EC
:10136000009017D0FFE708980168012045F28042FD
:10137000C5F60202914200900CD0FFE70898006881
:101380004AF66C31CAF2FD710844B0FA80F04009A7
:101390000090FFE70098C00720B3FFE70898C06DF2
:1013A00000F01F01012088400399486005980899C2
:1013B0000968486008988068402809D1FFE70698C6
:1013C000089909688860079808990968C86008E062
:1013D0000798089909688860069808990968C8609C
:1013E000FFE700E0FFE7FFE709B0704700000000FB
:1013F000704700000000000080B54FF4004004F08A
:101400003FFD80BD0000000072B6FFE7FEE7000070
:1014100080B540F2C040C2F2004003F089FE80BDBA
:1014200084B002900298406B009002980068D0F857
:1014300084004FF6FC718843009940EA81000299CC
:101440000968C1F8840002980068D0F8840020F48C
:101450007F00029A1168926B40EA0240C1F8840052
:101460000298816B00980844009002980068D0F8B8
:1014700088006FF38F00009940EA810002990968A3
:10148000C1F8880002980068D0F8880020F4FE00B7
:10149000029A1168D26B40EA0240C1F888000298B3
:1014A000C16B009800EB4100009002980068D0F8F2
:1014B000A0006FF38F00009940EA8100029909684B
:1014C000C1F8A00002980068D0F8A00020F4FE0047
:1014D000029A1168126C40EA0240C1F8A000029919
:1014E000086C496C009A00FB01200090029800688B
:1014F000D0F8B0006FF38F00009940EA81000299A4
:101500000968C1F8B00002980068D0F8B00020F473
:10151000FE00029A1168926C40EA0240C1F8B000E5
:101520000299886CC96C009A00FB01200090029817
:101530000068D0F8AC006FF38F00009940EA81009A
:1015400002990968C1F8AC000299086D496D009ACA
:1015500000FB0120009002980068D0F8F0006FF3C3
:101560008F00009940EA810002990968C1F8F000F3
:1015700002980068D0F8F00020F47C10029A1168FC
:10158000926D40EA0240C1F8F0000298816D009827
:1015900000EB4100009002980068D0F8C0006FF3A3
:1015A0008F00009940EA810002990968C1F8C000E3
:1015B00002980068D0F8C00020F47C10029A1168EC
:1015C000D26D40EA0240C1F8C00002980068D0F82D
:1015D000C00020F07C50029A1168126E40EA02604E
:1015E000C1F8C00002994A6B4AF60040C4F20000FC
:1015F00000EB8200C86602998A6BC86E00EB82001D
:1016000008670299CA6B086F00EBC200486702992D
:101610000A6C4B6C486F5A4300EB82008867029952
:101620008A6CCB6C886F5A4300EB8200C8670299C2
:101630000A6D4B6DC86F5A4300EB8200C1F8800001
:1016400002998A6DD1F8800000EBC200C1F88400D5
:101650000299CA6D8B6ED1F884005A4300EB820068
:10166000C1F8880002990A6E8B6ED1F888005A433F
:1016700000EB8200C1F890000298D0F890004DF283
:10168000FD31C4F2000188420FD3FFE70299D1F87F
:101690009C0040F02000C1F89C000299032081F8D2
:1016A000980001208DF80F0017E00298C06E01909D
:1016B000FFE701980299D1F89010884208D2FFE71D
:1016C000019900200860FFE7019804300190F0E7DD
:1016D000FFE700208DF80F00FFE79DF80F0004B032
:1016E000704700000000000088B007900691059246
:1016F00004930698406848B9FFE706980168826835
:101700000069104340EA8140039009E006980168AF
:10171000826800691043084340F080400390FFE76F
:101720000698D0F820C0C16842698369C06940EA60
:101730000C601843104340EA014002900798826E03
:10174000D0F884000499514300EB81000190039884
:10175000019908600198043001900298019908608D
:1017600001980430019000200090FFE7009806994E
:10177000CA6843F2C471C0F60101895C88420DD287
:10178000FFE70598009940580199086001980430D6
:101790000190FFE7009804300090E7E708B0704739
:1017A00080B58AB0089004F093FD0490089828B999
:1017B000FFE701208DF8270000F0AABC089890F8F8
:1017C000350002280ED0FFE7089980204865FFE722
:1017D0000899002081F83400FFE701208DF82700E8
:1017E00000F096BC089800681021C4F202018842FB
:1017F00000F08180FFE7089800682821C4F2020108
:10180000884278D0FFE7089800684021C4F20201BE
:10181000884270D0FFE7089800685821C4F202019E
:10182000884268D0FFE7089800687021C4F202017E
:10183000884260D0FFE7089800688821C4F202015E
:10184000884258D0FFE708980068A021C4F202013E
:10185000884250D0FFE708980068B821C4F202011E
:10186000884248D0FFE70898006840F21041C4F26F
:10187000020188423FD0FFE70898006840F2284103
:10188000C4F20201884236D0FFE70898006840F2AF
:101890004041C4F2020188422DD0FFE70898006859
:1018A00040F25841C4F20201884224D0FFE7089870
:1018B000006840F27041C4F2020188421BD0FFE789
:1018C0000898006840F28841C4F20201884212D0B0
:1018D000FFE70898006840F2A041C4F20201884284
:1018E00009D0FFE70898006840F2B841C4F202014D
:1018F000884207D1FFE708980168086820F00100D6
:10190000086006E008980168086820F00100086097
:10191000FFE70898016801201022C4F202029142F8
:10192000039000F0A380FFE70898016801202822B7
:10193000C4F202029142039000F09880FFE70898F9
:10194000016801204022C4F202029142039000F09B
:101950008D80FFE70898016801205822C4F2020236
:101960009142039000F08280FFE70898016801200F
:101970007022C4F202029142039077D0FFE70898E8
:10198000016801208822C4F20202914203906DD0C6
:10199000FFE7089801680120A022C4F202029142E8
:1019A000039063D0FFE7089801680120B822C4F2D1
:1019B00002029142039059D0FFE708980168012084
:1019C00040F21042C4F20202914203904ED0FFE76F
:1019D00008980168012040F22842C4F202029142B4
:1019E000039043D0FFE708980168012040F240428D
:1019F000C4F202029142039038D0FFE708980168D0
:101A0000012040F25842C4F20202914203902DD0CC
:101A1000FFE708980168012040F27042C4F2020218
:101A20009142039022D0FFE708980168012040F21C
:101A30008842C4F202029142039017D0FFE708984F
:101A40000168012040F2A042C4F2020291420390D8
:101A50000CD0FFE7089800684FF64831CBF6FD71CF
:101A60000844B0FA80F040090390FFE70398C007EC
:101A700080B1FFE708980168086820F01E00086040
:101A800008980168486920F080004861089800685B
:101A9000059009E008980168086820F00E000860C9
:101AA000089800680590FFE7089801680120102257
:101AB000C4F202029142029000F00381FFE708980D
:101AC000016801202822C4F202029142029000F033
:101AD000F880FFE70898016801204022C4F2020262
:101AE0009142029000F0ED80FFE708980168012024
:101AF0005822C4F202029142029000F0E280FFE715
:101B00000898016801207022C4F2020291420290FA
:101B100000F0D780FFE70898016801208822C4F20E
:101B200002029142029000F0CC80FFE70898016821
:101B30000120A022C4F202029142029000F0C18072
:101B4000FFE7089801680120B822C4F2020291421E
:101B5000029000F0B680FFE708980168012040F28B
:101B60001042C4F202029142029000F0AA80FFE704
:101B700008980168012040F22842C4F20202914212
:101B8000029000F09E80FFE708980168012040F273
:101B90004042C4F202029142029000F09280FFE7BC
:101BA00008980168012040F25842C4F202029142B2
:101BB000029000F08680FFE708980168012040F25B
:101BC0007042C4F20202914202907AD0FFE7089874
:101BD0000168012040F28842C4F202029142029060
:101BE0006FD0FFE708980168012040F2A042C4F2DC
:101BF00002029142029064D0FFE708980168012038
:101C000040F2B842C4F202029142029059D0FFE77A
:101C100008980168012045F20842C5F60202914287
:101C200002904ED0FFE708980168012045F21C425F
:101C3000C5F602029142029043D0FFE7089801687E
:101C4000012045F23042C5F602029142029038D09E
:101C5000FFE708980168012045F24442C5F60202F8
:101C6000914202902DD0FFE708980168012045F2CB
:101C70005842C5F602029142029022D0FFE708982E
:101C80000168012045F26C42C5F6020291420290C1
:101C900017D0FFE708980168012045F28042C5F699
:101CA0000202914202900CD0FFE7089800684AF6C1
:101CB0006C31CAF2FD710844B0FA80F0400902901C
:101CC000FFE70298C00738B1FFE70898016E08687F
:101CD00020F480700860FFE7FFE705980068C00700
:101CE000C8B1FFE704F0F4FA0499401A062811D3AA
:101CF000FFE70899202048650899032081F83500FE
:101D0000FFE70899002081F83400FFE701208DF8F3
:101D10002700FDE1E1E70898016801201022C4F2E4
:101D200002029142019000F0A380FFE70898016849
:101D300001202822C4F202029142019000F0988012
:101D4000FFE70898016801204022C4F20202914294
:101D5000019000F08D80FFE708980168012058226B
:101D6000C4F202029142019000F08280FFE70898DD
:101D7000016801207022C4F202029142019077D0E2
:101D8000FFE70898016801208822C4F2020291420C
:101D900001906DD0FFE7089801680120A022C4F2ED
:101DA00002029142019063D0FFE708980168012088
:101DB000B822C4F202029142019059D0FFE708987C
:101DC0000168012040F21042C4F2020291420190E7
:101DD0004ED0FFE708980168012040F22842C4F283
:101DE00002029142019043D0FFE708980168012068
:101DF00040F24042C4F202029142019038D0FFE723
:101E000008980168012040F25842C4F2020291424F
:101E100001902DD0FFE708980168012040F2704240
:101E2000C4F202029142019022D0FFE708980168B3
:101E3000012040F28842C4F202029142019017D080
:101E4000FFE708980168012040F2A042C4F20202B4
:101E5000914201900CD0FFE7089800684FF6483196
:101E6000CBF6FD710844B0FA80F040090190FFE71D
:101E70000198C00760B1FFE70898806D0790089847
:101E8000C06D00F01F013F208840079988600BE07B
:101E90000898806D06900898C06D00F01F01012021
:101EA000884006994860FFE70898016801201022E1
:101EB000C4F202029142009000F00381FFE708980B
:101EC000016801202822C4F202029142009000F031
:101ED000F880FFE70898016801204022C4F202025E
:101EE0009142009000F0ED80FFE708980168012022
:101EF0005822C4F202029142009000F0E280FFE713
:101F00000898016801207022C4F2020291420090F8
:101F100000F0D780FFE70898016801208822C4F20A
:101F200002029142009000F0CC80FFE7089801681F
:101F30000120A022C4F202029142009000F0C18070
:101F4000FFE7089801680120B822C4F2020291421A
:101F5000009000F0B680FFE708980168012040F289
:101F60001042C4F202029142009000F0AA80FFE702
:101F700008980168012040F22842C4F2020291420E
:101F8000009000F09E80FFE708980168012040F271
:101F90004042C4F202029142009000F09280FFE7BA
:101FA00008980168012040F25842C4F202029142AE
:101FB000009000F08680FFE708980168012040F259
:101FC0007042C4F20202914200907AD0FFE7089872
:101FD0000168012040F28842C4F20202914200905E
:101FE0006FD0FFE708980168012040F2A042C4F2D8
:101FF00002029142009064D0FFE708980168012036
:1020000040F2B842C4F202029142009059D0FFE778
:1020100008980168012045F20842C5F60202914283
:1020200000904ED0FFE708980168012045F21C425D
:10203000C5F602029142009043D0FFE7089801687C
:10204000012045F23042C5F602029142009038D09C
:10205000FFE708980168012045F24442C5F60202F4
:10206000914200902DD0FFE708980168012045F2C9
:102070005842C5F602029142009022D0FFE708982C
:102080000168012045F26C42C5F6020291420090BF
:1020900017D0FFE708980168012045F28042C5F695
:1020A0000202914200900CD0FFE7089800684AF6BF
:1020B0006C31CAF2FD710844B0FA80F0400900901A
:1020C000FFE70098C007A0B1FFE70898416E806E57
:1020D00048600898C06E58B1FFE70898C16E08685C
:1020E00020F4807008600898016F406F4860FFE737
:1020F000FFE70899012081F83500FFE708990020E3
:1021000081F83400FFE7FFE700208DF82700FFE7A4
:102110009DF827000AB080BD80B586B00490049871
:1021200020B9FFE701208DF8170046E3049890F8E6
:102130003500022807D0FFE7049980204865012078
:102140008DF8170039E30498016801201022C4F2C9
:1021500002029142029000F0A380FFE70498016818
:1021600001202822C4F202029142029000F09880DD
:10217000FFE70498016801204022C4F20202914264
:10218000029000F08D80FFE704980168012058223A
:10219000C4F202029142029000F08280FFE70498AC
:1021A000016801207022C4F202029142029077D0AD
:1021B000FFE70498016801208822C4F202029142DC
:1021C00002906DD0FFE7049801680120A022C4F2BC
:1021D00002029142029063D0FFE704980168012057
:1021E000B822C4F202029142029059D0FFE704984B
:1021F0000168012040F21042C4F2020291420290B2
:102200004ED0FFE704980168012040F22842C4F252
:1022100002029142029043D0FFE704980168012036
:1022200040F24042C4F202029142029038D0FFE7ED
:1022300004980168012040F25842C4F2020291421F
:1022400002902DD0FFE704980168012040F270420F
:10225000C4F202029142029022D0FFE70498016882
:10226000012040F28842C4F202029142029017D04B
:10227000FFE704980168012040F2A042C4F2020284
:10228000914202900CD0FFE7049800684FF6483165
:10229000CBF6FD710844B0FA80F040090290FFE7E8
:1022A0000298C007002800F09D80FFE704990420F1
:1022B00081F83500049800681021C4F202018842B8
:1022C00000F08180FFE7049800682821C4F2020131
:1022D000884278D0FFE7049800684021C4F20201E8
:1022E000884270D0FFE7049800685821C4F20201C8
:1022F000884268D0FFE7049800687021C4F20201A8
:10230000884260D0FFE7049800688821C4F2020187
:10231000884258D0FFE704980068A021C4F2020167
:10232000884250D0FFE704980068B821C4F2020147
:10233000884248D0FFE70498006840F21041C4F298
:10234000020188423FD0FFE70498006840F228412C
:10235000C4F20201884236D0FFE70498006840F2D8
:102360004041C4F2020188422DD0FFE70498006882
:1023700040F25841C4F20201884224D0FFE7049899
:10238000006840F27041C4F2020188421BD0FFE7AE
:102390000498006840F28841C4F20201884212D0D9
:1023A000FFE70498006840F2A041C4F202018842AD
:1023B00009D0FFE70498006840F2B841C4F2020176
:1023C000884207D1FFE704980168086820F00100FF
:1023D000086006E004980168086820F001000860C1
:1023E000FFE7E5E1049800681021C4F20201884289
:1023F00000F08180FFE7049800682821C4F2020100
:10240000884278D0FFE7049800684021C4F20201B6
:10241000884270D0FFE7049800685821C4F2020196
:10242000884268D0FFE7049800687021C4F2020176
:10243000884260D0FFE7049800688821C4F2020156
:10244000884258D0FFE704980068A021C4F2020136
:10245000884250D0FFE704980068B821C4F2020116
:10246000884248D0FFE70498006840F21041C4F267
:10247000020188423FD0FFE70498006840F22841FB
:10248000C4F20201884236D0FFE70498006840F2A7
:102490004041C4F2020188422DD0FFE70498006851
:1024A00040F25841C4F20201884224D0FFE7049868
:1024B000006840F27041C4F2020188421BD0FFE77D
:1024C0000498006840F28841C4F20201884212D0A8
:1024D000FFE70498006840F2A041C4F2020188427C
:1024E00009D0FFE70498006840F2B841C4F2020145
:1024F000884207D1FFE704980168086820F00100CE
:10250000086006E004980168086820F0010008608F
:10251000FFE704980168086820F00E00086004983E
:10252000016801201022C4F202029142019000F0E1
:102530000381FFE70498016801202822C4F2020207
:102540009142019000F0F880FFE7049801680120B3
:102550004022C4F202029142019000F0ED80FFE7B8
:102560000498016801205822C4F2020291420190AD
:1025700000F0E280FFE70498016801207022C4F2B5
:1025800002029142019000F0D780FFE704980168B1
:1025900001208822C4F202029142019000F0CC8016
:1025A000FFE7049801680120A022C4F202029142D0
:1025B000019000F0C180FFE7049801680120B82273
:1025C000C4F202029142019000F0B680FFE7049845
:1025D0000168012040F21042C4F2020291420190CF
:1025E00000F0AA80FFE704980168012040F2284229
:1025F000C4F202029142019000F09E80FFE704982D
:102600000168012040F24042C4F20202914201906E
:1026100000F09280FFE704980168012040F25842E0
:10262000C4F202029142019000F08680FFE7049814
:102630000168012040F27042C4F20202914201900E
:102640007AD0FFE704980168012040F28842C4F282
:102650000202914201906FD0FFE7049801680120C7
:1026600040F2A042C4F202029142019064D0FFE71E
:1026700004980168012040F2B842C4F2020291427B
:10268000019059D0FFE704980168012045F2084203
:10269000C5F60202914201904ED0FFE7049801680E
:1026A000012045F21C42C5F602029142019043D03E
:1026B000FFE704980168012045F23042C5F60202A6
:1026C0009142019038D0FFE704980168012045F25B
:1026D0004442C5F60202914201902DD0FFE70498D2
:1026E0000168012045F25842C5F60202914201906C
:1026F00022D0FFE704980168012045F26C42C5F63C
:1027000002029142019017D0FFE70498016801206E
:1027100045F28042C5F60202914201900CD0FFE7DB
:10272000049800684AF66C31CAF2FD710844B0FAA8
:1027300080F040090190FFE70198C00728B3FFE748
:102740000498016E086820F4807008600498806D19
:1027500003900498C06D00F01F0101208840039988
:1027600048600498416E806E48600498C06E58B10D
:10277000FFE70498C16E086820F480700860049830
:10278000016F406F4860FFE7FFE70499012081F87F
:102790003500FFE70499002081F83400FFE7049832
:1027A000006D20B1FFE70498016D8847FFE7FFE760
:1027B000FFE700208DF81700FFE79DF8170006B02F
:1027C00080BD00000000000081B000900098406DC6
:1027D00001B070470000000080B590B00F9000205D
:1027E0000B9040F20000C2F20040006848F2B511C0
:1027F000C1F64E31A0FB0110800A0A900F98806D3F
:1028000009900F98806D0890099800680E900898BC
:1028100000680D900F98016801201022C4F2020296
:102820009142079000F0A380FFE70F980168012014
:102830002822C4F202029142079000F09880FFE73C
:102840000F98016801204022C4F2020291420790D1
:1028500000F08D80FFE70F98016801205822C4F234
:1028600002029142079000F08280FFE70F98016812
:1028700001207022C4F202029142079077D0FFE754
:102880000F98016801208822C4F202029142079049
:102890006DD0FFE70F9801680120A022C4F2020268
:1028A0009142079063D0FFE70F9801680120B8229A
:1028B000C4F202029142079059D0FFE70F980168D5
:1028C000012040F21042C4F20202914207904ED021
:1028D000FFE70F980168012040F22842C4F202028B
:1028E0009142079043D0FFE70F980168012040F222
:1028F0004042C4F202029142079038D0FFE70F989D
:102900000168012040F25842C4F20202914207904D
:102910002DD0FFE70F980168012040F27042C4F209
:1029200002029142079022D0FFE70F980168012030
:1029300040F28842C4F202029142079017D0FFE7AA
:102940000F980168012040F2A042C4F202029142B5
:1029500007900CD0FFE70F9800684FF64831CBF690
:10296000FD710844B0FA80F040090790FFE707982E
:10297000C007002800F01385FFE70E980F99C96D76
:1029800001F01F01C8400007002840F1B080FFE7B8
:102990000F9800681021C4F20201884200F0818083
:1029A000FFE70F9800682821C4F20201884278D01E
:1029B000FFE70F9800684021C4F20201884270D0FE
:1029C000FFE70F9800685821C4F20201884268D0DE
:1029D000FFE70F9800687021C4F20201884260D0BE
:1029E000FFE70F9800688821C4F20201884258D09E
:1029F000FFE70F980068A021C4F20201884250D07E
:102A0000FFE70F980068B821C4F20201884248D05D
:102A1000FFE70F98006840F21041C4F202018842BB
:102A20003FD0FFE70F98006840F22841C4F202014E
:102A3000884236D0FFE70F98006840F24041C4F268
:102A4000020188422DD0FFE70F98006840F25841FC
:102A5000C4F20201884224D0FFE70F98006840F2D8
:102A60007041C4F2020188421BD0FFE70F98006852
:102A700040F28841C4F20201884212D0FFE70F9869
:102A8000006840F2A041C4F20201884209D0FFE789
:102A90000F98006840F2B841C4F20201884207D1A1
:102AA000FFE70F980068006800F00400069006E059
:102AB0000F980068006800F008000690FFE706988D
:102AC000A0B1FFE70F980168086820F004000860D3
:102AD0000F98C06D00F01F01082088400999886098
:102AE0000F99486D40F001004865FFE7FFE70E9839
:102AF0000F99C96D01F01F01C840C007002800F000
:102B0000A980FFE70F9800681021C4F202018842F3
:102B100000F08180FFE70F9800682821C4F20201CD
:102B2000884278D0FFE70F9800684021C4F2020184
:102B3000884270D0FFE70F9800685821C4F2020164
:102B4000884268D0FFE70F9800687021C4F2020144
:102B5000884260D0FFE70F9800688821C4F2020124
:102B6000884258D0FFE70F980068A021C4F2020104
:102B7000884250D0FFE70F980068B821C4F20201E4
:102B8000884248D0FFE70F98006840F21041C4F235
:102B9000020188423FD0FFE70F98006840F22841C9
:102BA000C4F20201884236D0FFE70F98006840F275
:102BB0004041C4F2020188422DD0FFE70F9800681F
:102BC00040F25841C4F20201884224D0FFE70F9836
:102BD000006840F27041C4F2020188421BD0FFE756
:102BE0000F98006840F28841C4F20201884212D076
:102BF000FFE70F98006840F2A041C4F2020188424A
:102C000009D0FFE70F98006840F2B841C4F2020112
:102C1000884207D1FFE70F980068406900F0800004
:102C2000059005E00F980068006800200590FFE718
:102C3000059870B1FFE70F98C06D00F01F010120EB
:102C40008840099988600F99486D40F002004865F6
:102C5000FFE7FFE70E980F99C96D01F01F01C8400B
:102C60004007002840F1A980FFE70F980068102175
:102C7000C4F20201884200F08180FFE70F980068EB
:102C80002821C4F20201884278D0FFE70F9800683B
:102C90004021C4F20201884270D0FFE70F9800681B
:102CA0005821C4F20201884268D0FFE70F980068FB
:102CB0007021C4F20201884260D0FFE70F980068DB
:102CC0008821C4F20201884258D0FFE70F980068BB
:102CD000A021C4F20201884250D0FFE70F9800689B
:102CE000B821C4F20201884248D0FFE70F9800687B
:102CF00040F21041C4F2020188423FD0FFE70F9832
:102D0000006840F22841C4F20201884236D0FFE751
:102D10000F98006840F24041C4F2020188422DD071
:102D2000FFE70F98006840F25841C4F20201884260
:102D300024D0FFE70F98006840F27041C4F202010E
:102D400088421BD0FFE70F98006840F28841C4F228
:102D50000201884212D0FFE70F98006840F2A041BC
:102D6000C4F20201884209D0FFE70F98006840F2E0
:102D7000B841C4F20201884207D1FFE70F9800680A
:102D8000006800F00200049005E00F9800680068F9
:102D900000200490FFE7049870B1FFE70F98C06D22
:102DA00000F01F0104208840099988600F99486D40
:102DB00040F004004865FFE7FFE70E980F99C96DE2
:102DC00001F01F01C840C006002840F1DE80FFE787
:102DD0000F9800681021C4F20201884200F081803F
:102DE000FFE70F9800682821C4F20201884278D0DA
:102DF000FFE70F9800684021C4F20201884270D0BA
:102E0000FFE70F9800685821C4F20201884268D099
:102E1000FFE70F9800687021C4F20201884260D079
:102E2000FFE70F9800688821C4F20201884258D059
:102E3000FFE70F980068A021C4F20201884250D039
:102E4000FFE70F980068B821C4F20201884248D019
:102E5000FFE70F98006840F21041C4F20201884277
:102E60003FD0FFE70F98006840F22841C4F202010A
:102E7000884236D0FFE70F98006840F24041C4F224
:102E8000020188422DD0FFE70F98006840F25841B8
:102E9000C4F20201884224D0FFE70F98006840F294
:102EA0007041C4F2020188421BD0FFE70F9800680E
:102EB00040F28841C4F20201884212D0FFE70F9825
:102EC000006840F2A041C4F20201884209D0FFE745
:102ED0000F98006840F2B841C4F20201884207D15D
:102EE000FFE70F980068006800F00800039006E014
:102EF0000F980068006800F004000390FFE7039853
:102F0000002841D0FFE70F98C06D00F01F0110208E
:102F10008840099988600F9800680068400300287D
:102F20001AD5FFE70F98006800680003002809D44D
:102F3000FFE70F98006C20B1FFE70F98016C8847FE
:102F4000FFE708E00F98806C20B1FFE70F98816CD5
:102F50008847FFE7FFE716E00F9800680068C005A4
:102F6000002807D4FFE70F980168086820F00800E0
:102F70000860FFE70F98006C20B1FFE70F98016C25
:102F80008847FFE7FFE7FFE7FFE70E980F99C96D56
:102F900001F01F01C8408006002840F12681FFE7AC
:102FA0000F9800681021C4F20201884200F081806D
:102FB000FFE70F9800682821C4F20201884278D008
:102FC000FFE70F9800684021C4F20201884270D0E8
:102FD000FFE70F9800685821C4F20201884268D0C8
:102FE000FFE70F9800687021C4F20201884260D0A8
:102FF000FFE70F9800688821C4F20201884258D088
:10300000FFE70F980068A021C4F20201884250D067
:10301000FFE70F980068B821C4F20201884248D047
:10302000FFE70F98006840F21041C4F202018842A5
:103030003FD0FFE70F98006840F22841C4F2020138
:10304000884236D0FFE70F98006840F24041C4F252
:10305000020188422DD0FFE70F98006840F25841E6
:10306000C4F20201884224D0FFE70F98006840F2C2
:103070007041C4F2020188421BD0FFE70F9800683C
:1030800040F28841C4F20201884212D0FFE70F9853
:10309000006840F2A041C4F20201884209D0FFE773
:1030A0000F98006840F2B841C4F20201884207D18B
:1030B000FFE70F980068006800F01000029006E03B
:1030C0000F980068006800F002000290FFE7029885
:1030D000002800F08980FFE70F98C06D00F01F0105
:1030E00020208840099988600F9890F835000428BE
:1030F00037D1FFE70F980168086820F016000860D4
:103100000F980168486920F0800048610F98006CB2
:1031100020B9FFE70F98806C38B1FFE70F9801687E
:10312000086820F008000860FFE70F98C06D00F005
:103130001F013F208840099988600F99012081F87C
:103140003500FFE70F99002081F83400FFE70F9862
:10315000006D20B1FFE70F98016D8847FFE700F091
:1031600019BC0F9800680068400300281AD5FFE7D3
:103170000F98006800680003002809D5FFE70F9842
:10318000406C20B1FFE70F98416C8847FFE708E0EB
:103190000F98C06B20B1FFE70F98C16B8847FFE71E
:1031A000FFE720E00F9800680068C005002811D4F0
:1031B000FFE70F980168086820F0100008600F9979
:1031C000012081F83500FFE70F99002081F83400D5
:1031D000FFE7FFE70F98C06B20B1FFE70F98C16BC7
:1031E0008847FFE7FFE7FFE7FFE70F98406D0028FC
:1031F00000F0D480FFE70F98406DC007002800F072
:10320000C480FFE70F99042081F835000F9800680B
:103210001021C4F20201884200F08180FFE70F987C
:1032200000682821C4F20201884278D0FFE70F9895
:1032300000684021C4F20201884270D0FFE70F9875
:1032400000685821C4F20201884268D0FFE70F9855
:1032500000687021C4F20201884260D0FFE70F9835
:1032600000688821C4F20201884258D0FFE70F9815
:103270000068A021C4F20201884250D0FFE70F98F5
:103280000068B821C4F20201884248D0FFE70F98D5
:10329000006840F21041C4F2020188423FD0FFE7CB
:1032A0000F98006840F22841C4F20201884236D0EB
:1032B000FFE70F98006840F24041C4F202018842E3
:1032C0002DD0FFE70F98006840F25841C4F2020188
:1032D000884224D0FFE70F98006840F27041C4F2A2
:1032E000020188421BD0FFE70F98006840F2884136
:1032F000C4F20201884212D0FFE70F98006840F242
:10330000A041C4F20201884209D0FFE70F9800688B
:1033100040F2B841C4F20201884207D1FFE70F989A
:103320000168086820F00100086006E00F98016855
:10333000086820F001000860FFE7FFE70B98013004
:103340000B900A99884201D9FFE707E0FFE70F9841
:1033500000680068C0070028F0D1FFE70F980068F8
:103360000068C00728B1FFE70F99032081F83500F6
:1033700004E00F99012081F83500FFE7FFE70F997E
:10338000002081F83400FFE7FFE70F98C06C20B100
:10339000FFE70F98C16C8847FFE7FFE7FAE20F9855
:1033A0000168012045F20842C5F6020291420190EF
:1033B0004ED0FFE70F980168012045F21C42C5F688
:1033C00002029142019043D0FFE70F98016801206B
:1033D00045F23042C5F602029142019038D0FFE733
:1033E0000F980168012045F24442C5F6020291425D
:1033F00001902DD0FFE70F980168012045F2584257
:10340000C5F602029142019022D0FFE70F980168B1
:10341000012045F26C42C5F602029142019017D09C
:10342000FFE70F980168012045F28042C5F60202CD
:10343000914201900CD0FFE70F9800684AF66C317A
:10344000CAF2FD710844B0FA80F040090190FFE72C
:103450000198C007002800F09B82FFE70F980068E2
:1034600000680C900D980F99C96D01F01F01C840BC
:103470004007002840F1D780FFE79DF83000400763
:10348000002840F1D080FFE70F98C06D00F01F01C9
:1034900004208840089948609DF831000006002803
:1034A00018D5FFE79DF83200C00748B1FFE70F9835
:1034B000806C20B1FFE70F98816C8847FFE708E038
:1034C0000F98006C20B1FFE70F98016C8847FFE769
:1034D000FFE7A7E09DF830008006002800F1998002
:1034E000FFE70F9800681021C4F20201884200F043
:1034F0008180FFE70F9800682821C4F2020188420A
:1035000078D0FFE70F9800684021C4F2020188429A
:1035100070D0FFE70F9800685821C4F2020188427A
:1035200068D0FFE70F9800687021C4F2020188425A
:1035300060D0FFE70F9800688821C4F2020188423A
:1035400058D0FFE70F980068A021C4F2020188421A
:1035500050D0FFE70F980068B821C4F202018842FA
:1035600048D0FFE70F98006840F21041C4F2020112
:1035700088423FD0FFE70F98006840F22841C4F22C
:103580000201884236D0FFE70F98006840F24041C0
:10359000C4F2020188422DD0FFE70F98006840F284
:1035A0005841C4F20201884224D0FFE70F98006816
:1035B00040F27041C4F2020188421BD0FFE70F982D
:1035C000006840F28841C4F20201884212D0FFE74D
:1035D0000F98006840F2A041C4F20201884209D06D
:1035E000FFE70F98006840F2B841C4F20201884238
:1035F00007D1FFE70F980168086820F0080008600D
:1036000006E00F980168086820F004000860FFE7F2
:10361000FFE70F98006C20B1FFE70F98016C884717
:10362000FFE7FFE7B3E10D980F99C96D01F01F01A6
:10363000C8408007002840F1E180FFE79DF8300096
:103640008007002840F1DA80FFE70F98C06D00F096
:103650001F0102208840089948609DF8310000064B
:10366000002818D5FFE79DF83200C00748B9FFE7EA
:103670000F98406C20B1FFE70F98416C8847FFE737
:1036800008E00F98C06B20B1FFE70F98C16B884727
:10369000FFE7FFE7B1E09DF830008006002800F169
:1036A000A380FFE70F9800681021C4F2020188424E
:1036B00000F08180FFE70F9800682821C4F2020122
:1036C000884278D0FFE70F9800684021C4F20201D9
:1036D000884270D0FFE70F9800685821C4F20201B9
:1036E000884268D0FFE70F9800687021C4F2020199
:1036F000884260D0FFE70F9800688821C4F2020179
:10370000884258D0FFE70F980068A021C4F2020158
:10371000884250D0FFE70F980068B821C4F2020138
:10372000884248D0FFE70F98006840F21041C4F289
:10373000020188423FD0FFE70F98006840F228411D
:10374000C4F20201884236D0FFE70F98006840F2C9
:103750004041C4F2020188422DD0FFE70F98006873
:1037600040F25841C4F20201884224D0FFE70F988A
:10377000006840F27041C4F2020188421BD0FFE7AA
:103780000F98006840F28841C4F20201884212D0CA
:10379000FFE70F98006840F2A041C4F2020188429E
:1037A00009D0FFE70F98006840F2B841C4F2020167
:1037B000884207D1FFE70F980168086820F01400DD
:1037C000086006E00F980168086820F00A000860A9
:1037D000FFE70F99012081F83500FFE70F990020DE
:1037E00081F83400FFE7FFE70F98C06B20B1FFE7D7
:1037F0000F98C16B8847FFE7FFE7C7E00D980F9967
:10380000C96D01F01F01C8400007002840F1BC80CD
:10381000FFE79DF830000007002840F1B580FFE782
:103820000F9800681021C4F20201884200F08180E4
:10383000FFE70F9800682821C4F20201884278D07F
:10384000FFE70F9800684021C4F20201884270D05F
:10385000FFE70F9800685821C4F20201884268D03F
:10386000FFE70F9800687021C4F20201884260D01F
:10387000FFE70F9800688821C4F20201884258D0FF
:10388000FFE70F980068A021C4F20201884250D0DF
:10389000FFE70F980068B821C4F20201884248D0BF
:1038A000FFE70F98006840F21041C4F2020188421D
:1038B0003FD0FFE70F98006840F22841C4F20201B0
:1038C000884236D0FFE70F98006840F24041C4F2CA
:1038D000020188422DD0FFE70F98006840F258415E
:1038E000C4F20201884224D0FFE70F98006840F23A
:1038F0007041C4F2020188421BD0FFE70F980068B4
:1039000040F28841C4F20201884212D0FFE70F98CA
:10391000006840F2A041C4F20201884209D0FFE7EA
:103920000F98006840F2B841C4F20201884207D102
:10393000FFE70F980168086820F01C00086006E0A7
:103940000F980168086820F00E000860FFE70F98E4
:10395000C06D00F01F01012000FA01F1089A5160CA
:103960000F9948650F9981F83500FFE70F990020FE
:1039700081F83400FFE70F98C06C20B1FFE70F9883
:10398000C16C8847FFE700E0FFE7FFE7FFE700E0E3
:10399000FFE7FFE710B080BD10B58EB00C9002F0CD
:1039A00097FC0A900C9828B9FFE701208DF83700A2
:1039B00000F09EBC0C98016801201022C4F20202A3
:1039C0009142079000F0A380FFE70C980168012066
:1039D0002822C4F202029142079000F09880FFE78B
:1039E0000C98016801204022C4F202029142079023
:1039F00000F08D80FFE70C98016801205822C4F286
:103A000002029142079000F08280FFE70C98016863
:103A100001207022C4F202029142079077D0FFE7A2
:103A20000C98016801208822C4F20202914207909A
:103A30006DD0FFE70C9801680120A022C4F20202B9
:103A40009142079063D0FFE70C9801680120B822EB
:103A5000C4F202029142079059D0FFE70C98016826
:103A6000012040F21042C4F20202914207904ED06F
:103A7000FFE70C980168012040F22842C4F20202DC
:103A80009142079043D0FFE70C980168012040F273
:103A90004042C4F202029142079038D0FFE70C98EE
:103AA0000168012040F25842C4F20202914207909C
:103AB0002DD0FFE70C980168012040F27042C4F25B
:103AC00002029142079022D0FFE70C980168012082
:103AD00040F28842C4F202029142079017D0FFE7F9
:103AE0000C980168012040F2A042C4F20202914207
:103AF00007900CD0FFE70C9800684FF64831CBF6E2
:103B0000FD710844B0FA80F040090790FFE707987C
:103B1000C007002800F07881FFE70C98406A08B1E0
:103B2000FFE7FFE70C99022081F83500FFE70C99C9
:103B3000002081F83400FFE70C9800681021C4F2DF
:103B40000201884200F08180FFE70C98006828217C
:103B5000C4F20201884278D0FFE70C980068402147
:103B6000C4F20201884270D0FFE70C980068582127
:103B7000C4F20201884268D0FFE70C980068702107
:103B8000C4F20201884260D0FFE70C9800688821E7
:103B9000C4F20201884258D0FFE70C980068A021C7
:103BA000C4F20201884250D0FFE70C980068B821A7
:103BB000C4F20201884248D0FFE70C98006840F246
:103BC0001041C4F2020188423FD0FFE70C98006820
:103BD00040F22841C4F20201884236D0FFE70C9837
:103BE000006840F24041C4F2020188422DD0FFE754
:103BF0000C98006840F25841C4F20201884224D077
:103C0000FFE70C98006840F27041C4F2020188425C
:103C10001BD0FFE70C98006840F28841C4F2020113
:103C2000884212D0FFE70C98006840F2A041C4F22D
:103C30000201884209D0FFE70C98006840F2B841C1
:103C4000C4F20201884207D1FFE70C9801680868B6
:103C500020F00100086006E00C980168086820F078
:103C600001000860FFE7FFE70C9800680068C007E4
:103C700098B1FFE702F02CFB0A99401A06280BD3F3
:103C8000FFE70C99202048650C99032081F8350046
:103C900001208DF837002BE3E6E70C9800680068F8
:103CA0000B900B9848F23F01CFF6106108400B9043
:103CB0000C998868D1F80CC00B694A6940EA0C007D
:103CC000184310438A691043CA691043096A0143C3
:103CD0000B9808430B900C98406A042808D1FFE722
:103CE0000C99C86A096B01430B9808430B90FFE7D6
:103CF0000C984068292807D3FFE70C9841680120F9
:103D00002F29069036D3FFE70C9840683F2807D349
:103D1000FFE70C9841680120432906902AD3FFE76A
:103D20000C984068472807D3FFE70C9841680120AA
:103D3000492906901ED3FFE70C9840684F2807D307
:103D4000FFE70C98416801205329069012D3FFE742
:103D50000C98416800207429059008D3FFE70C985F
:103D600041680020782938BF01200590FFE70598B9
:103D70000690FFE70698C00728B1FFE70B9840F4CC
:103D800080100B90FFE70B980C99096808600C985D
:103D9000006840690B900B9820F007000B900C987E
:103DA000416A0B9808430B900C98406A04281AD17A
:103DB000FFE70C98816A0B9808430B900C98C06A37
:103DC00080B1FFE70C98FDF70FF850B1FFE70C99B1
:103DD000402048650C99012081F835008DF83700A6
:103DE00086E2FFE7FFE70B980C99096848610C9899
:103DF000FCF7BEFD09900C98C06D00F01F013F203C
:103E000088400999886026E10C980168012045F2F4
:103E10000842C5F60202914204904ED0FFE70C988A
:103E20000168012045F21C42C5F60202914204904D
:103E300043D0FFE70C980168012045F23042C5F6F7
:103E400002029142049038D0FFE70C9801680120EB
:103E500045F24442C5F60202914204902DD0FFE79C
:103E60000C980168012045F25842C5F602029142C1
:103E7000049022D0FFE70C980168012045F26C42C3
:103E8000C5F602029142049017D0FFE70C98016832
:103E9000012045F28042C5F60202914204900CD006
:103EA000FFE70C9800684AF66C31CAF2FD710844CD
:103EB000B0FA80F040090490FFE70498C00700289A
:103EC00000F0BD80FFE70C980168012045F2084230
:103ED000C5F60202914203904ED0FFE70C980168AC
:103EE000012045F21C42C5F602029142039043D0E4
:103EF000FFE70C980168012045F23042C5F6020246
:103F00009142039038D0FFE70C980168012045F2F8
:103F10004442C5F60202914203902DD0FFE70C986F
:103F20000168012045F25842C5F602029142039011
:103F300022D0FFE70C980168012045F26C42C5F6DB
:103F400002029142039017D0FFE70C98016801200C
:103F500045F28042C5F60202914203900CD0FFE781
:103F60000C9800684AF66C31CAF2FD710844B0FA48
:103F700080F040090390FFE70398C00708B1FFE70E
:103F8000FFE70C99022081F83500FFE70C9900202B
:103F900081F83400FFE70C98006800680B900B98DC
:103FA0006FF310100B900C988068402803D1FFE746
:103FB0001020029008E00C9880688038B0FA80F0F9
:103FC000400980030290FFE702980C99CA680B69C8
:103FD000D1F814C0D1F818E0CC694EEA040E4CEACE
:103FE0000E0C43EA0C031A4340EAD200096A40EA85
:103FF00011110B9808430B900B980C9909680860F5
:104000000C9908684AF6F832CAF2FD7210444CF670
:10401000CD42CCF6CC42A0FB02026FF0030000EAD6
:104020009200C8650C98FCF7A3FC08900C98C06D32
:1040300000F01F0101208840089948600AE00C99AF
:10404000402048650C99032081F8350001208DF847
:1040500037004DE1FFE70C98016801201022C4F2FF
:1040600002029142019000F00381FFE70C98016881
:1040700001202822C4F202029142019000F0F8804F
:10408000FFE70C98016801204022C4F2020291422D
:10409000019000F0ED80FFE70C98016801205822A4
:1040A000C4F202029142019000F0E280FFE70C9816
:1040B000016801207022C4F202029142019000F0D6
:1040C000D780FFE70C98016801208822C4F2020221
:1040D0009142019000F0CC80FFE70C98016801202C
:1040E000A022C4F202029142019000F0C180FFE7D9
:1040F0000C9801680120B822C4F20202914201909A
:1041000000F0B680FFE70C980168012040F21042F1
:10411000C4F202029142019000F0AA80FFE70C98DD
:104120000168012040F22842C4F20202914201904B
:1041300000F09E80FFE70C980168012040F24042A9
:10414000C4F202029142019000F09280FFE70C98C5
:104150000168012040F25842C4F2020291420190EB
:1041600000F08680FFE70C980168012040F2704261
:10417000C4F20202914201907AD0FFE70C980168E4
:10418000012040F28842C4F20202914201906FD0B5
:10419000FFE70C980168012040F2A042C4F202023D
:1041A0009142019064D0FFE70C980168012040F231
:1041B000B842C4F202029142019059D0FFE70C9834
:1041C0000168012045F20842C5F6020291420190C1
:1041D0004ED0FFE70C980168012045F21C42C5F65D
:1041E00002029142019043D0FFE70C980168012040
:1041F00045F23042C5F602029142019038D0FFE705
:104200000C980168012045F24442C5F60202914231
:1042100001902DD0FFE70C980168012045F258422B
:10422000C5F602029142019022D0FFE70C98016886
:10423000012045F26C42C5F602029142019017D06E
:10424000FFE70C980168012045F28042C5F60202A2
:10425000914201900CD0FFE70C9800684AF66C314F
:10426000CAF2FD710844B0FA80F040090190FFE7FE
:104270000198C00790B3FFE70C98FCF761FC0C981D
:104280008068802804D1FFE70C9900204860FFE790
:104290000C990879096E08600C98416E806E486030
:1042A0000C98406888B1FFE70C98406808280CD843
:1042B000FFE70C98FCF700FD0C98C16E0020086029
:1042C0000C98016F406F486007E00C990020C866A9
:1042D0000C9908670C994867FFE7FFE70C990020E5
:1042E00048650C9A012182F835108DF83700FFE7F8
:1042F0009DF837000EB010BD80B588B006900591CE
:104300000492039300208DF80B00069820B9FFE774
:1043100001208DF81F006CE3FFE7069890F8340049
:10432000012804D1FFE702208DF81F0061E3069900
:10433000012081F83400FFE7FFE7069890F8350088
:10434000012840F04383FFE70699022081F83500F9
:10435000069900204865069800681021C4F2020101
:10436000884200F08180FFE7069800682821C4F2A7
:104370000201884278D0FFE7069800684021C4F225
:104380000201884270D0FFE7069800685821C4F205
:104390000201884268D0FFE7069800687021C4F2E5
:1043A0000201884260D0FFE7069800688821C4F2C5
:1043B0000201884258D0FFE706980068A021C4F2A5
:1043C0000201884250D0FFE706980068B821C4F285
:1043D0000201884248D0FFE70698006840F2104189
:1043E000C4F2020188423FD0FFE70698006840F21D
:1043F0002841C4F20201884236D0FFE706980068DF
:1044000040F24041C4F2020188422DD0FFE70698F5
:10441000006840F25841C4F20201884224D0FFE70C
:104420000698006840F27041C4F2020188421BD035
:10443000FFE70698006840F28841C4F20201884212
:1044400012D0FFE70698006840F2A041C4F20201D2
:10445000884209D0FFE70698006840F2B841C4F2EC
:104460000201884207D1FFE706980168086820F03A
:104470000100086006E006980168086820F0010065
:104480000860FFE706980599049A039BFCF724FD52
:104490000698016801201022C4F2020291420190A4
:1044A00000F0A380FFE70698016801202822C4F2EB
:1044B00002029142019000F09880FFE7069801689F
:1044C00001204022C4F202029142019000F08D804E
:1044D000FFE70698016801205822C4F202029142C7
:1044E000019000F08280FFE70698016801207022A9
:1044F000C4F202029142019077D0FFE7069801686A
:1045000001208822C4F20202914201906DD0FFE79F
:10451000069801680120A022C4F202029142019093
:1045200063D0FFE7069801680120B822C4F20202B6
:104530009142019059D0FFE706980168012040F2AE
:104540001042C4F20202914201904ED0FFE7069859
:104550000168012040F22842C4F202029142019017
:1045600043D0FFE706980168012040F24042C4F2C0
:1045700002029142019038D0FFE7069801680120BD
:1045800040F25842C4F20202914201902DD0FFE75E
:1045900006980168012040F27042C4F20202914282
:1045A000019022D0FFE706980168012040F288427E
:1045B000C4F202029142019017D0FFE70698016809
:1045C000012040F2A042C4F20202914201900CD0BC
:1045D000FFE7069800684FF64831CBF6FD710844B6
:1045E000B0FA80F040090190FFE70198C007A8B138
:1045F000FFE70698006800680B2161F34400069904
:10460000096808600698006C38B1FFE706980168F1
:10461000086840F008000860FFE714E006980068AA
:104620000068052161F3430006990968086006984F
:10463000006C38B1FFE706980168086840F0040094
:104640000860FFE7FFE70698016801201022C4F226
:1046500002029142009000F00381FFE70698016892
:1046600001202822C4F202029142009000F0F8805A
:10467000FFE70698016801204022C4F2020291423D
:10468000009000F0ED80FFE70698016801205822B5
:10469000C4F202029142009000F0E280FFE7069827
:1046A000016801207022C4F202029142009000F0E1
:1046B000D780FFE70698016801208822C4F2020231
:1046C0009142009000F0CC80FFE70698016801203D
:1046D000A022C4F202029142009000F0C180FFE7E4
:1046E000069801680120B822C4F2020291420090AB
:1046F00000F0B680FFE706980168012040F2104202
:10470000C4F202029142009000F0AA80FFE70698EE
:104710000168012040F22842C4F202029142009056
:1047200000F09E80FFE706980168012040F24042B9
:10473000C4F202029142009000F09280FFE70698D6
:104740000168012040F25842C4F2020291420090F6
:1047500000F08680FFE706980168012040F2704271
:10476000C4F20202914200907AD0FFE706980168F5
:10477000012040F28842C4F20202914200906FD0C0
:10478000FFE706980168012040F2A042C4F202024D
:104790009142009064D0FFE706980168012040F242
:1047A000B842C4F202029142009059D0FFE7069845
:1047B0000168012045F20842C5F6020291420090CC
:1047C0004ED0FFE706980168012045F21C42C5F66D
:1047D00002029142009043D0FFE706980168012051
:1047E00045F23042C5F602029142009038D0FFE710
:1047F00006980168012045F24442C5F60202914242
:1048000000902DD0FFE706980168012045F258423C
:10481000C5F602029142009022D0FFE70698016897
:10482000012045F26C42C5F602029142009017D079
:10483000FFE706980168012045F28042C5F60202B2
:10484000914200900CD0FFE7069800684AF66C3160
:10485000CAF2FD710844B0FA80F040090090FFE709
:104860000098C007D0B1FFE70698006E0068C0034B
:10487000002807D5FFE70698016E086840F48070AD
:104880000860FFE70698C06E38B1FFE70698C16E72
:10489000086840F480700860FFE7FFE7069800684A
:1048A0001021C4F20201884200F08180FFE70698DF
:1048B00000682821C4F20201884278D0FFE70698F8
:1048C00000684021C4F20201884270D0FFE70698D8
:1048D00000685821C4F20201884268D0FFE70698B8
:1048E00000687021C4F20201884260D0FFE7069898
:1048F00000688821C4F20201884258D0FFE7069878
:104900000068A021C4F20201884250D0FFE7069857
:104910000068B821C4F20201884248D0FFE7069837
:10492000006840F21041C4F2020188423FD0FFE724
:104930000698006840F22841C4F20201884236D04D
:10494000FFE70698006840F24041C4F20201884245
:104950002DD0FFE70698006840F25841C4F20201EA
:10496000884224D0FFE70698006840F27041C4F204
:10497000020188421BD0FFE70698006840F2884198
:10498000C4F20201884212D0FFE70698006840F2A4
:10499000A041C4F20201884209D0FFE706980068EE
:1049A00040F2B841C4F20201884207D1FFE70698FD
:1049B0000168086840F00100086006E00698016898
:1049C000086840F001000860FFE70DE006994FF429
:1049D00000604865FFE70699002081F83400FFE792
:1049E00001208DF80B00FFE79DF80B008DF81F00EC
:1049F000FFE79DF81F0008B080BD00000000000028
:104A000080B584B0039001F063FC0290039801909C
:104A10000198013048B1FFE740F21600C2F20040B1
:104A20000178019808440190FFE7FFE701F050FC8E
:104A30000299401A0199884201D2FFE7F6E704B0D3
:104A400080BD00000000000085B00390029101923B
:104A5000039890F898008DF803009DF80300012852
:104A600005D0FFE79DF8030002285DD1FFE702981B
:104A700003990968896D084207D1FFE70398016827
:104A8000C86D40F00100C86515E0029803990968F7
:104A9000896D08400299884207D1FFE703980168B1
:104AA000C86D40F00200C86504E003980168032067
:104AB000C865FFE7FFE79DF809008007002809D5D2
:104AC000FFE7019A03980168D1F8E0001043C1F8AC
:104AD000E000FFE79DF809004007002809D5FFE73F
:104AE000019A03980168D1F8E4001043C1F8E4008A
:104AF000FFE7FFE702984FF6FF71C3F6CF7100EAB8
:104B0000010203980168486D10434865029A4AF60D
:104B10001401C4F20001086840EA92700860FFE7DF
:104B200000208DF813000AE00399D1F89C0040F0B2
:104B30000200C1F89C0001208DF81300FFE79DF8EA
:104B4000130005B07047000080B586B00490039153
:104B500002920398406808B9FFE700E0FFE7049875
:104B600090F89800022845D1FFE704980068D0F833
:104B7000C00010F07C5F0BD1FFE70499D1F89C00D6
:104B800040F02000C1F89C0001208DF817003CE0A7
:104B900004980068D0F8C400800200280BD5FFE715
:104BA0000499D1F89C0040F40070C1F89C000120E9
:104BB0008DF8170029E004980068D0F8C400C0F30D
:104BC0000440019004980399029A019BFCF78CFD24
:104BD0000199012000FA01F1049A1268C2F8D0107C
:104BE000019988400499C1F89400FFE700208DF8EE
:104BF00017000AE00499D1F89C0040F00800C1F8C1
:104C00009C0001208DF81700FFE79DF8170006B003
:104C100080BD00000000000082B00190009102B051
:104C2000704700000000000087B0059004910598CF
:104C300090F898008DF803009DF80300012805D036
:104C4000FFE79DF8030002286AD1FFE70498C068D7
:104C5000072801D1FFE7FFE70498006878BBFFE76A
:104C60000498C068072801D0FFE7FFE70498C068F0
:104C700007280CD1FFE7049A10699169D2690004F2
:104C800040EA0220084340F0605003900CE0049991
:104C90008868CB680A694969800740EAC36040EACE
:104CA000024008430390FFE70598C06E04994968E5
:104CB00000EB810001900398019908602CE00498B2
:104CC000C068072801D0FFE7FFE70498C1680069C2
:104CD00040EA417003900498C068072804D1FFE7B8
:104CE00004988069029006E004988168406940EA6F
:104CF00081700290FFE70598006F0499496800EB06
:104D0000C100019003980199086001980430019056
:104D1000029801990860FFE700208DF81B000AE067
:104D20000599D1F89C0040F00200C1F89C000120D8
:104D30008DF81B00FFE79DF81B0007B070470000CF
:104D400085B0DDF814C0039002910192009303989E
:104D500090F89800012812D1FFE70298000101990C
:104D600040EA8100009940EA41000599084303990F
:104D70000968C1F8800000208DF813000AE003994B
:104D8000D1F89C0040F00400C1F89C0001208DF88F
:104D90001300FFE79DF8130005B070470000000006
:104DA00081B0009001B0704782B00190009102B0D4
:104DB000704700000000000081B000900098D0F81B
:104DC0009C0001B07047000083B0029001910198EF
:104DD000402808D1FFE702980068D0F8A40000F04E
:104DE0007F00009007E002980068D0F8B40000F05F
:104DF0007F000090FFE7009803B0704700000000BC
:104E00008AB00890079106920593002001900898B7
:104E100090F898008DF803009DF80300022840F0F8
:104E20006881FFE70798402857D1FFE70898006896
:104E3000D0F8A00010F4FE0F0BD1FFE70899D1F8CD
:104E40009C0040F02000C1F89C0001208DF8270054
:104E50005AE108980068D0F8A400400658B9FFE766
:104E60000899D1F89C0040F48070C1F89C000120A2
:104E70008DF8270048E108980068D0F8A400C0F336
:104E80000520019008980068D0F8A40000F0807117
:104E90000120B0EB116F16D1FFE708980068D0F839
:104EA000A0100120B0EBD17F0CD1FFE701980130B9
:104EB00008990968D1F8A01001F4FE0100EA114038
:104EC0000190FFE7FFE70898426C406F019951435A
:104ED00000EB81000490FFE776E00798412857D166
:104EE000FFE708980068D0F8B00010F4FE0F0BD16F
:104EF000FFE70899D1F89C0040F02000C1F89C0021
:104F000001208DF82700FFE008980068D0F8B40071
:104F1000400658B9FFE70899D1F89C0040F480702A
:104F2000C1F89C0001208DF82700EDE0089800688A
:104F3000D0F8B400C0F30520019008980068D0F8BC
:104F4000B40000F080710120B0EB116F16D1FFE7C3
:104F500008980068D0F8B0100120B0EBD17F0CD1D8
:104F6000FFE70198013008990968D1F8B01001F401
:104F7000FE0100EA11400190FFE7FFE70898C26CCC
:104F8000806F0199514300EB81000490FFE71AE024
:104F900007980899096D88420BD3FFE70899D1F863
:104FA0009C0040F02000C1F89C0001208DF82700F3
:104FB000AAE00898426DC06F0799514300EB810049
:104FC0000490FFE7FFE7FFE70498006800F08040E7
:104FD000069948600698406838B9FFE70498006869
:104FE000C0F38A400699086006E00498006820F043
:104FF000604006990860FFE70498006800F00050E0
:10500000069988600498006800F0004006990861DD
:10501000049804300490049800880699C8610498A4
:105020000068C0F303400699C8600498006800F463
:105030008010069948610498006800F400100699F1
:10504000886104980068C0F30660069908620498B5
:105050000068C00F069948620498043004900498D0
:10506000039000200290FFE702980699CA6843F275
:10507000C471C0F60101895C88420AD2FFE7039837
:10508000029A805C05998854FFE7029801300290EB
:10509000EAE70798402806D1FFE7019808990968D0
:1050A000C1F8A80021E00798412806D1FFE7019840
:1050B00008990968C1F8B80016E007981F2808D8B1
:1050C000FFE707990120884008990968C1F898000E
:1050D00009E0079800F01F0101208840089909683D
:1050E000C1F89C00FFE7FFE7FFE700208DF82700ED
:1050F0000AE00899D1F89C0040F00800C1F89C0033
:1051000001208DF82700FFE79DF827000AB07047BF
:1051100082B0019001980068D0F8C40000F03F0010
:105120000090009802B0704781B0009001B07047C5
:1051300080B594B013904AF61000C4F200000068E5
:10514000800712904AF61400C4F200000168129819
:1051500000EA8170129013980068006D00F47040AE
:10516000119013980068416D1198084011901398A0
:105170000068006D00F00F00109013980068416DFA
:1051800010980840109013980068006D00F0F0002F
:105190000F9013980068416D0F9808400F90139876
:1051A0000068006D00F071500E9013980068416D1A
:1051B0000E9808400E9013980068006D00F0607023
:1051C0000D9013980068416D0D9808400D9013984C
:1051D0000068406D039013980068006D01909DF881
:1051E0000D00C007B8B1FFE79DF80500C00788B102
:1051F000FFE7FFE7139801684FF4807008654AF6EF
:105200001001C4F2000100200860FFE71398FFF7C7
:105210008BFFFFE7FFE79DF80D0000F00401002081
:10522000B0EB910F28D0FFE79DF8050000F00401D6
:105230000020B0EB910F1ED0FFE713980068D0F864
:10524000DC000B9013980068D0F8E4100B9808402D
:105250000B90FFE7139801684FF4806008654AF6E9
:105260001001C4F2000100200860FFE713980B99B9
:1052700000F0C6FDFFE7FFE71298B8B1FFE7FFE7D0
:1052800012984FF6FF71C3F6CF7108401399096861
:1052900008651298800F4AF61001C4F200010860F8
:1052A000FFE713981299FFF7B7FCFFE71198B8B121
:1052B000FFE7FFE711984FF6FF71C3F6CF71084083
:1052C0001399096808651198800F4AF61001C4F215
:1052D00000010860FFE71398119900F0A1FDFFE7B6
:1052E0001098B8B1FFE7FFE710984FF6FF71C3F6CB
:1052F000CF7108401399096808651098800F4AF625
:105300001001C4F200010860FFE71398109900F043
:105310005BFCFFE70F98B8B1FFE7FFE70F984FF688
:10532000FF71C3F6CF7108401399096808650F989B
:10533000800F4AF61001C4F200010860FFE71398DD
:105340000F9900F005FDFFE79DF80D0000F0080142
:105350000020B0EBD10F1BD0FFE79DF8050000F057
:1053600008010020B0EBD10F11D0FFE7FFE7139841
:1053700001684FF4006008654AF61001C4F20001AC
:1053800000200860FFE7139800F052FDFFE7FFE7F9
:105390009DF80D0000F002010020B0EB510F28D065
:1053A000FFE79DF8050000F002010020B0EB510F6F
:1053B0001ED0FFE713980068D0F8D8000C9013981F
:1053C0000068D0F8E0100C9808400C90FFE71398A4
:1053D00001684FF4007008654AF61001C4F200013C
:1053E00000200860FFE713980C9900F011FDFFE71B
:1053F000FFE79DF80E0000F008010020B0EBD10F90
:105400001BD0FFE79DF8060000F008010020B0EB7C
:10541000D10F11D0FFE7FFE7139801684FF4002088
:1054200008654AF61001C4F2000100200860FFE799
:10543000139800F0C5FBFFE7FFE79DF80E00C007DB
:10544000B8B1FFE79DF80600C00788B1FFE7FFE7A6
:10545000139801684FF4803008654AF61001C4F2D1
:10546000000100200860FFE7139800F0C5FCFFE78B
:10547000FFE79DF80E0000F004010020B0EB910F53
:105480001BD0FFE79DF8060000F004010020B0EB00
:10549000910F11D0FFE7FFE7139801684FF48020C8
:1054A00008654AF61001C4F2000100200860FFE719
:1054B000139800F09DFCFFE7FFE79DF80E0000F059
:1054C00002010020B0EB510F1FD0FFE79DF806004E
:1054D00000F002010020B0EB510F15D0FFE7FFE70D
:1054E000139801684FF4003008654AF61001C4F2C1
:1054F000000100200860FFE71399D1F89C0040F0FC
:105500008000C1F89C00FFE7FFE70D98B8B1FFE706
:10551000FFE70D984FF6FF71C3F6CF71084013995E
:10552000096808650D98800F4AF61001C4F2000161
:105530000860FFE713980D99FFF736FCFFE70E9818
:10554000D0B1FFE7FFE70E984FF6FF71C3F6CF71BA
:1055500008401399096808650E98800F4AF61001F3
:10556000C4F200010860FFE70E9A1399D1F89C007D
:105570001043C1F89C00FFE7139800684AF200014D
:10558000C4F20001884240F0B980FFE713984068F8
:1055900080688007002800F0B080FFE7139840681B
:1055A000006A00F00F000A9013984068416A0A9858
:1055B00008400A9013984068006A00F03000099093
:1055C00013984068416A0998084009901398406808
:1055D000006A00F4C070089013984068416A089807
:1055E0000840089013984068006A00F4FC40079057
:1055F00013984068416A07980840079013984068DC
:10560000006A00F4F020069013984068416A0698FA
:105610000840069013984068406A029013984068CA
:10562000006A00900A9848B1FFE70A981399496800
:10563000086213980A9900F0C3FBFFE7099848B184
:10564000FFE709981399496808621398099900F0CF
:10565000C7FBFFE79DF8080000F040010020B0EB19
:10566000911F1FD0FFE79DF8000000F040010020CF
:10567000B0EB911F15D0FFE713984068C06B000C8A
:10568000059013984068C06B00F03F000490139899
:1056900041684020086213980599049A00F098FB2D
:1056A000FFE7FFE7089848B1FFE7089813994968B2
:1056B00008621398089900F07BFBFFE7079860B138
:1056C000FFE70798139949680862079A1399D1F878
:1056D0009C001043C1F89C00FFE7069860B1FFE70B
:1056E0000698139949680862069A1399D1F89C00A4
:1056F0001043C1F89C00FFE7FFE7FFE71398D0F8DD
:105700009C0020B1FFE71398FFF74AFBFFE714B0B6
:1057100080BD00000000000080B598B0169043F2F4
:105720006871C0F6010101A84C22FAF712FF169821
:1057300020B9FFE701208DF85F00D9E116980068D5
:105740004AF20001C4F20001884206D1FFE716992F
:10575000086800F580704860FFE716988068B0F52B
:10576000407F01D1FFE7FFE71698006C08B1FFE723
:10577000FFE71698806C08B1FFE7FFE71698006D09
:1057800008B1FFE7FFE71698006E08B1FFE7FFE7F3
:105790001699C86D096E084408B1FFE7FFE716982F
:1057A00090F8980040B9FFE71699002081F8990019
:1057B000169800F0A1F9FFE716980168886920F0B3
:1057C0001000886100F084FD1590FFE716980068CE
:1057D00080690007002817D5FFE700F079FD1599CB
:1057E000401A0B280FD3FFE71699D1F89C0040F020
:1057F0000100C1F89C001699032081F8980001204F
:105800008DF85F0074E1E1E716980168886940F05F
:105810000100886100F05CFD1590FFE716980068B4
:105820008069C007B8B9FFE700F052FD1599401A2A
:105830000B280FD3FFE71699D1F89C0040F0010028
:10584000C1F89C001699032081F8980001208DF87A
:105850005F004DE1E2E716980168886940F00200B8
:1058600088611698007C012807D1FFE71698016827
:10587000886920F04000886106E016980168886910
:1058800040F040008861FFE71698407C012807D16E
:10589000FFE716980168886940F48040886106E057
:1058A00016980168886920F480408861FFE716989F
:1058B000807C012807D1FFE716980168886920F4E9
:1058C0008050886106E016980168886940F480502D
:1058D0008861FFE716980068806920F44070169A86
:1058E000116892681043886116980168886920F0F1
:1058F000A400886116980168086920F0100008610A
:105900001698C068012807D1FFE7169801688869D2
:1059100040F0040088612BE01698C06830B3FFE7C0
:105920001698C068022819D0FFE7169801688869A0
:1059300040F08000886116980168086940F0100006
:1059400008611698C068032807D1FFE71698016818
:10595000886940F020008861FFE706E0169801683A
:10596000886940F020008861FFE700E0FFE7FFE77B
:10597000169A116853699069D2F81CE0A0F1010CE5
:105980006FF0FF0000EB0E2040EA4C60126A013A13
:1059900010430022CFF6FF7202EB03421043C861AE
:1059A00016988068B0F5407F1CD1FFE7169A116801
:1059B000536A906AD2F82CE001386FF0FF0C0CEBC0
:1059C0000E2C40EA0C00D2F830C06FF00F0202EB50
:1059D0000C1210430022CFF6FF7202EB0342104379
:1059E000C860FFE71698006E48B1FFE71698016897
:1059F000426ED1F8C0001043C1F8C000FFE716990D
:105A0000C86D096E084480B1FFE716980068D0F8A9
:105A1000C80020F00700169A1168936E01AA52F888
:105A200023201043C1F8C800FFE71698006C80B12E
:105A3000FFE716980068D0F8BC0020F00700169A1F
:105A40001168536C01AA52F823201043C1F8BC001E
:105A5000FFE71698806C88B1FFE716980068D0F8C9
:105A6000BC0020F07000169A1168D36C01AA52F89D
:105A7000232040EA0210C1F8BC00FFE71698006D31
:105A800088B1FFE716980068D0F8BC0020F4E06009
:105A9000169A1168536D01AA52F8232040EA022099
:105AA000C1F8BC00FFE7169800684AF20001C4F292
:105AB0000001884207D1FFE716984168886820F006
:105AC00003008860FFE716990020C1F8940016993A
:105AD000C1F89C001699012081F898001698FBF7F0
:105AE0009FFC8DF853009DF853008DF85F00FFE791
:105AF0009DF85F0018B080BD80B5B8B03790002029
:105B00003690359034903390329004A8B821FAF74B
:105B100052FD379800684AF20001C4F20001884241
:105B200049D1FFE7002005904FF4004004904FF06A
:105B300080501F9004A800F0A7FF18B1FFE7FBF703
:105B400063FCFFE7FFE744F2EC40C5F602000168A2
:105B500041F480710160006800F480700390039844
:105B6000FFE7FFE744F2E040C5F60200016841F0BC
:105B700008010160006800F0080002900298FFE749
:105B8000032032900221339100210091349135900D
:105B90000920369040F60040C5F6020032A900F018
:105BA0008BF9009A13200190012100F04DFC01981F
:105BB00000F03EFCFFE738B080BD000000000000B0
:105BC00081B0009001B07047B0B596B015901491B7
:105BD00000200790159840F2C041C2F2004188426F
:105BE00001D0FFE7AEE09DF850000007002808D57F
:105BF000FFE740F26811C2F2004108680130086016
:105C0000FFE79DF850004007002808D5FFE740F265
:105C10006411C2F20041086801300860FFE7FFE745
:105C200015984021FFF7D0F801460020029039B1C5
:105C3000FFE707990020102938BF01200290FFE7F5
:105C40000298C00700286FD0FFE70798013007903F
:105C5000159840210AAA08ABFFF7D2F808B1FFE770
:105C600062E00B98B0F1804F07D1FFE70C9820B9A4
:105C7000FFE70D98082801D0FFE7D1E70A9808A9A7
:105C80000DF08EF800284ED0FFE70A98000A8DF834
:105C90001B0000F01DFB05909DF81B0005990DF001
:105CA00037F99DF81B000AF057FF04900498C8B319
:105CB000FFE79DF81B000CF0F7FE0390039880B3FC
:105CC000FFE704990091039B019318685A68D3F881
:105CD00008C0D3F80CE01C695D694D620C62C1F824
:105CE0001CE0C1F818C04A6108619869DA691B6A4A
:105CF0000B63CA628862059804990863049890ED62
:105D0000040A90ED141A30EE410A80ED060A049858
:105D100090ED060A9FED0C1A20EE010A80ED070AAD
:105D2000FFE7FFE7FFE77BE715984021FFF74CF817
:105D300040B1FFE740F26011C2F200410868013053
:105D40000860FFE716B0B0BDE02E6542000000001D
:105D500082B00190009102B0704700000000000086
:105D600082B00090009890F89800012811D1FFE7C8
:105D70000099022081F8980000980168886920F055
:105D80000100886100990020C1F89C008DF807008F
:105D90000AE00099D1F89C0040F00400C1F89C0092
:105DA00001208DF80700FFE79DF8070002B070475B
:105DB00082B00190009102B0704700000000000026
:105DC00082B00190009102B0704700000000000016
:105DD00083B002900191009203B070470000000070
:105DE00082B00190009102B07047000000000000F6
:105DF00081B0009001B0704781B0009001B0704751
:105E000082B00190009102B07047000000000000D5
:105E100082B00190009102B07047000000000000C5
:105E200082B00190009102B07047000000000000B5
:105E300081B0009001B0704780B582B0ADF8060027
:105E4000BDF80600B0F5004F01D0FFE714E000F008
:105E50003FFA0090009840F28801C2F200410968C0
:105E6000401AC72801D8FFE706E0009840F28801F1
:105E7000C2F200410860FFE702B080BD00000000F0
:105E800080B582B0ADF806008820C5F60000006835
:105E9000BDF8061008420BD0FFE7BDF806008821C8
:105EA000C5F600010860BDF80600FFF7C5FFFFE773
:105EB00002B080BD000000008FB00E900D91002058
:105EC0000C908020C5F600000990FFE70D9800684F
:105ED0000C99C840002800F0CD81FFE70D980068BC
:105EE0000C9A0121914008400B900B98002800F07B
:105EF000BD81FFE70D98406800F00300012807D03E
:105F0000FFE70D98406800F0030002282FD1FFE75B
:105F10000E9880680A900C984100032000FA01F165
:105F20000A9888430A900D98C0680C99490000FAB5
:105F300001F10A9808430A900A980E9988600E9811
:105F400040680A900C99012000FA01F10A988843F0
:105F50000A900D984068C0F300100C9900FA01F106
:105F60000A9808430A900A980E994860FFE70D982E
:105F7000406800F0030003280CD1FFE70D9840684B
:105F800000F0030003281DD1FFE70D988068012869
:105F900018D0FFE70E98C0680A900C9841000320C3
:105FA00000FA01F10A9888430A900D9880680C99CC
:105FB000490000FA01F10A9808430A900A980E99DC
:105FC000C860FFE70D98406800F00300022826D162
:105FD000FFE70E980C996FF0030202EA51010844A2
:105FE000006A0A900C9800F0070081000F2000FA68
:105FF00001F10A9888430A900D9800690C9901F004
:106000000701890000FA01F10A9808430A900A98EA
:106010000E990C9B02EA530211440862FFE70E98A6
:1060200000680A900C984100032000FA01F10A98D8
:1060300088430A900D98406800F003000C994900CD
:1060400000FA01F10A9808430A900A980E9908602C
:106050000D9880798007002800F00781FFE7FFE7AF
:1060600044F2F440C5F60200016841F0020101600B
:10607000006800F0020008900898FFE70C9820F0F4
:10608000030040F20841C5F6000140580A900C9800
:1060900000F0030081000F2000FA01F10A98884304
:1060A0000A900E980021C5F60201884203D1FFE74D
:1060B000002007906CE00E9840F20041C5F6020106
:1060C000884203D1FFE7012006905EE00E9840F67B
:1060D0000001C5F60201884203D1FFE702200590C6
:1060E00050E00E9840F60041C5F60201884203D107
:1060F000FFE70320049042E00E9841F20001C5F64C
:106100000201884203D1FFE70420039034E00E9897
:1061100041F20041C5F60201884203D1FFE70520A4
:10612000029026E00E9841F60001C5F60201884271
:1061300003D1FFE70620019018E00E9841F60041D8
:10614000C5F60201884203D1FFE7072000900AE06C
:106150000E9942F20042C5F602020A20914208BF9F
:1061600009200090FFE700980190FFE70198029056
:10617000FFE702980390FFE703980490FFE7049875
:106180000590FFE705980690FFE706980790FFE760
:1061900007980C9901F00301890000FA01F10A98AF
:1061A00008430A900A980C9921F0030140F2084232
:1061B000C5F6000288504FF0B04000680A900B9975
:1061C0000A9888430A900D988079C006002805D562
:1061D000FFE70B990A9808430A90FFE70A984FF0E7
:1061E000B04108600420C5F6000000680A900B99D1
:1061F0000A9888430A900D9880798006002805D572
:10620000FFE70B990A9808430A90FFE70A980421D0
:10621000C5F600010860099840680A900B990A9831
:1062200088430A900D9880798007002805D5FFE7FC
:106230000B990A9808430A90FFE70A980999486061
:10624000099800680A900B990A9888430A900D985B
:106250008079C00728B1FFE70B990A9808430A9094
:10626000FFE70A9809990860FFE7FFE70C980130FB
:106270000C902BE60FB0704783B00290ADF806107B
:10628000029840690090009ABDF8060002EA0001F9
:10629000904340EA01400299886103B070470000D2
:1062A00082B00190ADF802108DF801209DF8010038
:1062B00028B1FFE7BDF802000199886105E0BDF84B
:1062C0000200000401998861FFE702B070470000F6
:1062D00041F21400C2F20040006870470000000064
:1062E00040F21600C2F20040027841F21401C2F2FC
:1062F000004108681044086070470000000000007A
:1063000080B582B0032000F0B7F801F055FE44F2EA
:106310001842C5F602021168C1F3032343F2B471B7
:10632000C0F60101CB5C03F01F03D8400090009839
:10633000126802F00F02895C01F01F01C84040F2B0
:106340000401C2F200410860009840F20001C2F26C
:10635000004108600F2000F013F820B1FFE7012092
:106360008DF8070005E000F04FF800208DF80700D9
:10637000FFE79DF8070002B080BD000000000000AC
:1063800080B582B0009040F21600C2F20040007862
:1063900020B9FFE701208DF8070030E040F200004F
:1063A000C2F20040006840F21601C2F200410A78D1
:1063B0004FF47A71B1FBF2F1B0FBF1F003F09CF80D
:1063C00020B1FFE701208DF8070018E000980F28A2
:1063D0000DD8FFE700994FF0FF30002200F034F8AD
:1063E000009840F21801C2F20041086003E0012069
:1063F0008DF8070003E000208DF80700FFE79DF807
:10640000070002B080BD000081B0FFE744F2F44015
:10641000C5F60200016841F002010160006800F069
:10642000020000900098FFE701B0704700000000F4
:1064300080B582B0ADF80600BDF9060008F018FE80
:1064400002B080BD0000000080B586B0ADF8160037
:106450000491039208F024FE0290BDF91600019009
:1064600002980499039A05F05BFD0146019808F033
:106470001FFE06B080BD000080B582B0019001987B
:1064800008F03AFE02B080BD80B584B0029044F6B8
:106490000C00C5F60200006800F004010020B0EB1B
:1064A000910F13D1FFE744F60C00C5F60200006817
:1064B00000F007000299884204D0FFE701208DF820
:1064C0000F002EE000208DF80F002AE044F60C01AA
:1064D000C5F60201086820F00700029A1043086020
:1064E000FFF7F6FE0190FFE744F60400C5F6020050
:1064F000006800F400510020B0EB513F0DD1FFE7E0
:10650000FFF7E6FE0199401AB0F57A7F04D9FFE75C
:1065100001208DF80F0004E0E6E700208DF80F0061
:10652000FFE79DF80F0004B080BD000000000000F0
:1065300080B501F0EDFC44F22041C5F60201096886
:10654000C1F3021243F2B471C0F60101895C01F09B
:106550001F01C84080BD000088B0079044F2284069
:10656000C5F60200016801F0030106910068C0F35E
:106570000530059044F22C40C5F602000068C0F3D7
:1065800000100490049844F23C41C5F602010968E9
:1065900089B2C908484300EE100AB8EE400A8DEDF2
:1065A000020A0598002800F01181FFE70698009084
:1065B00048B1FFE70098012865D0FFE7009802285E
:1065C00000F08380A3E044F20040C5F602000068BA
:1065D00000F020010020B0EB511F31D0FFE744F262
:1065E0000040C5F602000068C0F3C10149F2000096
:1065F000C0F2D030C84003909DED030AB8EE400AC7
:106600009DED051AB8EE411A80EE010A44F23840B9
:10661000C5F6020000686FF35F2001EE100AB8EEC5
:10662000411A9DED022A9FED6F3A02EE031AB7EE72
:10663000002A31EE021A20EE010A8DED010A21E056
:106640009DED050AB8EE401A9FED680A80EE010A3A
:1066500044F23840C5F6020000686FF35F2001EE97
:10666000100AB8EE411A9DED022A9FED5E3A02EE45
:10667000031AB7EE002A31EE021A20EE010A8DED60
:10668000010AFFE765E09DED050AB8EE401A9FEDAF
:10669000560A80EE010A44F23840C5F6020000684E
:1066A0006FF35F2001EE100AB8EE411A9DED022A49
:1066B0009FED4C3A02EE031AB7EE002A31EE021AB1
:1066C00020EE010A8DED010A43E09DED050AB8EECA
:1066D000401A9FED430A80EE010A44F23840C5F6A5
:1066E000020000686FF35F2001EE100AB8EE411A55
:1066F0009DED022A9FED3B3A02EE031AB7EE002A07
:1067000031EE021A20EE010A8DED010A21E09DED25
:10671000050AB8EE401A9FED340A80EE010A44F2F1
:106720003840C5F6020000686FF35F2001EE100AE2
:10673000B8EE411A9DED022A9FED2A3A02EE031AA5
:10674000B7EE002A31EE021A20EE010A8DED010AA1
:10675000FFE79DED010A44F23840C5F602000168EA
:1067600089B2490A01EE101AB8EE411AB7EE002AB2
:1067700031EE021A80EE010A0799BCEEC00A81EDE3
:10678000000A9DED010A0168C1F3064101EE101AED
:10679000B8EE411A31EE021A80EE010A0799BCEEFA
:1067A000C00A81ED010A9DED010A0068C0F3066090
:1067B00001EE100AB8EE411A31EE021A80EE010A1B
:1067C0000798BCEEC00A80ED020A07E00799002096
:1067D00008600799486007998860FFE708B070472C
:1067E000001BB74B000000390024744A0024744C8D
:1067F00088B0079044F22840C5F60200016801F015
:10680000030106910068C0F30550059044F22C4046
:10681000C5F602000068C0F300200490049844F21A
:106820004441C5F60201096889B2C908484300EE2F
:10683000100AB8EE400A8DED020A0598002800F013
:106840001181FFE70698009048B1FFE70098012802
:1068500065D0FFE70098022800F08380A3E044F2AF
:106860000040C5F60200006800F020010020B0EBF7
:10687000511F31D0FFE744F20040C5F60200006826
:10688000C0F3C10149F20000C0F2D030C84003900B
:106890009DED030AB8EE400A9DED051AB8EE411AC7
:1068A00080EE010A44F24040C5F6020000686FF332
:1068B0005F2001EE100AB8EE411A9DED022A9FED0D
:1068C0006F3A02EE031AB7EE002A31EE021A20EEFA
:1068D000010A8DED010A21E09DED050AB8EE401A8E
:1068E0009FED680A80EE010A44F24040C5F60200BE
:1068F00000686FF35F2001EE100AB8EE411A9DEDBB
:10690000022A9FED5E3A02EE031AB7EE002A31EE3C
:10691000021A20EE010A8DED010AFFE765E09DED08
:10692000050AB8EE401A9FED560A80EE010A44F2BD
:106930004040C5F6020000686FF35F2001EE100AC8
:10694000B8EE411A9DED022A9FED4C3A02EE031A71
:10695000B7EE002A31EE021A20EE010A8DED010A8F
:1069600043E09DED050AB8EE401A9FED430A80EE24
:10697000010A44F24040C5F6020000686FF35F2050
:1069800001EE100AB8EE411A9DED022A9FED3B3A46
:1069900002EE031AB7EE002A31EE021A20EE010AC7
:1069A0008DED010A21E09DED050AB8EE401A9FED3C
:1069B000340A80EE010A44F24040C5F60200006845
:1069C0006FF35F2001EE100AB8EE411A9DED022A26
:1069D0009FED2A3A02EE031AB7EE002A31EE021AB0
:1069E00020EE010A8DED010AFFE79DED010A44F258
:1069F0004040C5F60200016889B2490A01EE101A4A
:106A0000B8EE411AB7EE002A31EE021A80EE010A02
:106A10000799BCEEC00A81ED000A9DED010A0168EC
:106A2000C1F3064101EE101AB8EE411A31EE021A16
:106A300080EE010A0799BCEEC00A81ED010A9DEDC6
:106A4000010A0068C0F3066001EE100AB8EE411AB0
:106A500031EE021A80EE010A0798BCEEC00A80ED02
:106A6000020A07E007990020086007994860079923
:106A70008860FFE708B07047001BB74B0000003983
:106A80000024744A0024744C80B59AB018900020F9
:106A90008DF857008DF856001898C0780007002828
:106AA00048D5FFE71898406E149078B1FFE7149826
:106AB000B0F5801F13D0FFE71498B0F5001F16D073
:106AC000FFE71498B0F5401F19D019E044F22C41AB
:106AD000C5F60201086840F40030086014E0189818
:106AE0000830022105F058FA8DF857000CE018988C
:106AF0002830022105F038FB8DF8570004E003E050
:106B000001208DF85700FFE79DF8570060B9FFE7B7
:106B100044F25041C5F60201086820F44010189A6A
:106B2000526E1043086004E09DF857008DF856003F
:106B3000FFE7FFE718984078C007002840D0FFE73C
:106B40001898806D1390042820D81399DFE801F07D
:106B5000030C141C1D0044F22C41C5F60201086808
:106B600040F40030086015E018980830002105F066
:106B700013FA8DF857000DE018982830002105F021
:106B8000F3FA8DF8570005E004E003E001208DF8EA
:106B90005700FFE79DF8570060B9FFE744F2504106
:106BA000C5F60201086820F00700189A926D10439C
:106BB000086004E09DF857008DF85600FFE7FFE7F6
:106BC000189840784007002856D5FFE71898D0F865
:106BD000A4001290C8B1FFE71298B0F5001F1DD0B5
:106BE000FFE71298B0F5800F20D0FFE71298B0F5BC
:106BF000C00F23D0FFE71298B0F5000F1FD0FFE7BA
:106C00001298B0F5200F1BD01BE044F22C41C5F6C2
:106C10000201086840F40030086016E01898083057
:106C2000002105F0B9F98DF857000EE018982830CA
:106C3000002105F099FA8DF8570006E005E004E020
:106C400003E001208DF85700FFE79DF8570068B971
:106C5000FFE744F25841C5F60201086820F46000DD
:106C6000189AD2F8A4201043086004E09DF8570059
:106C70008DF85600FFE7FFE71898407800070028D6
:106C800056D5FFE71898D0F8A8001190C8B1FFE7D3
:106C90001198B0F1807F1DD0FFE71198B0F1007F0F
:106CA00020D0FFE71198B0F1407F23D0FFE7119883
:106CB000B0F1806F1FD0FFE71198B0F1A06F1BD02B
:106CC0001BE044F22C41C5F60201086840F4003094
:106CD000086016E018980830002105F05DF98DF87D
:106CE00057000EE018982830002105F03DFA8DF885
:106CF000570006E005E004E003E001208DF85700AE
:106D0000FFE79DF8570068B9FFE744F25841C5F620
:106D10000201086820F0E060189AD2F8A820104319
:106D2000086004E09DF857008DF85600FFE7FFE784
:106D30001898C078800700283ED5FFE71898C06CE7
:106D40001090F0B1FFE71098102808D0FFE71098D6
:106D500020280DD0FFE71098302811D012E044F21F
:106D60002C41C5F60201086840F4003008600DE0CF
:106D700018980830022105F00FF98DF8570005E04A
:106D800004E003E001208DF85700FFE79DF857006D
:106D900060B9FFE744F24C41C5F60201086820F0F3
:106DA0003000189AD26C1043086004E09DF8570038
:106DB0008DF85600FFE7FFE718984078C0060028D6
:106DC0004ED5FFE71898C06D0F90A0B1FFE70F9860
:106DD000B0F5805F18D0FFE70F98B0F5005F1BD0CB
:106DE000FFE70F98B0F5405F1ED0FFE70F98B0F5B2
:106DF000804F1AD01AE044F22C41C5F6020108680F
:106E000040F40030086015E018980830002105F0C3
:106E1000C3F88DF857000DE018982830002105F0D0
:106E2000A3F98DF8570005E004E003E001208DF898
:106E30005700FFE79DF8570060B9FFE744F2504163
:106E4000C5F60201086820F4E040189AD26D10439C
:106E5000086004E09DF857008DF85600FFE7FFE753
:106E600018984078800600284CD5FFE71898006EE7
:106E70000E90C8B1FFE70E98B0F5803F15D0FFE740
:106E80000E98B0F5003F18D0FFE70E98B0F5403FE0
:106E90001BD0FFE70E98B0F5802F17D0FFE70E98B4
:106EA000B0F5A02F13D013E016E018980830012198
:106EB00005F072F88DF857000EE01898283001217F
:106EC00005F052F98DF8570006E005E004E003E014
:106ED00001208DF85700FFE79DF8570060B9FFE7E4
:106EE00044F25041C5F60201086820F4E020189AE7
:106EF000126E1043086004E09DF857008DF85600AC
:106F0000FFE7FFE718984078400600284ED5FFE7D6
:106F10001898D0F8AC000D90C8B1FFE70D98B0F10B
:106F2000805F15D0FFE70D98B0F1005F18D0FFE744
:106F30000D98B0F1405F1BD0FFE70D98B0F1804F86
:106F400017D0FFE70D98B0F1A04F13D013E016E073
:106F500018980830012105F01FF88DF857000EE051
:106F600018982830012105F0FFF88DF8570006E049
:106F700005E004E003E001208DF85700FFE79DF8ED
:106F8000570068B9FFE744F25841C5F602010868A6
:106F900020F0E040189AD2F8AC201043086004E0DA
:106FA0009DF857008DF85600FFE7FFE718984078E6
:106FB000000600283BD5FFE71898C06E0C90D8B1AA
:106FC000FFE70C98B0F1805F05D0FFE70C98B0F1B7
:106FD000005F09D011E044F22C41C5F602010868B7
:106FE00040F4003008600CE018980830012104F0EB
:106FF000D3FF8DF8570004E003E001208DF857001F
:10700000FFE79DF8570060B9FFE744F25041C5F62D
:107010000201086820F04050189AD26E10430860B0
:1070200004E09DF857008DF85600FFE7FFE7189839
:10703000C078C007002837D0FFE71898806C0B9005
:10704000032817D80B99DFE801F014020B1344F260
:107050002C41C5F60201086840F4003008600DE0DC
:1070600018980830022104F097FF8DF8570005E0CA
:1070700004E003E001208DF85700FFE79DF857007A
:1070800060B9FFE744F24C41C5F60201086820F000
:107090000300189A926C1043086004E09DF85700B2
:1070A0008DF85600FFE7FFE7189880784006002823
:1070B00040F1B480FFE744F60001C5F6020108681C
:1070C00040F480700860FFF703F91690FFE744F67C
:1070D0000000C5F602000068C00500280CD4FFE7D8
:1070E000FFF7F6F81699401A652804D3FFE7032046
:1070F0008DF8570000E0EAE79DF85700002840F0BF
:107100008780FFE744F27040C5F60200006800F493
:1071100040701899D1F8B01001F44071884213D032
:10712000FFE744F27041C5F60201086820F44070A0
:107130001790086840F480300860086820F48030B8
:10714000086017980860FFE71898D0F8B000B0F50D
:10715000807F1FD1FFE7FFF7BBF81690FFE744F2EF
:107160007040C5F60200006800F002010020B0EB9C
:10717000510F0ED1FFE7FFF7ABF81699401A41F215
:107180008931884204D3FFE703208DF8570000E0DF
:10719000E5E7FFE79DF85700A0BBFFE7FFE718987A
:1071A000D0F8B00000F44070B0F5407F13D1FFE795
:1071B00044F21041C5F60201086820F47C50189A88
:1071C000D2F8B0204FF6F043C0F6FF731A4040EA01
:1071D0001210086008E044F21041C5F60201086888
:1071E00020F47C500860FFE71898D0F8B0206FF3C7
:1071F0001F3244F27041C5F602010868104308606E
:10720000FFE704E09DF857008DF85600FFE704E023
:107210009DF857008DF85600FFE7FFE718980068C3
:10722000C007002800F04C80FFE71898806F0A9094
:1072300028282BD80A99DFE801F0152929292929BE
:10724000292916292929292929291E2929292929CC
:1072500029292629292929292929272929292929A3
:107260002929280016E018980830012104F094FE1E
:107270008DF857000EE018982830012104F074FFB3
:107280008DF8570006E005E004E003E001208DF8EA
:107290005700FFE79DF8570060B9FFE744F25441FB
:1072A000C5F60201086820F03800189A926F104362
:1072B000086004E09DF857008DF85600FFE7FFE7EF
:1072C000189800788007002839D5FFE71898406F94
:1072D0000990052819D80999DFE801F003040C1476
:1072E000151616E018980830012104F055FE8DF8A7
:1072F00057000EE018982830012104F035FF8DF872
:10730000570006E005E004E003E001208DF8570097
:10731000FFE79DF8570060B9FFE744F25441C5F616
:107320000201086820F00700189A526F10430860A5
:1073300004E09DF857008DF85600FFE7FFE7189826
:107340000078400700283BD5FFE71898D0F8900058
:107350000890052819D80899DFE801F003040C14F7
:10736000151616E018980830012104F015FE8DF866
:1073700057000EE018982830012104F0F5FE8DF832
:10738000570006E005E004E003E001208DF8570017
:10739000FFE79DF8570068B9FFE744F25841C5F68A
:1073A0000201086820F00700189AD2F890201043D4
:1073B000086004E09DF857008DF85600FFE7FFE7EE
:1073C00018980078800600284ED5FFE71898D0F866
:1073D0008C000790C8B1FFE70798B0F1805F15D027
:1073E000FFE70798B0F1005F18D0FFE70798B0F10A
:1073F000405F1BD0FFE70798B0F1804F17D0FFE741
:107400000798B0F1A04F13D013E016E01898083099
:10741000002104F0C1FD8DF857000EE018982830C7
:10742000022104F0A1FE8DF8570006E005E004E01B
:1074300003E001208DF85700FFE79DF8570068B979
:10744000FFE744F25441C5F60201086820F0E0402D
:10745000189AD2F88C201043086004E09DF8570079
:107460008DF85600FFE7FFE71898007840060028DF
:107470004ED5FFE71898D0F898000690C8B1FFE7FE
:107480000698B0F5806F15D0FFE70698B0F5006F4D
:1074900018D0FFE70698B0F5406F1BD0FFE70698BD
:1074A000B0F5805F17D0FFE70698B0F5A05F13D066
:1074B00013E016E018980830002104F06DFD8DF8F7
:1074C00057000EE018982830022104F04DFE8DF888
:1074D000570006E005E004E003E001208DF85700C6
:1074E000FFE79DF8570068B9FFE744F25841C5F639
:1074F0000201086820F4E050189AD2F8982010434E
:10750000086004E09DF857008DF85600FFE7FFE79C
:1075100018980078000600284ED5FFE71898D0F894
:107520009C000590C8B1FFE70598B0F5005F15D045
:10753000FFE70598B0F5804F18D0FFE70598B0F544
:10754000C04F1BD0FFE70598B0F5004F17D0FFE7FD
:107550000598B0F5204F13D013E016E018980830C6
:10756000002104F019FD8DF857000EE0189828301E
:10757000022104F0F9FD8DF8570006E005E004E073
:1075800003E001208DF85700FFE79DF8570068B928
:10759000FFE744F25841C5F60201086820F4604054
:1075A000189AD2F89C201043086004E09DF8570018
:1075B0008DF85600FFE7FFE71898007800070028CD
:1075C00020D5FFE71898D0F88000B0F5805F0CD187
:1075D000FFE718982830022104F0C6FD20B1FFE72C
:1075E00001208DF85600FFE7FFE744F25441C5F64D
:1075F0000201086820F44050189AD2F88020104305
:107600000860FFE718980078C006002820D5FFE73B
:107610001898D0F89400B0F5807F0CD1FFE7189847
:107620002830022104F0A0FD20B1FFE701208DF8F1
:107630005600FFE7FFE744F25841C5F6020108682B
:1076400020F44070189AD2F8942010430860FFE7A5
:1076500018988078000700283CD5FFE71898D0F8E4
:10766000A000049050B1FFE70498B0F5803F0DD022
:10767000FFE70498B0F5003F10D010E018980830EC
:10768000002104F089FC8DF857000CE01898283090
:10769000022104F069FD8DF8570004E003E00120A9
:1076A0008DF85700FFE79DF8570068B9FFE744F2EF
:1076B0005841C5F60201086820F44030189AD2F803
:1076C000A0201043086004E09DF857008DF8560094
:1076D000FFE7FFE718988078400700283FD5FFE7CD
:1076E0001898D0F884000390B0F5801F0AD0FFE707
:1076F0000398B0F5001F0ED0FFE70398B0F5401FC8
:1077000011D011E044F22C41C5F60201086840F4A2
:10771000003008600CE018982830012104F024FDA6
:107720008DF8570004E003E001208DF85700FFE7D3
:107730009DF8570068B9FFE744F25441C5F60201CD
:10774000086820F44010189AD2F88420104308608A
:1077500004E09DF857008DF85600FFE7FFE7189802
:107760008078C007A8B3FFE71898006D029028B191
:10777000FFE70298B0F5803F09D010E044F22C41B9
:10778000C5F60201086840F4003008600BE0189864
:107790000830022104F000FC8DF8570003E00120BE
:1077A0008DF85700FFE79DF8570060B9FFE744F2F6
:1077B0004C41C5F60201086820F48030189A126D19
:1077C0001043086004E09DF857008DF85600FFE76D
:1077D000FFE71898C078800600280CD5FFE71898B6
:1077E0002830022104F0C0FC20B1FFE701208DF811
:1077F0005600FFE7FFE718988078800700283AD501
:10780000FFE71898C06F0190D0B1FFE70198B0F57D
:10781000807F0AD0FFE70198B0F5007F0ED0FFE728
:107820000198B0F5407F0AD00BE044F22C41C5F638
:107830000201086840F40030086006E005E004E05A
:1078400003E001208DF85700FFE79DF8570060B96D
:10785000FFE744F25441C5F60201086820F4407085
:10786000189AD26F1043086004E09DF857008DF815
:107870005600FFE7FFE718988078C00600280CD56F
:10788000FFE744F25041C5F60201086820F00040CD
:10789000189A126F10430860FFE7189880788006E6
:1078A00000280CD5FFE744F25041C5F602010868F4
:1078B00020F08070189A926E10430860FFE71898C5
:1078C000C0784006002811D5FFE7FFE744F21041D9
:1078D000C5F60201086820F4004008601898D0F846
:1078E000B420086810430860FFE7FFE71898C078E5
:1078F000000600280CD5FFE744F24C41C5F6020112
:10790000086820F04050189A526D10430860FFE755
:1079100018988078000600280DD5FFE744F25441FE
:10792000C5F60201086820F44000189AD2F88820B1
:1079300010430860FFE718980079C00790B1FFE78F
:1079400018980830002104F027FB8DF857009DF8A7
:10795000570008B9FFE704E09DF857008DF856007E
:10796000FFE7FFE7189800798007002812D5FFE7A6
:1079700018980830012104F00FFB8DF857009DF88E
:10798000570008B9FFE704E09DF857008DF856004E
:10799000FFE7FFE7189800794007002812D5FFE7B6
:1079A00018980830022104F0F7FA8DF857009DF876
:1079B000570008B9FFE704E09DF857008DF856001E
:1079C000FFE7FFE7189800790007002812D5FFE7C6
:1079D00018982830002104F0C7FB8DF857009DF857
:1079E000570008B9FFE704E09DF857008DF85600EE
:1079F000FFE7FFE718980079C006002812D5FFE7D7
:107A000018982830012104F0AFFB8DF857009DF83D
:107A1000570008B9FFE704E09DF857008DF85600BD
:107A2000FFE7FFE7189800798006002812D5FFE7E6
:107A300018982830022104F097FB8DF857009DF824
:107A4000570008B9FFE704E09DF857008DF856008D
:107A5000FFE7FFE79DF8560020B9FFE700208DF80B
:107A6000670003E001208DF86700FFE79DF86700DD
:107A70001AB080BD0000000080B586B0049003916C
:107A8000049820B9FFE701208DF817003CE2039825
:107A900042F20001C5F20021096801F00F0188429D
:107AA00016D9FFE742F20000C5F20020016821F07C
:107AB0000F01039A11430160006800F00F00039961
:107AC000884204D0FFE701208DF817001CE2FFE791
:107AD000049800784007002819D5FFE7049800694A
:107AE00044F21841C5F60201096801F070018842AC
:107AF0000CD9FFE744F21841C5F60201086820F0EE
:107B00007000049A126910430860FFE7FFE70498C9
:107B100000780007002819D5FFE70498406944F26F
:107B20001C41C5F60201096801F0700188420CD9B8
:107B3000FFE744F21C41C5F60201086820F070001E
:107B4000049A526910430860FFE7FFE70498007841
:107B5000C006002819D5FFE70498806944F21C414B
:107B6000C5F60201096801F4E06188420CD9FFE71B
:107B700044F21C41C5F60201086820F4E060049A52
:107B8000926910430860FFE7FFE7049800788006D9
:107B9000002819D5FFE70498C06944F22041C5F6D2
:107BA0000201096801F0700188420CD9FFE744F234
:107BB0002041C5F60201086820F07000049AD269DD
:107BC00010430860FFE7FFE704980078800700286B
:107BD00019D5FFE70498C06844F21841C5F60201C0
:107BE000096801F00F0188420CD9FFE744F21841FF
:107BF000C5F60201086820F00F00049AD26810430D
:107C00000860FFE7FFE704980078C007002800F04D
:107C10008C80FFE744F21841C5F60201086820F4A1
:107C20007060049A926810430860049840680228C3
:107C300011D1FFE744F20040C5F60200006800F4ED
:107C400000310020B0EB514F04D1FFE701208DF847
:107C5000170059E13EE004984068032811D1FFE77E
:107C600044F20040C5F60200006800F000710020F8
:107C7000B0EB516F04D1FFE701208DF8170043E10D
:107C800027E004984068012811D1FFE744F2004042
:107C9000C5F60200006800F480710020B0EB112FDF
:107CA00004D1FFE701208DF817002DE110E044F228
:107CB0000040C5F60200006800F004010020B0EBAF
:107CC000910F04D1FFE701208DF817001CE1FFE7B9
:107CD000FFE7FFE744F21041C5F60201086820F013
:107CE0000700049A526810430860FEF7F1FA019009
:107CF000FFE744F21040C5F60200006800F03800CB
:107D000004994968B0EBC10F0ED0FFE7FEF7E0FA27
:107D10000199401A41F28931884204D3FFE70320D8
:107D20008DF81700F0E0E4E7FFE70498007880079B
:107D3000002819D5FFE70498C06844F21841C5F639
:107D40000201096801F00F0188420CD2FFE744F2FA
:107D50001841C5F60201086820F00F00049AD268A5
:107D600010430860FFE7FFE7039842F20001C5F205
:107D70000021096801F00F01884216D2FFE742F2A4
:107D80000000C5F20020016821F00F01039A1143A1
:107D90000160006800F00F000399884204D0FFE7FB
:107DA00001208DF81700AFE0FFE704980078400746
:107DB000002819D5FFE70498006944F21841C5F678
:107DC0000201096801F0700188420CD2FFE744F219
:107DD0001841C5F60201086820F07000049A126983
:107DE00010430860FFE7FFE70498007800070028C9
:107DF00019D5FFE70498406944F21C41C5F6020119
:107E0000096801F0700188420CD2FFE744F21C417E
:107E1000C5F60201086820F07000049A5269104308
:107E20000860FFE7FFE704980078C006002819D52E
:107E3000FFE70498806944F21C41C5F60201096815
:107E400001F4E06188420CD2FFE744F21C41C5F620
:107E50000201086820F4E060049A92691043086007
:107E6000FFE7FFE7049800788006002819D5FFE7B0
:107E70000498C06944F22041C5F60201096801F086
:107E8000700188420CD2FFE744F22041C5F602019E
:107E9000086820F07000049AD26910430860FFE778
:107EA000FFE700F089F844F21842C5F602021168B3
:107EB000C1F3032343F2B471C0F60101CB5C03F0BC
:107EC0001F03D84000900098126802F00F02895CEE
:107ED00001F01F01C84040F20401C2F200410860F5
:107EE000009840F20001C2F20041086040F2180020
:107EF000C2F200400068FEF743FA8DF80B009DF8CF
:107F00000B008DF81700FFE79DF8170006B080BD45
:107F100080B582B000F050F844F21842C5F6020273
:107F20001168C1F3032343F2B471C0F60101CB5CC5
:107F300003F01F03D84001900198126802F00F026D
:107F4000895C01F01F0120FA01F140F20400C2F245
:107F500000400160019940F20002C2F2004211604B
:107F6000006802B080BD000080B5FFF7D1FF44F289
:107F70001C41C5F602010968C1F3021243F2B47153
:107F8000C0F60101895C01F01F01C84080BD0000FE
:107F900080B5FFF7BDFF44F21C41C5F60201096838
:107FA000C1F3022243F2B471C0F60101895C01F011
:107FB0001F01C84080BD00008AB044F21040C5F6E1
:107FC0000200006800F0380001460191182800F214
:107FD0005F810199DFE811F019005C015C015C012F
:107FE0005C015C015C015C013A005C015C015C01CC
:107FF0005C015C015C015C0140005C015C015C01B6
:108000005C015C015C015C01460044F20040C5F685
:108010000200006800F020010020B0EB511F0ED0DC
:10802000FFE744F20040C5F602000068C0F3C1015A
:1080300049F20000C0F2D030C840029005E049F299
:108040000000C0F2D0300290FFE727E140F60010B8
:10805000C0F23D00029021E143F20060C0F26E10D8
:1080600002901BE144F22840C5F60200016801F0CD
:10807000030108910068C0F30510079044F22C40FA
:10808000C5F60200006800F001000690069844F270
:108090003441C5F60201096889B2C908484300EEB7
:1080A000100AB8EE400A8DED040A0798002800F087
:1080B000EB80FFE70898009048B1FFE7009801289F
:1080C00065D0FFE70098022800F08380A3E044F227
:1080D0000040C5F60200006800F020010020B0EB6F
:1080E000511F31D0FFE744F20040C5F6020000689E
:1080F000C0F3C10149F20000C0F2D030C840059081
:108100009DED050AB8EE400A9DED071AB8EE411A3A
:1081100080EE010A44F23040C5F6020000686FF3B9
:108120005F2001EE100AB8EE411A9DED042A9FED82
:108130005E3A02EE031AB7EE002A31EE021A20EE82
:10814000010A8DED030A21E09DED070AB8EE401A01
:108150009FED570A80EE010A44F23040C5F6020056
:1081600000686FF35F2001EE100AB8EE411A9DED32
:10817000042A9FED4D3A02EE031AB7EE002A31EEC3
:10818000021A20EE010A8DED030AFFE765E09DED7E
:10819000070AB8EE401A9FED450A80EE010A44F244
:1081A0003040C5F6020000686FF35F2001EE100A50
:1081B000B8EE411A9DED042A9FED3B3A02EE031AF8
:1081C000B7EE002A31EE021A20EE010A8DED030A05
:1081D00043E09DED070AB8EE401A9FED320A80EEAB
:1081E000010A44F23040C5F6020000686FF35F20D8
:1081F00001EE100AB8EE411A9DED042A9FED2A3ACD
:1082000002EE031AB7EE002A31EE021A20EE010A3E
:108210008DED030A21E09DED070AB8EE401A9FEDAF
:10822000230A80EE010A44F23040C5F602000068DD
:108230006FF35F2001EE100AB8EE411A9DED042A9B
:108240009FED193A02EE031AB7EE002A31EE021A38
:1082500020EE010A8DED030AFFE744F23040C5F637
:108260000200006881B2012000EB512009909DEDD1
:10827000030A9DED091AB8EE411A80EE010ABCEE20
:10828000C00A8DED020A02E000200290FFE705E03F
:1082900040F60010C0F23D000290FFE702980AB0DD
:1082A000704700BF001BB74B000000390024744A20
:1082B0000024744C0000000080B58CB00A900A982D
:1082C00028B9FFE701208DF82F0000F001BD0A98C2
:1082D0000078C007002800F0B980FFE744F21040A2
:1082E000C5F60200006800F03800069044F228400D
:1082F000C5F6020000680590069810280AD0FFE72E
:10830000069818281CD1FFE7059800F00300022802
:1083100016D1FFE744F20040C5F60200006800F401
:1083200000310020B0EB514F09D0FFE70A984068B8
:1083300028B9FFE701208DF82F0000F0C9BC84E0C8
:10834000FFE70A984068B0F5803F09D1FFE744F2A3
:108350000041C5F60201086840F48030086032E050
:108360000A98406868B9FFE744F20041C5F6020187
:10837000086820F480300860086820F480200860D5
:1083800020E00A984068B0F5A02F0DD1FFE744F235
:108390000041C5F60201086840F4802008600868C2
:1083A00040F4803008600CE044F20041C5F6020160
:1083B000086820F480300860086820F48020086095
:1083C000FFE7FFE7FFE7FFE70A984068F0B1FFE744
:1083D000FDF77EFF0990FFE744F20040C5F602007A
:1083E000006800F400310020B0EB514F0DD1FFE7E1
:1083F000FDF76EFF0999401A652805D3FFE70320B2
:108400008DF82F0000F064BCE6E71DE0FDF760FF8B
:108410000990FFE744F20040C5F60200006800F44E
:1084200000310020B0EB514F0DD0FFE7FDF750FFBA
:108430000999401A652805D3FFE703208DF82F001E
:1084400000F046BCE6E7FFE7FFE7FFE70A980078A1
:108450008007002840F1C580FFE744F21040C5F6D0
:108460000200006800F03800049044F22840C5F68D
:10847000020000680390049850B1FFE704981828A0
:1084800050D1FFE79DF80C00800700284AD1FFE794
:1084900044F20040C5F60200006800F0040100202C
:1084A000B0EB910F09D0FFE70A98C06828B9FFE741
:1084B00001208DF82F0000F00BBC44F20041C5F6FE
:1084C0000201086820F019000A9AD2681043086077
:1084D000FDF7FEFE0990FFE744F20040C5F60200FA
:1084E000006800F004010020B0EB910F0CD1FFE711
:1084F000FDF7EEFE0999401A032804D3FFE7032095
:108500008DF82F00E4E3E7E744F20441C5F60201E9
:10851000086820F0FE400A9A126940EA026008608A
:10852000FFE75DE00A98C068A0B3FFE744F20041AE
:10853000C5F60201086820F019000A9AD2681043B3
:108540000860FDF7C5FE0990FFE744F20040C5F65C
:108550000200006800F004010020B0EB910F0CD184
:10856000FFE7FDF7B5FE0999401A032804D3FFE79A
:1085700003208DF82F00ABE3E7E744F20441C5F692
:108580000201086820F0FE400A9A126940EA02607F
:10859000086024E044F20041C5F60201086820F0BA
:1085A00001000860FDF794FE0990FFE744F20040E7
:1085B000C5F60200006800F004010020B0EB910F46
:1085C0000CD0FFE7FDF784FE0999401A032804D375
:1085D000FFE703208DF82F007AE3E7E7FFE7FFE7E7
:1085E000FFE70A980078C006002840F1A080FFE766
:1085F00044F21040C5F60200006800F03800029016
:1086000044F22840C5F6020000680190029808284C
:108610000AD0FFE7029818282BD1FFE7019800F055
:108620000300012825D1FFE744F20040C5F602000F
:10863000006800F480710020B0EB112F09D0FFE733
:108640000A98C069802804D0FFE701208DF82F0028
:108650003EE3FFE744F20C41C5F60201086820F052
:108660007C500A9A126A40EA02600860FFE7FFE75E
:108670005CE00A98C06998B3FFE744F20041C5F690
:108680000201086840F080000860FDF721FE0990B3
:10869000FFE744F20040C5F60200006800F4807174
:1086A0000020B0EB112F0CD1FFE7FDF711FE099967
:1086B000401A032804D3FFE703208DF82F0007E3B7
:1086C000E7E7FFE744F20C41C5F60201086820F035
:1086D0007C500A9A126A40EA02600860FFE724E0D0
:1086E00044F20041C5F60201086820F080000860ED
:1086F000FDF7EEFD0990FFE744F20040C5F60200E9
:10870000006800F480710020B0EB112F0CD0FFE75F
:10871000FDF7DEFD0999401A032804D3FFE7032083
:108720008DF82F00D4E2E7E7FFE7FFE7FFE70A98BD
:108730000078000700284FD5FFE70A98406928B362
:10874000FFE744F27441C5F60201086840F00100F9
:108750000860FDF7BDFD0990FFE744F27440C5F6DF
:108760000200006800F002010020B0EB510F0CD1B4
:10877000FFE7FDF7ADFD0999401A032804D3FFE791
:1087800003208DF82F00A3E2E7E724E044F27441D0
:10879000C5F60201086820F001000860FDF798FDA9
:1087A0000990FFE744F27440C5F60200006800F04B
:1087B00002010020B0EB510F0CD0FFE7FDF788FD60
:1087C0000999401A032804D3FFE703208DF82F00EE
:1087D0007EE2E7E7FFE7FFE70A98007880060028D7
:1087E0004FD5FFE70A98806928B3FFE744F20041BC
:1087F000C5F60201086840F480500860FDF768FD86
:108800000990FFE744F20040C5F60200006800F45A
:1088100000510020B0EB513F0CD1FFE7FDF758FDB0
:108820000999401A032804D3FFE703208DF82F008D
:108830004EE2E7E724E044F20041C5F60201086891
:1088400020F480500860FDF743FD0990FFE744F2F3
:108850000040C5F60200006800F400510020B0EBB3
:10886000513F0CD0FFE7FDF733FD0999401A03286B
:1088700004D3FFE703208DF82F0029E2E7E7FFE7A5
:10888000FFE70A9800784007002840F1A780FFE73B
:1088900044F60001C5F60201086840F480700860E3
:1088A000FDF716FD0990FFE744F60000C5F602004B
:1088B0000068C00500280CD4FFE7FDF709FD099901
:1088C000401A652804D3FFE703208DF82F00FFE14D
:1088D000EAE7FFE70A988068012809D1FFE744F238
:1088E0007041C5F60201086840F00100086031E0FF
:1088F0000A98806868B9FFE744F27041C5F6020142
:10890000086820F001000860086820F00400086092
:108910001FE00A98806805280DD1FFE744F27041F6
:10892000C5F60201086840F004000860086840F0DD
:10893000010008600CE044F27041C5F602010868CD
:1089400020F001000860086820F004000860FFE7DC
:10895000FFE7FFE7FFE70A988068F8B1FFE7FDF758
:10896000B7FC0990FFE744F27040C5F602000068CA
:1089700000F002010020B0EB510F0ED1FFE7FDF730
:10898000A7FC0999401A41F28931884204D3FFE7D4
:1089900003208DF82F009BE1E5E71EE0FDF798FC32
:1089A0000990FFE744F27040C5F60200006800F04D
:1089B00002010020B0EB510F0ED0FFE7FDF788FC5D
:1089C0000999401A41F28931884204D3FFE7032014
:1089D0008DF82F007CE1E5E7FFE7FFE70A98406AA2
:1089E000002800F07181FFE744F21040C5F6020054
:1089F000006800F03800182800F0E080FFE70A98CF
:108A0000406A022840F0B480FFE744F20041C5F616
:108A10000201086820F080700860FDF759FC099099
:108A2000FFE744F20040C5F60200006800F0007164
:108A30000020B0EB516F0CD0FFE7FDF749FC09991E
:108A4000401A032804D3FFE703208DF82F003FE1ED
:108A5000E7E7FFE744F22841C5F60201086840F263
:108A6000F33290430A9B9A6ADB6A42EA031210438C
:108A700008600A99086BD1F834C08B6BCA6B013857
:108A80006FF35F204FF60061CFF6FF7101EB4C21D1
:108A900089B208440021CFF6FF7101EB034101F4D4
:108AA000FE0108444FF07F4101EB026101F0FE41FD
:108AB000084444F23041C5F602010860FFE744F281
:108AC0002C41C5F602010091086820F00100086001
:108AD00044F23442C5F6020210684FF6F873984328
:108AE0000A9B9B6C40EAC3001060086820F00C00F1
:108AF0000A9A126C10430860086820F002000A9A73
:108B0000526C10430860086840F4803008600868C0
:108B100040F400300860086840F48020086008686D
:108B200040F00100086044F20041C5F60201086807
:108B300040F080700860FDF7CBFB0990FFE744F23E
:108B40000040C5F60200006800F000710020B0EBA4
:108B5000516F0CD1FFE7FDF7BBFB0999401A0328C1
:108B600004D3FFE703208DF82F00B1E0E7E724E00E
:108B700044F20041C5F60201086820F080700860E8
:108B8000FDF7A6FB0990FFE744F20040C5F602009E
:108B9000006800F000710020B0EB516F0CD0FFE7CF
:108BA000FDF796FB0999401A032804D3FFE7032039
:108BB0008DF82F008CE0E7E7FFE784E044F22840DF
:108BC000C5F602000068089044F23040C5F6020085
:108BD000006807900A98406A012837D0FFE7089894
:108BE00000F003000A99896A88422FD1FFE70898AC
:108BF00000F47C710A98C06AB0EB111F26D1FFE720
:108C000007986FF35F200A99096B013988421DD1DB
:108C1000FFE7BDF81C100A98406B0138B0EB512FEC
:108C200014D1FFE7079800F4FE010A98806B013821
:108C3000B0EB114F0AD1FFE7079800F0FE410A9808
:108C4000C06B0138B0EB116F04D0FFE701208DF845
:108C50002F003DE044F23440C5F60200006880B2C7
:108C6000C00808900A98806C0899884229D0FFE7CC
:108C700044F22C41C5F60201086820F001000860AA
:108C8000FDF726FB0990FFE7FDF722FB0999401A43
:108C900008B9FFE7F8E744F23441C5F60201086875
:108CA0004FF6F87290430A9A926C40EAC20008604C
:108CB00044F22C41C5F60201086840F0010008604A
:108CC000FFE7FFE7FFE7FFE700208DF82F00FFE752
:108CD0009DF82F000CB080BD80B586B00490039144
:108CE00002920193049820B9FFE701208DF8170044
:108CF00056E00498D0F8880040B9FFE704990020B6
:108D000081F88400049802F07BF8FFE7049924209E
:108D1000C1F8880004980168086820F00100086024
:108D20000498806A20B1FFE7049803F0CDFFFFE7C5
:108D3000049805F0C5F8012804D1FFE701208DF85B
:108D400017002DE004980168886840F4804088602E
:108D500004980068806820F400400399084304994F
:108D6000096888600298400500900199009840EADF
:108D7000014000900498006800686FF31940009962
:108D8000084304990968086004980168086840F07D
:108D900001000860049804F03BF88DF81700FFE725
:108DA0009DF8170006B080BD80B586B00490049889
:108DB00020B9FFE701208DF817003AE10498406AD6
:108DC00008B9FFE7FFE7049900208862049800686B
:108DD00043F20001C4F2010188421BD0FFE704986E
:108DE000006843F60001C4F20001884212D0FFE798
:108DF0000498006843F60041C4F20001884209D09B
:108E0000FFE70498C068102804D3FFE701208DF81D
:108E100017000EE1049803F01BFB02900498006811
:108E200043F20001C4F20101884216D0FFE7049822
:108E3000006843F60001C4F2000188420DD0FFE74C
:108E40000498006843F60041C4F20001884204D04F
:108E5000FFE7029808281FD8FFE70498006843F24C
:108E60000001C4F20101884212D0FFE704980068B3
:108E700043F60001C4F20001884209D0FFE70498DC
:108E8000006843F60041C4F20001884208D1FFE7C0
:108E90000298112804D3FFE701208DF81700C8E0DD
:108EA000049890F8810040B9FFE70499002081F808
:108EB0008000049800F0C4F8FFE70499022081F8CC
:108EC000810004980168086820F001000860049897
:108ED0000068806800F4F810039004988069B0F18D
:108EE000806F1BD1FFE704984068B0F5800F04D174
:108EF000FFE70498806B50B1FFE70498406868B9B9
:108F0000FFE70498806BB0F1805F07D1FFE704981A
:108F10000168086840F480500860FFE70498807991
:108F20004006002810D5FFE70498C06807280BD337
:108F3000FFE704980068006820F48070049A1168C4
:108F4000126D1043086006E004980168086820F478
:108F500080700860FFE7049B1968DA68D869D3F865
:108F600028C040EA0C00DDF80CC040EA0C00DB6BC6
:108F7000184310438860049A0192506B516A084369
:108F8000916B0843916908431168D2F804C0936853
:108F9000D2F810E040EA0E00D2F814E040EA0E00E9
:108FA000D2F820E040EA0E0040EA0C00D2F84CC0B3
:108FB00040EA0C001843936C1843926D1043C8604C
:108FC0000498406898B9FFE7049800688068012118
:108FD00061F3CC200499096888600498006880686F
:108FE000022161F34A20049909688860FFE7049828
:108FF0000168086D20F0010008650498807940063A
:1090000000280BD5FFE704980068C06820F00040F6
:10901000049A1168526D1043C860FFE7049900205C
:10902000C1F88400049A012182F881108DF817009C
:10903000FFE79DF8170006B080BD000000000000AB
:1090400080B5B6B035900020349033903290319096
:10905000309002A8B821F7F7AEFA3598006841F2CF
:109060000041C5F6000188423FD1FFE70020039090
:109070004FF4804002904FF0A0402D9002A8FDF7E1
:1090800003FD18B1FFE7F8F7BFF9FFE7FFE744F288
:10909000F440C5F60200016841F02001016000685B
:1090A00000F0200001900198FFE7FFE744F2E04064
:1090B000C5F60200016841F001010160006800F09E
:1090C000010000900098FFE7A0203090022031902E
:1090D0000020329003203390082034900020C5F601
:1090E000020030A9FCF7E8FEFFE736B080BD0000C3
:1090F00080B588B006900591ADF8122003930698CC
:10910000006820300290FDF7E3F80190069890F88F
:109110008100012804D0FFE702208DF81F00D5E16F
:10912000059820B1FFE7BDF8120020B9FFE7012044
:109130008DF81F00CAE1FFE7069890F8800001282B
:1091400004D1FFE702208DF81F00BFE1069901203E
:1091500081F88000FFE7FFE70699032081F881008E
:1091600006990020C1F884000599069AD165BDF8DA
:109170001210069AA2F86010BDF81210069AA2F812
:109180006210069948660699A1F868000699A1F848
:109190006A00069948670699086706988068B0F5DE
:1091A000C02F07D1FFE706980168086840F4006007
:1091B000086009E006980068C068012161F3524028
:1091C00006990968C860FFE70698006840684FF68E
:1091D000FF718843BDF81210084406990968486079
:1091E00006980168086840F0010008600698406829
:1091F000B0F5800F07D1FFE706980168086840F4D2
:1092000000700860FFE70698C068102848D3FFE7A1
:10921000FFE70698B0F86200002840D0FFE7069804
:10922000006840698007002810D5FFE706980168AC
:10923000C06D006808620699C86D0430C86506995B
:10924000B1F862000138A1F8620027E0FDF740F8AC
:109250000199401A0399884204D3FFE7039801302B
:1092600018B9FFE70398C0B9FFE7069803F064F860
:109270000699D1F8840040F48070C1F88400069902
:10928000012081F88100FFE70699002081F8800025
:10929000FFE703208DF81F0018E1FFE7B9E7E8E0DA
:1092A0000698C068082863D3FFE7FFE70698B0F880
:1092B000620000285BD0FFE70698006840698007DD
:1092C00000282BD5FFE70698B0F86200022814D3D7
:1092D000FFE70698C06B80B1FFE706980168C06D94
:1092E000006808620699C86D0430C8650699B1F82F
:1092F00062000238A1F862000FE00698C06D008895
:10930000029908800699C86D0230C8650699B1F8BF
:1093100062000138A1F86200FFE727E0FCF7D8FF00
:109320000199401A0399884204D3FFE7039801305A
:1093300018B9FFE70398C0B9FFE7069802F0FCFFF1
:109340000699D1F8840040F48070C1F88400069931
:10935000012081F88100FFE70699002081F8800054
:10936000FFE703208DF81F00B0E0FFE79EE77FE0F6
:10937000FFE70698B0F86200002878D0FFE706986B
:10938000006840698007002848D5FFE70698B0F8D4
:109390006200042815D3FFE70698C06B412810D35C
:1093A000FFE706980168C06D006808620699C86DFD
:1093B0000430C8650699B1F862000438A1F862006B
:1093C0002BE00698B0F86200022814D3FFE7069855
:1093D000C06B80B1FFE70698C06D008802990880D5
:1093E0000699C86D0230C8650699B1F86200023866
:1093F000A1F8620010E006980168C06D007881F85D
:1094000020000699C86D0130C8650699B1F8620060
:109410000138A1F86200FFE7FFE727E0FCF758FFFB
:109420000199401A0399884204D3FFE70398013059
:1094300018B9FFE70398C0B9FFE7069802F07CFF70
:109440000699D1F8840040F48070C1F88400069930
:10945000012081F88100FFE70699002081F8800053
:10946000FFE703208DF81F0030E0FFE781E7FFE70B
:10947000FFE70698039B01996A46116008210022C4
:1094800002F0FEFF40B1FFE70699D1F8840040F0FA
:109490002000C1F88400FFE7069802F04DFF06990E
:1094A000012081F88100FFE70699002081F8800003
:1094B000FFE70698D0F8840020B1FFE701208DF87F
:1094C0001F0003E000208DF81F00FFE79DF81F003C
:1094D00008B080BD0000000082B00190009140F211
:1094E0000441C5F600010868019A9043009A1043B0
:1094F000086002B07047000080B582B0019001980A
:1095000002F0F6FF02B080BD81B0009001B070475C
:1095100081B0009001B0704781B0009001B07047F9
:1095200085B003900291FFE7039890F83C00012872
:1095300004D1FFE702208DF81300ABE0039901206E
:1095400081F83C00FFE7FFE70399022081F83D0026
:109550000398006840680190039800688068009054
:10956000039800680021C4F20101884209D0FFE796
:109570000398006840F20041C4F2010188420AD118
:10958000FFE7019820F4700001900298416801986B
:1095900008430190FFE7019820F0700001900298C5
:1095A000016801980843019001980399096848608F
:1095B000039800680021C4F2010188424ED0FFE701
:1095C00003980068B0F1804F48D0FFE70398006827
:1095D00040F20041C4F2000188423FD0FFE7039807
:1095E000006840F60001C4F20001884236D0FFE76F
:1095F0000398006840F60041C4F2000188422DD073
:10960000FFE70398006840F20041C4F2010188427C
:1096100024D0FFE70398006841F60001C4F200017E
:1096200088421BD0FFE70398006844F20001C4F2AF
:109630000101884212D0FFE7039800684EF2000152
:10964000C4F20001884209D0FFE7039800684EF297
:109650000041C4F2000188420ED1FFE7009820F0DB
:10966000800000900298816800980843009000985C
:10967000039909688860FFE70399012081F83D009C
:10968000FFE70399002081F83C00FFE700208DF8F8
:109690001300FFE79DF8130005B0704700000000BD
:1096A00080B582B00090009820B9FFE701208DF8C6
:1096B000070045E0009890F83D0040B9FFE70099A9
:1096C000002081F83C00009800F03EF8FFE7009988
:1096D000022081F83D00009951F8040B03F0BCF919
:1096E0000099012081F84800FFE70099012081F8E6
:1096F0003E00009981F83F00009981F840000099F0
:1097000081F84100009981F84200009981F84300F6
:10971000FFE7FFE70099012081F84400009981F8F4
:109720004500009981F84600009981F84700FFE75D
:109730000099012081F83D0000208DF80700FFE727
:109740009DF8070002B080BD80B584B003900398F7
:10975000006841F20001C4F20001884219D1FFE71C
:10976000FFE744F2E840C5F60200016841F010014D
:109770000160006800F0100002900298FFE73620B8
:10978000019003210022FCF75FFE0198FCF750FED8
:10979000FFE704B080BD000083B00190019890F80D
:1097A0003D00012804D0FFE701208DF80B0083E085
:1097B0000199022081F83D0001980168C86840F0D5
:1097C0000100C860019800680021C4F201018842CC
:1097D0004ED0FFE701980068B0F1804F48D0FFE716
:1097E0000198006840F20041C4F2000188423FD075
:1097F000FFE70198006840F60001C4F200018842CA
:1098000036D0FFE70198006840F60041C4F200013D
:1098100088422DD0FFE70198006840F20041C4F271
:109820000101884224D0FFE70198006841F6000159
:10983000C4F2000188421BD0FFE70198006844F29F
:109840000001C4F20101884212D0FFE701980068CC
:109850004EF20001C4F20001884209D0FFE70198EE
:1098600000684EF20041C4F20001884219D1FFE7BE
:109870000198006880680721C0F20101084000904B
:10988000009806280CD0FFE70098B0F5803F07D07D
:10989000FFE701980168086840F001000860FFE7F1
:1098A00006E001980168086840F001000860FFE7E1
:1098B00000208DF80B00FFE79DF80B0003B0704708
:1098C00081B0009001B0704780B584B003900398D8
:1098D0000068C068029003980068006901909DF8D4
:1098E00004008007002824D5FFE79DF808008007C2
:1098F00000281DD5FFE7039801686FF0020008619A
:10990000039901200877039800688069800720B1D7
:10991000FFE70398FFF7D4FF06E0039800F0FCF898
:10992000039800F0FDF8FFE7039900200877FFE7B0
:10993000FFE79DF804004007002825D5FFE79DF8C4
:109940000800400700281ED5FFE7039801686FF064
:109950000400086103990220087703980068806971
:1099600010F4407F04D0FFE70398FFF7A9FF06E05B
:10997000039800F0D1F8039800F0D2F8FFE70399BC
:1099800000200877FFE7FFE79DF8040000070028A4
:1099900024D5FFE79DF80800000700281DD5FFE744
:1099A000039801686FF008000861039904200877A4
:1099B00003980068C069800720B1FFE70398FFF7AC
:1099C0007FFF06E0039800F0A7F8039800F0A8F8DE
:1099D000FFE7039900200877FFE7FFE79DF8040001
:1099E000C006002825D5FFE79DF80800C00600281E
:1099F0001ED5FFE7039801686FF010000861039916
:109A00000820087703980068C06910F4407F04D0EC
:109A1000FFE70398FFF754FF06E0039800F07CF897
:109A2000039800F07DF8FFE7039900200877FFE72F
:109A3000FFE79DF80400C00778B1FFE79DF8080034
:109A4000C00748B1FFE7039801686FF001000861A3
:109A5000039800F069F8FFE7FFE7019800F0800045
:109A6000802806D0FFE79DF805008006002810D565
:109A7000FFE79DF808000006002809D5FFE70398D6
:109A800001686FF4025008610398FFF741FDFFE79A
:109A9000FFE79DF80500C00780B1FFE79DF80800CB
:109AA0000006002809D5FFE7039801686FF480706D
:109AB00008610398FFF728FDFFE7FFE79DF8040022
:109AC0004006002810D5FFE79DF808004006002852
:109AD00009D5FFE7039801686FF04000086103981B
:109AE00000F04AF8FFE7FFE79DF804008006002831
:109AF00010D5FFE79DF808008006002809D5FFE78C
:109B0000039801686FF0200008610398FFF704FDD7
:109B1000FFE7FFE704B080BD81B0009001B070475F
:109B200081B0009001B0704781B00090009800684B
:109B300041F20001C4F20001884219D1FFE740F66A
:109B40003850C2F2004001680131016000681428F9
:109B50000DD3FFE740F63851C2F200410020086003
:109B600040F63C51C2F2004101200870FFE7FFE7D8
:109B700001B070470000000081B0009001B0704754
:109B800083B00190FFE7019890F88400012804D188
:109B9000FFE702208DF80B002CE00199012081F8ED
:109BA0008400FFE7FFE701992420C1F888000198AD
:109BB00000680068009001980168086820F00100C2
:109BC0000860009820F0005000900199002048663D
:109BD000009801990968086001992020C1F888005F
:109BE000FFE70199002081F88400FFE700208DF84D
:109BF0000B00FFE79DF80B0003B07047000000006A
:109C000080B586B004900391ADF80A200498D0F88E
:109C10008C00202844D1FFE7039820B1FFE7BDF86E
:109C20000A0020B9FFE701208DF817003CE00499F5
:109C30000120C86604990020086704980399BDF8BC
:109C40000A2004F065FE8DF809009DF8090010BB9C
:109C5000FFE70498C06E012818D1FFE70498016857
:109C600010200862FFE7FFE70498006850E8000F43
:109C700040F010000190FFE701990498026842E863
:109C800000100028F0D1FFE7FFE703E001208DF886
:109C90000900FFE7FFE79DF809008DF8170003E0D2
:109CA00002208DF81700FFE79DF8170006B080BD71
:109CB00080B586B004900391ADF80A2000208DF89D
:109CC00009000498D0F88C0020283DD1FFE70398C4
:109CD00020B1FFE7BDF80A0020B9FFE701208DF8A9
:109CE000170035E004990120C86604990020086730
:109CF00004980399BDF80A2004F0A2FE0498C06EEF
:109D0000012818D1FFE70498016810200862FFE7D6
:109D1000FFE70498006850E8000F40F01000019041
:109D2000FFE701990498026842E800100028F0D18A
:109D3000FFE7FFE703E001208DF80900FFE79DF84A
:109D400009008DF8170003E002208DF81700FFE7E7
:109D50009DF8170006B080BD80B584B00390ADF8C3
:109D60000A10039840F68401C2F20041884240F094
:109D70001181FFE7BDF80A1040F67F50C2F20040A3
:109D8000009007F091FE40F68400C2F2004001907E
:109D900000F0EEF900990198036810221A62036836
:109DA00008221A624FF48072FFF72AFF0198D0F858
:109DB000800000681021C4F20201884200F0D180C6
:109DC000FFE740F68400C2F20040D0F8800000684F
:109DD0002821C4F20201884200F0C380FFE740F668
:109DE0008400C2F20040D0F8800000684021C4F234
:109DF0000201884200F0B580FFE740F68400C2F21D
:109E00000040D0F8800000685821C4F20201884266
:109E100000F0A780FFE740F68400C2F20040D0F8CF
:109E2000800000687021C4F20201884200F099802D
:109E3000FFE740F68400C2F20040D0F880000068DE
:109E40008821C4F20201884200F08B80FFE740F6CF
:109E50008400C2F20040D0F880000068A021C4F263
:109E6000020188427DD0FFE740F68400C2F2004044
:109E7000D0F880000068B821C4F20201884270D096
:109E8000FFE740F68400C2F20040D0F8800000688E
:109E900040F21041C4F20201884262D0FFE740F66E
:109EA0008400C2F20040D0F88000006840F22841EF
:109EB000C4F20201884254D0FFE740F68400C2F2A7
:109EC0000040D0F88000006840F24041C4F2020136
:109ED000884246D0FFE740F68400C2F20040D0F846
:109EE0008000006840F25841C4F20201884238D034
:109EF000FFE740F68400C2F20040D0F8800000681E
:109F000040F27041C4F2020188422AD0FFE740F6D5
:109F10008400C2F20040D0F88000006840F288411E
:109F2000C4F2020188421CD0FFE740F68400C2F26E
:109F30000040D0F88000006840F2A041C4F2020165
:109F400088420ED0FFE740F68400C2F20040D0F80D
:109F50008000006840F2B841C4F2020188420CD18E
:109F6000FFE740F68400C2F20040D0F880000168AC
:109F7000086820F0080008600BE040F68400C2F298
:109F80000040D0F880000168086820F004000860F4
:109F9000FFE74CE0039840F23461C2F2004188428E
:109FA00012D1FFE740F23460C2F200400268102193
:109FB000116202680821116240F67F61C2F200411D
:109FC0008022FFF775FE31E0039840F25C71C2F227
:109FD0000041884209D1FFE7BDF80A1040F2C020D5
:109FE000C2F2004007F0A0FA1FE0039840F2C861F7
:109FF000C2F20041884209D1FFE7BDF80A1040F2E1
:10A00000EC20C2F2004007F08FFA0DE0039840F216
:10A01000F071C2F20041884205D1FFE7BDF80A00A5
:10A0200006F04EFFFFE7FFE7FFE7FFE7FFE704B0BB
:10A0300080BD00000000000081B0009001B07047BA
:10A0400080B584B002900191FFE7029890F88400F7
:10A05000012804D1FFE702208DF80F0032E00299B9
:10A06000012081F88400FFE7FFE702992420C1F86E
:10A0700088000298006800680090029801680868EB
:10A0800020F00100086002980068806820F060609D
:10A0900001990843029909688860029802F0D0FD8E
:10A0A000009802990968086002992020C1F8880088
:10A0B000FFE70299002081F88400FFE700208DF877
:10A0C0000F00FFE79DF80F0004B080BD0000000006
:10A0D00080B584B002900191FFE7029890F8840067
:10A0E000012804D1FFE702208DF80F0032E0029929
:10A0F000012081F88400FFE7FFE702992420C1F8DE
:10A10000880002980068006800900298016808685A
:10A1100020F00100086002980068806820F060402C
:10A1200001990843029909688860029802F088FD45
:10A13000009802990968086002992020C1F88800F7
:10A14000FFE70299002081F88400FFE700208DF8E6
:10A150000F00FFE79DF80F0004B080BD0000000075
:10A1600081B0009001B0704781B0009001B070479D
:10A1700080B586B00490FFE7FFE70498006850E8D8
:10A18000000F20F490700390FFE703990498026891
:10A1900042E800100028F0D1FFE7FFE7FFE7FFE704
:10A1A0000498006850E8020F4FF6FE71CEF6FF717A
:10A1B00008400290FFE702990498026842E8021002
:10A1C0000028EDD1FFE7FFE70498C06E012814D105
:10A1D000FFE7FFE7FFE70498006850E8000F20F072
:10A1E00010000190FFE701990498026842E800100E
:10A1F0000028F0D1FFE7FFE7FFE7049800688068D8
:10A200004006002837D5FFE7FFE7FFE7049800681E
:10A2100050E8020F20F040000090FFE700990498FA
:10A22000026842E802100028F0D1FFE7FFE7049837
:10A23000D0F88000F0B1FFE70498D0F8801000203B
:10A2400008650498D0F88000F7F7AAFA88B1FFE70C
:10A250000498D0F88000F8F7B7FA202808D1FFE773
:10A2600004991020C1F8900003208DF8170016E023
:10A27000FFE7FFE7FFE7049801680F2008620498F2
:10A280000168886940F00800886104992020C1F8BD
:10A290008C0004990020C8668DF81700FFE79DF830
:10A2A000170006B080BD000080B586B00490FFE7BF
:10A2B000FFE70498006850E8000F20F0C00003900A
:10A2C000FFE703990498026842E800100028F0D1E3
:10A2D000FFE7FFE7FFE7FFE70498006850E8020F99
:10A2E00020F400000290FFE702990498026842E817
:10A2F00002100028F0D1FFE7FFE7049800688068AB
:10A300000006002833D5FFE7FFE7FFE70498006861
:10A3100050E8020F20F080000190FFE701990498B7
:10A32000026842E802100028F0D1FFE7FFE7049836
:10A33000C06FD8B1FFE70498C16F0020086504988A
:10A34000C06FF7F72DFA80B1FFE70498C06FF8F7F8
:10A350003BFA202808D1FFE704991020C1F89000AB
:10A3600003208DF8170017E0FFE7FFE7FFE70498E9
:10A37000406EB0F1005F07D1FFE70498016888697B
:10A3800040F010008861FFE704992020C1F88800A0
:10A3900000208DF81700FFE79DF8170006B080BD7C
:10A3A00080B584B00390039840F68401C2F2004166
:10A3B000884240F00B81FFE740F68400C2F2004083
:10A3C0000290FFF7D5FE0298026810211162026820
:10A3D0000821116240F67F51C2F200414FF48072B1
:10A3E000FFF70EFC0298D0F8800000681021C4F23C
:10A3F0000201884200F0D180FFE740F68400C2F2FB
:10A400000040D0F8800000682821C4F20201884290
:10A4100000F0C380FFE740F68400C2F20040D0F8AD
:10A42000800000684021C4F20201884200F0B5803B
:10A43000FFE740F68400C2F20040D0F880000068D8
:10A440005821C4F20201884200F0A780FFE740F6DD
:10A450008400C2F20040D0F8800000687021C4F28D
:10A460000201884200F09980FFE740F68400C2F2C2
:10A470000040D0F8800000688821C4F202018842C0
:10A4800000F08B80FFE740F68400C2F20040D0F875
:10A4900080000068A021C4F2020188427DD0FFE75D
:10A4A00040F68400C2F20040D0F880000068B82175
:10A4B000C4F20201884270D0FFE740F68400C2F285
:10A4C0000040D0F88000006840F21041C4F2020160
:10A4D000884262D0FFE740F68400C2F20040D0F824
:10A4E0008000006840F22841C4F20201884254D042
:10A4F000FFE740F68400C2F20040D0F88000006818
:10A5000040F24041C4F20201884246D0FFE740F6E3
:10A510008400C2F20040D0F88000006840F2584148
:10A52000C4F20201884238D0FFE740F68400C2F24C
:10A530000040D0F88000006840F27041C4F202018F
:10A5400088422AD0FFE740F68400C2F20040D0F8EB
:10A550008000006840F28841C4F2020188421CD0A9
:10A56000FFE740F68400C2F20040D0F880000068A7
:10A5700040F2A041C4F2020188420ED0FFE740F64B
:10A580008400C2F20040D0F88000006840F2B84178
:10A59000C4F2020188420CD1FFE740F68400C2F207
:10A5A0000040D0F880000168086820F008000860CA
:10A5B0000BE040F68400C2F20040D0F88000016851
:10A5C000086820F004000860FFE73EE0039840F2CE
:10A5D0003461C2F20041884216D1FFE740F2346094
:10A5E000C2F200400190FFF7C3FD019802681021FC
:10A5F000116202680821116240F67F61C2F20041D7
:10A600008022FFF755FB1FE0039840F25C71C2F215
:10A610000041884207D1FFE740F2C020C2F200406B
:10A6200006F092FE0FE0039840F2C861C2F20041CA
:10A63000884207D1FFE740F2EC20C2F2004006F06A
:10A6400083FEFFE7FFE7FFE7FFE704B080BD000000
:10A6500080B592B0119011980068C069109011985F
:10A66000006800680F901198006880680E9010983C
:10A6700040F60F0108400D900D98E0B9FFE79DF8F6
:10A6800040008006002815D5FFE79DF83C008006B5
:10A69000002806D4FFE79DF83B00C006002809D536
:10A6A000FFE71198406F20B1FFE71198416F88478D
:10A6B000FFE74AE3FFE70D98002800F00C81FFE771
:10A6C0000E980121C1F20001084209D1FFE70F985D
:10A6D00040F22011C0F20041084200F0FC80FFE788
:10A6E0009DF84000C00788B1FFE79DF83D00C00716
:10A6F00060B1FFE711980168012008621199D1F853
:10A70000900040F00100C1F89000FFE79DF8400084
:10A710008007002811D5FFE79DF83800C00760B119
:10A72000FFE711980168022008621199D1F89000A2
:10A7300040F00400C1F89000FFE79DF8400040079A
:10A74000002811D5FFE79DF83800C00760B1FFE78A
:10A7500011980168042008621199D1F8900040F026
:10A760000200C1F89000FFE79DF8400000070028B4
:10A7700019D5FFE79DF83C008006002807D4FFE7C5
:10A780000E980121C1F2000108420CD0FFE7119898
:10A790000168082008621199D1F8900040F0080083
:10A7A000C1F89000FFE79DF841000007002813D58D
:10A7B000FFE79DF83F00400700280DD5FFE71198FF
:10A7C00001684FF4006008621199D1F8900040F0E0
:10A7D0002000C1F89000FFE71198D0F89000002801
:10A7E00078D0FFE79DF840008006002815D5FFE7E8
:10A7F0009DF83C008006002806D4FFE79DF83B004A
:10A80000C006002809D5FFE71198406F20B1FFE787
:10A810001198416F8847FFE7FFE71198D0F8900043
:10A820000C9011980068806800F04000402806D025
:10A83000FFE79DF8300010F0280F42D0FFE7119895
:10A8400002F00EFE1198006880684006002833D59B
:10A85000FFE7FFE7FFE71198006850E8020F20F0DC
:10A8600040000B90FFE70B991198026842E8021034
:10A870000028F0D1FFE7FFE71198D0F88000B0B1D1
:10A88000FFE71198D0F880104CF65970C0F6000020
:10A8900008651198D0F88000F7F73EFC30B1FFE76B
:10A8A0001198D0F88000016D8847FFE703E0119808
:10A8B000FFF776FDFFE703E01198FFF771FDFFE773
:10A8C00007E01198FFF76CFD11990020C1F8900086
:10A8D000FFE7FFE739E21198C06E012840F0D6810A
:10A8E000FFE79DF84000C006002840F1CF81FFE758
:10A8F0009DF83C00C006002840F1C881FFE7119890
:10A9000001681020086211980068806840060028DD
:10A9100040F15A81FFE71198D0F8800000681021BB
:10A92000C4F20201884200F0A280FFE71198D0F83B
:10A93000800000682821C4F20201884200F097805C
:10A94000FFE71198D0F8800000684021C4F20201AE
:10A95000884200F08C80FFE71198D0F880000068F2
:10A960005821C4F20201884200F08180FFE711986B
:10A97000D0F8800000687021C4F20201884276D0CD
:10A98000FFE71198D0F8800000688821C4F2020126
:10A9900088426CD0FFE71198D0F880000068A021B1
:10A9A000C4F20201884262D0FFE71198D0F880001B
:10A9B0000068B821C4F20201884258D0FFE711981C
:10A9C000D0F88000006840F21041C4F202018842D1
:10A9D0004DD0FFE71198D0F88000006840F2284180
:10A9E000C4F20201884242D0FFE71198D0F88000FB
:10A9F000006840F24041C4F20201884237D0FFE7CC
:10AA00001198D0F88000006840F25841C4F2020169
:10AA100088422CD0FFE71198D0F88000006840F2FF
:10AA20007041C4F20201884221D0FFE71198D0F8AA
:10AA30008000006840F28841C4F20201884216D0CA
:10AA4000FFE71198D0F88000006840F2A041C4F2FE
:10AA5000020188420BD0FFE71198D0F8800000680F
:10AA600040F2B841C4F20201884207D1FFE71198D1
:10AA7000D0F8800000684068019006E01198D0F896
:10AA80008000006840680190FFE70198ADF82A0057
:10AA9000BDF82A0000287BD0FFE7BDF82A001199F5
:10AAA000B1F85C10884273DAFFE7BDF82A0011990B
:10AAB000A1F85E001198D0F88000C069B0F5807FE1
:10AAC00059D0FFE7FFE7FFE71198006850E8000F53
:10AAD00020F480700990FFE709991198026842E814
:10AAE00000100028F0D1FFE7FFE7FFE7FFE711982C
:10AAF000006850E8020F20F001000890FFE7089975
:10AB00001198026842E802100028F0D1FFE7FFE741
:10AB1000FFE7FFE71198006850E8020F20F04000BF
:10AB20000790FFE707991198026842E80210002891
:10AB3000F0D1FFE7FFE711992020C1F88C001199AF
:10AB40000020C866FFE7FFE71198006850E8000F93
:10AB500020F010000690FFE706991198026842E87D
:10AB600000100028F0D1FFE7FFE71198D0F880002F
:10AB7000F6F716FEFFE71199022008671198B0F862
:10AB80005C10B0F85E20891A89B2FFF7E5F81AE088
:10AB9000BDF82A001199B1F85C10884212D1FFE784
:10ABA0001198D0F88000C069B0F5807F09D1FFE727
:10ABB0001199022008671198B0F85C10FFF7CCF8E3
:10ABC000FFE7FFE7FFE7C0E01199B1F85C00B1F8DB
:10ABD0005E10401AADF816001198B0F85E0000281B
:10ABE00053D0FFE7BDF8160000284ED0FFE7FFE77F
:10ABF000FFE71198006850E8000F20F4907004906F
:10AC0000FFE704991198026842E800100028F0D18B
:10AC1000FFE7FFE7FFE7FFE71198006850E8020F42
:10AC20004FF6FE71CEF6FF7108400390FFE70399DF
:10AC30001198026842E802100028EDD1FFE7FFE713
:10AC400011992020C1F88C0011990020C866119933
:10AC50004867FFE7FFE71198006850E8000F20F011
:10AC600010000290FFE702991198026842E8001074
:10AC70000028F0D1FFE7FFE711990220086711983B
:10AC8000BDF81610FFF768F8FFE75EE09DF8420098
:10AC9000C00600280FD5FFE79DF83A0040060028BF
:10ACA00009D5FFE7119801684FF4801008621198E8
:10ACB000FFF75AFA49E09DF840000006002815D534
:10ACC000FFE79DF83C000006002806D4FFE79DF84A
:10ACD0003A000006002809D5FFE71198806F20B1DF
:10ACE000FFE71198816F8847FFE72EE09DF840004D
:10ACF000400600280AD5FFE79DF83C0040060028E2
:10AD000004D5FFE7119802F0FBFB1EE09DF842001E
:10AD1000000600280AD5FFE79DF83F0040060028FE
:10AD200004D5FFE71198FFF71BFA0EE09DF84300EA
:10AD3000C00750B1FFE79DF83F000006002804D58A
:10AD4000FFE71198FFF778F9FFE712B080BD000028
:10AD500080B582B00090009820B9FFE701208DF8FF
:10AD6000070046E00098806908B1FFE700E0FFE7D0
:10AD70000098D0F8880040B9FFE70099002081F8DA
:10AD80008400009800F03CF8FFE700992420C1F807
:10AD9000880000980168086820F0010008600098A9
:10ADA000806A20B1FFE7009801F08EFFFFE700986E
:10ADB00003F086F8012804D1FFE701208DF8070091
:10ADC00017E000980168486820F4904048600098B7
:10ADD0000168886820F02A00886000980168086887
:10ADE00040F001000860009802F012F88DF80700AA
:10ADF000FFE79DF8070002B080BD000000000000E2
:10AE000080B5D6B0559000205490539052905190F8
:10AE1000509022A8B821F5F7CEFB5598006845F26E
:10AE20000001C4F20001884240F09580FFE7002055
:10AE30002390022122913F9022A8FBF725FE18B112
:10AE4000FFE7F6F7E1FAFFE7FFE744F2E840C5F66F
:10AE50000200016841F480110160006800F4801074
:10AE600021902198FFE7FFE744F2E040C5F6020099
:10AE7000016841F002010160006800F002002090CA
:10AE80002098FFE7FFE744F2E040C5F602000168C2
:10AE900041F008010160006800F008001F901F9851
:10AEA000FFE74FF400505090022012905190002084
:10AEB0001490529053900E20549040F20040C5F6EA
:10AEC000020050A91391FAF7F7FF129A13991498F8
:10AED000042350935192529053900820549040F67E
:10AEE0000040C5F60200FAF7E7FF149940F2583027
:10AEF000C2F2004015901022C4F202020260412208
:10AF000042608160C1604FF4806202614161816191
:10AF10004FF48072C2614FF4403202624162F8F72E
:10AF20003BFD18B1FFE7F6F76FFAFFE7FFE755982B
:10AF300040F25831C2F20041C0F880105598886341
:10AF4000FFE73520119001210022FBF77DFA1198CF
:10AF5000FBF76EFAD2E15598006841F20001C4F2A5
:10AF60000101884246D1FFE7002023900121229170
:10AF7000409022A8FBF788FD18B1FFE7F6F744FAE6
:10AF8000FFE7FFE744F2F040C5F60200016841F038
:10AF900010010160006800F010001E901E98FFE78D
:10AFA000FFE744F2E040C5F60200016841F001010C
:10AFB0000160006800F001001D901D98FFE74FF44C
:10AFC000C06050900220519000200F9052905390FA
:10AFD000072054900020C5F6020050A9FAF76CFF34
:10AFE0000F9A252010900521FBF72EFA1098FBF7F9
:10AFF0001FFA82E15598006844F20041C4F2000152
:10B00000884247D1FFE700202390022122913F9000
:10B0100022A8FBF739FD18B1FFE7F6F7F5F9FFE7CE
:10B02000FFE744F2E840C5F60200016841F4003150
:10B030000160006800F400301C901C98FFE7FFE7F7
:10B0400044F2E040C5F60200016841F008010160E9
:10B05000006800F008001B901B98FFE770205090DC
:10B0600002200C90519000210D9152915390072095
:10B07000549040F60040C5F6020050A9FAF71CFFB4
:10B080000C990D9A26200E90FBF7DEF90E98FBF72F
:10B09000CFF931E15598006844F60001C4F200018F
:10B0A00088426BD1FFE700202390022122913F903C
:10B0B00022A8FBF7E9FC18B1FFE7F6F7A5F9FFE7CF
:10B0C000FFE744F2E840C5F60200016841F4802140
:10B0D0000160006800F480201A901A98FFE7FFE7EB
:10B0E00044F2E040C5F60200016841F0020101604F
:10B0F000006800F0020019901998FFE7FFE744F29A
:10B10000E040C5F60200016841F0080101600068F6
:10B1100000F0080018901898FFE74FF48040509016
:10B1200002200990519000200A90529053900720DD
:10B130000790549040F20040C5F6020050A90891D3
:10B14000FAF7BAFE07980899099B0A9A4FF4407CCF
:10B15000CDF840C1519352925392549040F6004022
:10B16000C5F60200FAF7A8FE09990A9A27200B9063
:10B17000FBF76AF90B98FBF75BF9BCE055980068A0
:10B1800047F60001C4F20001884240F0B380FFE7B7
:10B1900000202390022122913F9022A8FBF774FC0B
:10B1A00018B1FFE7F6F730F9FFE7FFE744F2E840B0
:10B1B000C5F60200016841F080410160006800F0BE
:10B1C000804017901798FFE7FFE744F2E040C5F68C
:10B1D0000200016841F010010160006800F01000F9
:10B1E00016901698FFE74FF4C070509002205190CF
:10B1F00000200590529053900720549041F2000097
:10B20000C5F6020050A9FAF757FE059A522004909D
:10B210000521FBF719F90498FBF70AF9059940F2A3
:10B220004840C2F2004006905822C4F20202026076
:10B230005022426040228260C1604FF4806202610D
:10B2400041618161C16101624162F8F7A5FB18B1FA
:10B25000FFE7F6F7D9F8FFE7FFE740F68400C2F210
:10B26000004040F24841C2F20041C1678863FFE7F5
:10B270000E200190052100220292FBF7E5F80198CB
:10B28000FBF7D6F8029940F2D030C2F200400390AA
:10B290007022C4F2020202604F2242608160C160EB
:10B2A0004FF480620261416181614FF48072C2613A
:10B2B0004FF4003202624162F8F76EFB18B1FFE70B
:10B2C000F6F7A2F8FFE7FFE740F68400C2F200407D
:10B2D00040F2D031C2F20041C0F880108863FFE72D
:10B2E0000F20009005210022FBF7AEF80098FBF735
:10B2F0009FF8FFE7FFE7FFE7FFE7FFE756B080BDF6
:10B3000081B0009001B0704781B0009001B07047EB
:10B3100080B58AB008900791ADF81A200593089877
:10B32000D0F88800202840F09580FFE7079820B1EA
:10B33000FFE7BDF81A0020B9FFE701208DF82700CC
:10B340008CE008990020C1F8900008992120C1F8EC
:10B350008800FAF7BDFF0290BDF81A000899A1F81D
:10B360005400BDF81A000899A1F8560008988068A2
:10B37000B0F5805F09D1FFE70898006928B9FFE7B9
:10B38000002004900798039004E0079804900020A0
:10B390000390FFE7FFE70898B0F8560000283ED07A
:10B3A000FFE70898029B05996A46116080210022F8
:10B3B00003F0BAFD40B1FFE708992020C1F88800EA
:10B3C00003208DF8270049E0049858B9FFE7039857
:10B3D00000886FF35F20089909688862039802303B
:10B3E000039008E004980078089909688862049836
:10B3F00001300490FFE70898D0F8880000F02100A1
:10B40000212807D1FFE70899B1F856000138A1F8C3
:10B41000560003E001208DF827001FE0BBE70898E5
:10B42000029B05996A4611604021002203F07CFDD1
:10B4300040B1FFE708992020C1F8880003208DF86B
:10B4400027000BE008992020C1F8880000208DF823
:10B45000270003E002208DF82700FFE79DF8270072
:10B460000AB080BD0000000080B586B00490039152
:10B47000ADF80A200498D0F88800202870D1FFE7A2
:10B48000039820B1FFE7BDF80A0020B9FFE70120CB
:10B490008DF8170068E0039804990865BDF80A0064
:10B4A0000499A1F85400BDF80A000499A1F85600C7
:10B4B00004990020C1F8900004992120C1F8880067
:10B4C0000498C06F88B3FFE70498C16F4DF2C9308C
:10B4D000C0F60000C8630498C16F4DF24940C0F641
:10B4E000000008640498C16F4CF67170C0F600004B
:10B4F000C8640498C16F0020086504980268016D53
:10B50000C06F2832BDF80A30F8F7F6FE60B1FFE7E9
:10B5100004991020C1F8900004992020C1F88800F7
:10B5200001208DF817001FE0FFE704980168402014
:10B530000862FFE7FFE70498006850E8020F40F058
:10B5400080000190FFE701990498026842E8021028
:10B550000028F0D1FFE7FFE700208DF8170003E097
:10B5600002208DF81700FFE79DF8170006B080BD98
:10B5700086B004900391ADF80A200498D0F88800B2
:10B58000202840F08580FFE7039820B1FFE7BDF851
:10B590000A0020B9FFE701208DF817007CE003982E
:10B5A00004990865BDF80A000499A1F85400BDF893
:10B5B0000A000499A1F856000499002088670499AC
:10B5C000C1F8900004992120C1F888000498406EC9
:10B5D000B0F1005F2CD1FFE704988068B0F5805F80
:10B5E0000BD1FFE70498006938B9FFE704994EF6DC
:10B5F0000150C0F60000886706E004994EF66160CD
:10B60000C0F600008867FFE7FFE7FFE704980068DF
:10B6100050E8020F40F400000190FFE70199049800
:10B62000026842E802100028F0D1FFE7FFE72BE0B4
:10B6300004988068B0F5805F0BD1FFE7049800693B
:10B6400038B9FFE704994EF66940C0F600008867F4
:10B6500006E004994EF6D150C0F600008867FFE777
:10B66000FFE7FFE70498006850E8000F40F0800013
:10B670000090FFE700990498026842E80010002853
:10B68000F0D1FFE7FFE7FFE700208DF8170003E0A8
:10B6900002208DF81700FFE79DF8170006B07047ED
:10B6A00080B582B00190019840F68401C2F2004159
:10B6B000884203D1FFE704F01FF91FE0019840F230
:10B6C0005C71C2F20041884207D1FFE740F2C0201E
:10B6D000C2F2004006F048F80FE0019840F2C8615D
:10B6E000C2F20041884207D1FFE740F2EC20C2F2EB
:10B6F000004006F039F8FFE7FFE7FFE702B080BD42
:10B7000081B0009001B07047FFE7FEE70000000045
:10B7100080B582B0FFE744F2D840C5F60200016868
:10B7200041F001010160006800F001000190019802
:10B73000FFE70B20009000221146FAF785FE0098E3
:10B74000FAF776FE02B080BD80B582B040F2C0400C
:10B75000C2F2004000904AF20001C4F20001016010
:10B76000002201928260C2600121017442748174DE
:10B770004FF0030EC0F814E00A2383614FF01D0C54
:10B78000C0F81CC00362C0F824E08362C0F82CC07B
:10B79000036342638263C163102101640421416435
:10B7A0008264C164026541658265C26508230366DF
:10B7B00042668166F9F7B0FF18B1FFE7F5F724FE9E
:10B7C000FFE702B080BD000080B592B0002011906C
:10B7D00010900F900E900D90FFE744F2E040C5F6F8
:10B7E0000200016841F004010160006800F00400FB
:10B7F0000C900C98FFE7FFE744F2E040C5F602002A
:10B80000016841F080010160006800F080000B9049
:10B810000B98FFE7FFE744F2E040C5F6020001683D
:10B8200041F001010160006800F001000A900A98EF
:10B83000FFE7FFE744F2E040C5F60200016841F08F
:10B8400002010160006800F0020009900998FFE71A
:10B85000FFE744F2E040C5F60200016841F008014C
:10B860000160006800F0080008900898FFE740F6C3
:10B870000000C5F6020002904FF4604101910122E0
:10B880000392FAF70DFD03990020C5F6020004901B
:10B8900000220692FAF704FD019B0298039A06998A
:10B8A0000D930E920F9110910DA90591FAF704FBDB
:10B8B000039B04980599069A0D930E930F9210928C
:10B8C000FAF7FAFA04980599069A4FF400430D9393
:10B8D0004FF404130E930F92FAF7EEFA06994FF015
:10B8E0008070FDF7F9FD069A282007901146FAF7B7
:10B8F000ABFD0798FAF79CFD12B080BD0000000078
:10B9000080B582B040F26050C2F20040009041F237
:10B910000041C5F6000101604FF4800141604FF421
:10B92000003181600721C1600021019101614FF068
:10B93000807242614FF0806282614FF08052C2613A
:10B94000016241628162C1624FF080424263816361
:10B95000C163016441648164C164016541658165BD
:10B96000FDF722FA18B1FFE7F5F74EFDFFE702B049
:10B9700080BD00000000000080B584B0002103916C
:10B980000291019140F2E850C2F2004041F20002FF
:10B99000C4F200020260EF224260816040F2E732AE
:10B9A000C2608161FDF77CFE18B1FFE7F5F72CFD61
:10B9B000FFE700200190039040F2E850C2F20040FF
:10B9C00001A9FDF7ADFD18B1FFE7F5F71DFDFFE794
:10B9D00004B080BD0000000080B582B040F2F0707D
:10B9E000C2F20040019045F20001C4F20001016082
:10B9F00048F2A061C0F2010141604FF480518160C2
:10BA00004FF40051C1604FF4806101610C2141612C
:10BA100000218161C161016241628162FFF798F991
:10BA200018B1FFE7F5F7F0FCFFE740F2F070C2F263
:10BA300000400021FEF74CFB18B1FFE7F5F7E4FCEE
:10BA4000FFE740F2F070C2F200400021FEF7F8FA82
:10BA500018B1FFE7F5F7D8FCFFE740F2F070C2F24B
:10BA60000040FEF78DF818B1FFE7F5F7CDFCFFE7D2
:10BA700002B080BD0000000080B582B040F68400B6
:10BA8000C2F20040009047F60001C4F200010160DC
:10BA90004FF4E1314160002101918160C160016199
:10BAA0000C2242618161C161016241628162FFF7E2
:10BAB0004FF918B1FFE7F5F7A7FCFFE740F6840060
:10BAC000C2F200400021FEF703FB18B1FFE7F5F7D3
:10BAD0009BFCFFE740F68400C2F200400021FEF725
:10BAE000AFFA18B1FFE7F5F78FFCFFE740F68400E7
:10BAF000C2F20040FEF744F818B1FFE7F5F784FC06
:10BB0000FFE740F68400C2F2004002681021116293
:10BB100002680821116240F67F51C2F200414FF4E1
:10BB20008072FEF76DF818B1FFE7F5F76DFCFFE7DF
:10BB300040F68400C2F20040D0F880000068102176
:10BB4000C4F20201884200F0D180FFE740F6840091
:10BB5000C2F20040D0F8800000682821C4F202013F
:10BB6000884200F0C380FFE740F68400C2F2004044
:10BB7000D0F8800000684021C4F20201884200F041
:10BB8000B580FFE740F68400C2F20040D0F88000A4
:10BB900000685821C4F20201884200F0A780FFE744
:10BBA00040F68400C2F20040D0F8800000687021A6
:10BBB000C4F20201884200F09980FFE740F6840059
:10BBC000C2F20040D0F8800000688821C4F202016F
:10BBD000884200F08B80FFE740F68400C2F200400C
:10BBE000D0F880000068A021C4F2020188427DD014
:10BBF000FFE740F68400C2F20040D0F88000006801
:10BC0000B821C4F20201884270D0FFE740F68400F8
:10BC1000C2F20040D0F88000006840F21041C4F247
:10BC20000201884262D0FFE740F68400C2F2004081
:10BC3000D0F88000006840F22841C4F20201884236
:10BC400054D0FFE740F68400C2F20040D0F88000F4
:10BC5000006840F24041C4F20201884246D0FFE74A
:10BC600040F68400C2F20040D0F88000006840F244
:10BC70005841C4F20201884238D0FFE740F6840000
:10BC8000C2F20040D0F88000006840F27041C4F277
:10BC9000020188422AD0FFE740F68400C2F2004049
:10BCA000D0F88000006840F28841C4F20201884266
:10BCB0001CD0FFE740F68400C2F20040D0F88000BC
:10BCC000006840F2A041C4F2020188420ED0FFE7B2
:10BCD00040F68400C2F20040D0F88000006840F2D4
:10BCE000B841C4F2020188420CD1FFE740F684005B
:10BCF000C2F20040D0F880000168086820F0080017
:10BD000008600BE040F68400C2F20040D0F88000EA
:10BD10000168086820F004000860FFE702B080BDF9
:10BD200080B582B040F23460C2F20040009041F22F
:10BD30000001C4F2010101604FF4E13141600021D2
:10BD400001918160C16001610C2242618161C16128
:10BD5000016241628162FEF7FBFF18B1FFE7F5F770
:10BD600053FBFFE740F23460C2F200400021FEF7CF
:10BD7000AFF918B1FFE7F5F747FBFFE740F2346092
:10BD8000C2F200400021FEF75BF918B1FFE7F5F7BA
:10BD90003BFBFFE740F23460C2F20040FDF7F0FEEB
:10BDA00018B1FFE7F5F730FBFFE740F23460C2F26D
:10BDB000004002681021116202680821116240F6F9
:10BDC0007F61C2F200418022FDF772FF18B1FFE7E8
:10BDD000F5F71AFBFFE702B080BD0000000000008D
:10BDE00080B582B040F2C860C2F20040009044F2D8
:10BDF0000041C4F2000101604FF4E13141600023D1
:10BE000001938360C36003610C21416183614FF43E
:10BE10000041C16103624362836219461A46FCF71E
:10BE20005BFF18B1FFE7F5F7EFFAFFE740F2C860F4
:10BE3000C2F200400021FEF74BF918B1FFE7F5F719
:10BE4000E3FAFFE740F2C860C2F200400021FEF7CB
:10BE5000F7F818B1FFE7F5F7D7FAFFE740F2C86047
:10BE6000C2F20040FDF78CFE18B1FFE7F5F7CCFAFF
:10BE7000FFE702B080BD000080B582B040F25C7088
:10BE8000C2F20040009044F60001C4F200010160DB
:10BE90004FF4E13141600023019383604FF400517E
:10BEA000C16003610C2141618361C361036243622C
:10BEB000836219461A46FCF70FFF18B1FFE7F5F742
:10BEC000A3FAFFE740F25C70C2F200400021FEF7E7
:10BED000FFF818B1FFE7F5F797FAFFE740F25C705B
:10BEE000C2F200400021FEF7ABF818B1FFE7F5F70A
:10BEF0008BFAFFE740F25C70C2F20040FDF740FEB3
:10BF000018B1FFE7F5F780FAFFE702B080BD000047
:10BF1000FFE7FEE700000000FFE7FEE7000000008B
:10BF200088B0079006910592079800F007000490EA
:10BF30000498C0F10700052803D3FFE7042001900F
:10BF400004E00498C0F107000190FFE70198039016
:10BF500004980430062803D8FFE70020009003E08F
:10BF6000049803380090FFE7009802900698039920
:10BF7000012202FA01F101390840029B984005991B
:10BF80009A40013A1140084308B070470000000091
:10BF9000704700000000000080B586B00490039157
:10BFA00000208DF8070044F22840C5F60200006822
:10BFB00000F00300032804D1FFE701208DF81700EB
:10BFC000CBE044F20041C5F60201086820F0806031
:10BFD0000860FAF77DF90290FFE744F20040C5F6E9
:10BFE0000200006800F000610020B0EBD16F0CD0BF
:10BFF000FFE7FAF76DF90299401A032804D3FFE727
:10C0000003208DF81700A8E0E7E7FFE744F2284196
:10C01000C5F60201086820F47C30049A126840EAF0
:10C020000230086004994868D1F808C0CB680A69F2
:10C0300001386FF35F204FF60061CFF6FF7101EB1F
:10C040004C2189B208440021CFF6FF7101EB034176
:10C0500001F4FE0108444FF07F4101EB026101F061
:10C06000FE41084444F23841C5F602010860FFE78A
:10C0700044F22C41C5F602010091086820F0C0008E
:10C08000049A526910430860086820F02000049A5E
:10C09000926910430860086820F01000086044F2BC
:10C0A0003C42C5F6020210684FF6F8739843049BB1
:10C0B000DB6940EAC3001060086840F010000860C7
:10C0C000039848B9FFE744F22C41C5F6020108681D
:10C0D00040F40020086016E00398012809D1FFE72A
:10C0E00044F22C41C5F60201086840F48010086053
:10C0F00008E044F22C41C5F60201086840F4001043
:10C100000860FFE7FFE744F20041C5F60201086856
:10C1100040F080600860FAF7DBF80290FFE744F235
:10C120000040C5F60200006800F000610020B0EB9E
:10C13000D16F0CD1FFE7FAF7CBF80299401A032828
:10C1400004D3FFE703208DF8170006E0E7E7FFE7D9
:10C150009DF807008DF81700FFE79DF8170006B05F
:10C1600080BD00000000000080B586B004900391FF
:10C1700000208DF8070044F22840C5F60200006850
:10C1800000F00300032804D1FFE701208DF8170019
:10C19000CBE044F20041C5F60201086820F080506F
:10C1A0000860FAF795F80290FFE744F20040C5F600
:10C1B0000200006800F000510020B0EB517F0CD06D
:10C1C000FFE7FAF785F80299401A032804D3FFE73E
:10C1D00003208DF81700A8E0E7E7FFE744F22841C5
:10C1E000C5F60201086820F07C70049A126840EAE3
:10C1F0000250086004994868D1F808C0CB680A6901
:10C2000001386FF35F204FF60061CFF6FF7101EB4D
:10C210004C2189B208440021CFF6FF7101EB0341A4
:10C2200001F4FE0108444FF07F4101EB026101F08F
:10C23000FE41084444F24041C5F602010860FFE7B0
:10C2400044F22C41C5F602010091086820F44060D8
:10C25000049A526910430860086820F40070049A38
:10C26000926910430860086820F48070086044F206
:10C270004442C5F6020210684FF6F8739843049BD7
:10C28000DB6940EAC3001060086840F48070086011
:10C29000039848B9FFE744F22C41C5F6020108684B
:10C2A00040F48000086016E00398012809D1FFE7F8
:10C2B00044F22C41C5F60201086840F40000086011
:10C2C00008E044F22C41C5F60201086840F0807095
:10C2D0000860FFE7FFE744F20041C5F60201086885
:10C2E00040F080500860F9F7F3FF0290FFE744F256
:10C2F0000040C5F60200006800F000510020B0EBDD
:10C30000517F0CD1FFE7F9F7E3FF0299401A0328A8
:10C3100004D3FFE703208DF8170006E0E7E7FFE707
:10C320009DF807008DF81700FFE79DF8170006B08D
:10C3300080BD00000000000082B0019001980068FC
:10C340004069009001980168886940F008008861A0
:10C3500001980168886940F01000886101980168BF
:10C36000086820F00100086001980168086940F23F
:10C370006F329043086101980168886820F440405A
:10C380008860019890F88100042815D0FFE79DF897
:10C390000000800600280ED5FFE70199D1F884003F
:10C3A00040F08000C1F8840001980168886940F07D
:10C3B00020008861FFE7FFE7019890F881000328DB
:10C3C00015D0FFE79DF80000400600280ED5FFE7D6
:10C3D0000199D1F8840040F00400C1F8840001986C
:10C3E0000168886940F040008861FFE7FFE79DF839
:10C3F0000100800700280ED5FFE70199D1F88400DD
:10C4000040F00100C1F8840001980168886940F497
:10C4100000708861FFE79DF80100C00770B1FFE779
:10C420000199D1F8840040F00800C1F88400019817
:10C430000168886940F480708861FFE701990020F5
:10C44000A1F862000199A1F86A0002B070470000EB
:10C4500083B002900298C16B012000EB5110019053
:10C460000298C0680130009000980730C008009022
:10C4700000980199484303B0704700000000000095
:10C4800080B586B0DDF820C0049003918DF80B20B4
:10C490000193FFE704980068406903990840401A37
:10C4A000B0FA80F040099DF80B10884214D1FFE7E4
:10C4B000F9F70EFF0899401A0199884204D3FFE763
:10C4C0000198013018B9FFE7019820B9FFE7032070
:10C4D0008DF8170004E0DDE700208DF81700FFE776
:10C4E0009DF8170006B080BD7047000000000000F6
:10C4F00080B582B0009000980138B0F1807F03D3FE
:10C50000FFE70120019019E0009801384EF2140174
:10C51000CEF2000108604FF0FF300F2102F0C8FD9D
:10C520004EF21801CEF20001002008604EF2100217
:10C53000CEF20002072111600190FFE7019802B0DE
:10C5400080BD00000000000080B5F9F7C9FE80BD85
:10C5500080B59EB00BA84C21F4F72DF80020019077
:10C560000A90099008900790069005900490039017
:10C570000220F9F789FFFFE70020029044F6180037
:10C58000C5F60200016821F440410160006800F432
:10C59000404002900298FFE7FFE744F61800C5F616
:10C5A0000200006800F40050B0F5005F01D0FFE722
:10C5B000F3E701210B914FF480300C90022014908E
:10C5C00015901690282217921891042119911A900B
:10C5D0000C201B9000201C901D900BA8FBF76CFEFC
:10C5E00018B1FFE7F4F710FFFFE73F2003900321A6
:10C5F00004910020059008200690402007900890A4
:10C600004FF4806209920A9003A8FBF735FA18B13B
:10C61000FFE7F4F7F9FEFFE71EB080BD0000000061
:10C620008BB044F21040C5F60200006800F03800FC
:10C6300001460191182800F22B810199DFE811F0E1
:10C6400019002801280128012801280128012801B2
:10C650002700280128012801280128012801280194
:10C660002D0028012801280128012801280128017E
:10C67000330044F20040C5F602000068C0F3C10177
:10C6800049F20000C0F2D030C84004900EE140F6FC
:10C690000010C0F23D00049008E143F20060C0F2D7
:10C6A0006E10049002E144F22840C5F602000168D1
:10C6B00001F0030109910068C0F30510089044F2ED
:10C6C0002C40C5F60200006800F0010007900798B2
:10C6D00044F23441C5F60201096889B2C9084843E9
:10C6E00000EE100AB8EE400A8DED030A0898002803
:10C6F00000F0CA80FFE70998009040B1FFE700987A
:10C70000012835D0FFE70098022853D074E044F2A6
:10C710000040C5F602000068C0F3C10149F2000004
:10C72000C0F2D030C84006909DED060AB8EE400A2F
:10C730009DED081AB8EE411A80EE010A44F230402D
:10C74000C5F6020000686FF35F2001EE100AB8EE34
:10C75000411A9DED032A9FED693A02EE031AB7EEE6
:10C76000002A31EE021A20EE010A8DED020A74E071
:10C770009DED080AB8EE401A9FED610A80EE010AAD
:10C7800044F23040C5F6020000686FF35F2001EE0E
:10C79000100AB8EE411A9DED032A9FED583A02EEB9
:10C7A000031AB7EE002A31EE021A20EE010A8DEDCF
:10C7B000020A52E09DED080AB8EE401A9FED4E0ABB
:10C7C00080EE010A44F23040C5F6020000686FF3C3
:10C7D0005F2001EE100AB8EE411A9DED032A9FED8D
:10C7E000473A02EE031AB7EE002A31EE021A20EEA3
:10C7F000010A8DED020A30E044F20040C5F6020065
:10C800000068C0F3C10149F20000C0F2D030C84056
:10C8100006909DED060AB8EE400A9DED081AB8EEA6
:10C82000411A80EE010A44F23040C5F60200006869
:10C830006FF35F2001EE100AB8EE411A9DED032A56
:10C840009FED2E3A02EE031AB7EE002A31EE021ADD
:10C8500020EE010A8DED020AFFE744F23040C5F6F2
:10C860000200006881B2012000EB51200A909DED8A
:10C87000020A9DED0A1AB8EE411A80EE010ABCEEDA
:10C88000C00A8DED040A02E000200490FFE70DE0ED
:10C8900044F20040C5F602000068C0F3C10149F24D
:10C8A0000000C0F2D030C8400490FFE744F21842C4
:10C8B000C5F602021068C0F3032043F2B471C0F65B
:10C8C0000101085C0590059B0498D84004900498E9
:10C8D000126802F00F02895C01F01F01C84040F2AB
:10C8E0000401C2F200410860049840F20001C2F263
:10C8F000004108600BB07047001BB74B00000039C7
:10C900000024744A000000004EF68851CEF2000167
:10C91000086840F47000086042F20000C5F2002090
:10C92000006800F00F0006280AD8FFE742F2000175
:10C93000C5F200210868072262F303000860FFE7E0
:10C9400044F20041C5F60201086840F001000860A9
:10C9500044F21042C5F602020020106008684EF64C
:10C960007F52CEF6F6221040086042F20000C5F277
:10C970000020006800F00F0008280AD3FFE742F209
:10C980000001C5F200210868072262F30300086075
:10C99000FFE744F21841C5F602010020086044F2A6
:10C9A0001C41C5F60201086044F22041C5F60201AF
:10C9B000086044F22842C5F6020240F20021C0F2AB
:10C9C0000221116044F22C42C5F602020021C0F29D
:10C9D000FF11116044F23042C5F6020240F280219C
:10C9E000C0F20111116044F23442C5F60202106037
:10C9F00044F23842C5F60202116044F23C42C5F6E8
:10CA00000202106044F24042C5F60202116044F294
:10CA10004441C5F60201086044F20042C5F6020234
:10CA2000116821F48021116044F26041C5F60201D1
:10CA3000086044F20001C5F2002143F2D200086010
:10CA4000704700000000000080B540F2E850C2F2DC
:10CA50000040FCF739FF80BD83B00290019102983D
:10CA60000068009002980021C4F20101884225D09C
:10CA7000FFE70298B0F1804F20D0FFE7029840F224
:10CA80000041C4F20001884218D0FFE7029840F646
:10CA90000001C4F20001884210D0FFE7029840F67E
:10CAA0000041C4F20001884208D0FFE7029840F23A
:10CAB0000041C4F2010188420AD1FFE7009820F04A
:10CAC0007000009001984168009808430090FFE7CB
:10CAD00002980021C4F2010188424DD0FFE702987C
:10CAE000B0F1804F48D0FFE7029840F20041C4F215
:10CAF0000001884240D0FFE7029840F60001C4F2EE
:10CB00000001884238D0FFE7029840F60041C4F2A5
:10CB10000001884230D0FFE7029840F20041C4F2A1
:10CB20000101884228D0FFE7029844F20001C4F2D4
:10CB30000101884220D0FFE7029844F20041C4F28C
:10CB40000101884218D0FFE7029844F60001C4F2C0
:10CB50000101884210D0FFE702984EF20001C4F2B2
:10CB60000001884208D0FFE702984EF20041C4F26B
:10CB7000000188420AD1FFE7009820F4407000903D
:10CB80000198C168009808430090FFE7009820F0E2
:10CB900080000199496908430090019880680299D2
:10CBA000C862019800680299886202980021C4F264
:10CBB0000101884220D0FFE7029840F20041C4F210
:10CBC0000101884218D0FFE7029844F20001C4F244
:10CBD0000101884210D0FFE7029844F20041C4F2FC
:10CBE0000101884208D0FFE7029844F60001C4F230
:10CBF0000101884205D1FFE70198006902990863A5
:10CC0000FFE70299086840F00400086002990120DB
:10CC1000486100980299086003B070470000000066
:10CC200080B540F2F070C2F20040FDF711FD80BD0A
:10CC300080B540F68400C2F20040FDF709FD80BDDA
:10CC400082B001900198406E40B9FFE70199012040
:10CC5000A1F86A000199A1F8680032E010208DF86F
:10CC600003008DF80200019800688068C0F34260FC
:10CC70008DF80100019800688068400F8DF8000071
:10CC80009DF802009DF8002043F2E473C0F6010312
:10CC9000995C484343F2DC71C0F601018A5CB0FB49
:10CCA000F2F0019AA2F86A009DF803009DF80120B5
:10CCB0009B5C5843895CB0FBF1F00199A1F86800D6
:10CCC000FFE702B07047000081B00090009890F834
:10CCD0002800000700280BD5FFE70098006840688F
:10CCE00020F40040009A1168926B10434860FFE7FF
:10CCF000009890F82800C00758B1FFE70098006836
:10CD0000406820F40030009A1168D26A10434860ED
:10CD1000FFE7009890F82800800700280BD5FFE770
:10CD200000980068406820F48030009A1168126B07
:10CD300010434860FFE7009890F82800400700285B
:10CD40000BD5FFE700980068406820F48020009A27
:10CD50001168526B10434860FFE7009890F8280074
:10CD6000C00600280BD5FFE700980068806820F413
:10CD70008050009A1168D26B10438860FFE70098DA
:10CD800090F82800800600280BD5FFE7009800687F
:10CD9000806820F40050009A1168126C104388607B
:10CDA000FFE7009890F82800400600281CD5FFE710
:10CDB00000980068406820F48010009A1168526C56
:10CDC000104348600098406CB0F5801F0BD1FFE71E
:10CDD00000980068406820F4C000009A1168926CC6
:10CDE00010434860FFE7FFE7009890F8280000062E
:10CDF00000280BD5FFE700980068406820F4002069
:10CE0000009A1168D26C10434860FFE701B0704788
:10CE100080B588B0069006990020C1F89000F9F717
:10CE200057FA0590069800680068000700282FD57B
:10CE3000FFE70698059B6A466FF07E4111604FF44C
:10CE40000011002202F070F808B3FFE7FFE7FFE7E8
:10CE50000698006850E8000F20F080000490FFE77B
:10CE600004990698026842E800100028F0D1FFE714
:10CE7000FFE706992020C1F88800FFE70699002007
:10CE800081F88400FFE703208DF81F005FE0FFE7D3
:10CE90000698006800684007002842D5FFE706981A
:10CEA000059B6A466FF07E4111604FF480010022BD
:10CEB00002F03AF8A0B3FFE7FFE7FFE70698006843
:10CEC00050E8000F20F490700390FFE70399069854
:10CED000026842E800100028F0D1FFE7FFE7FFE713
:10CEE000FFE70698006850E8020F20F0010002906A
:10CEF000FFE702990698026842E802100028F0D184
:10CF0000FFE7FFE706992020C1F88C00FFE70699AC
:10CF1000002081F88400FFE703208DF81F0016E051
:10CF2000FFE706992020C1F888000699C1F88C0017
:10CF300006990020C86606990867FFE70699002051
:10CF400081F88400FFE700208DF81F00FFE79DF8BF
:10CF50001F0008B080BD000080B582B0019001982C
:10CF6000806B00900098FDF71BFA02B080BD0000B6
:10CF700080B584B003900398806B02900298D0F83B
:10CF8000880001900298D0F88C0000900298006808
:10CF900080680006002808D5FFE70198212804D101
:10CFA000FFE7029800F0D0FAFFE702980068806877
:10CFB0004006002808D5FFE70098222804D1FFE7A3
:10CFC000029800F04DFAFFE70299D1F8900040F086
:10CFD0001000C1F890000298FDF7E2F904B080BD9E
:10CFE00080B588B007900798806B06900798C06955
:10CFF000B0F5807F5BD0FFE706990020A1F85E00C6
:10D00000FFE7FFE70698006850E8000F20F4807003
:10D010000590FFE705990698026842E8001000288D
:10D02000F0D1FFE7FFE7FFE7FFE70698006850E869
:10D03000020F20F001000490FFE7049906980268AF
:10D0400042E802100028F0D1FFE7FFE7FFE7FFE723
:10D050000698006850E8020F20F040000390FFE7B8
:10D0600003990698026842E802100028F0D1FFE711
:10D07000FFE706992020C1F88C000698C06E0128B1
:10D0800014D1FFE7FFE7FFE70698006850E8000FBC
:10D0900020F010000290FFE702990698026842E82B
:10D0A00000100028F0D1FFE7FFE7FFE7FFE7069950
:10D0B000002008670698C06E012840F0B380FFE7A3
:10D0C00006990020A1F85E00079800681021C4F2BC
:10D0D0000201884200F08180FFE70798006828215C
:10D0E000C4F20201884278D0FFE707980068402127
:10D0F000C4F20201884270D0FFE707980068582107
:10D10000C4F20201884268D0FFE7079800687021E6
:10D11000C4F20201884260D0FFE7079800688821C6
:10D12000C4F20201884258D0FFE707980068A021A6
:10D13000C4F20201884250D0FFE707980068B82186
:10D14000C4F20201884248D0FFE70798006840F225
:10D150001041C4F2020188423FD0FFE707980068FF
:10D1600040F22841C4F20201884236D0FFE7079816
:10D17000006840F24041C4F2020188422DD0FFE72E
:10D180000798006840F25841C4F20201884224D056
:10D19000FFE70798006840F27041C4F2020188423C
:10D1A0001BD0FFE70798006840F28841C4F20201F3
:10D1B000884212D0FFE70798006840F2A041C4F20D
:10D1C0000201884209D0FFE70798006840F2B841A1
:10D1D000C4F20201884205D1FFE707980068406861
:10D1E000009004E00798006840680090FFE700980E
:10D1F000ADF80600BDF806000699B1F85C1088424B
:10D2000006DAFFE7BDF806000699A1F85E00FFE721
:10D210000698B0F85C10B0F85E20891A89B2FCF765
:10D220009BFD03E00698FEF76BF8FFE708B080BDB2
:10D2300080B584B003900398806B0290029901201E
:10D2400008670298C06E012840F0B580FFE7029998
:10D25000B1F85C004008A1F85E0003980068102156
:10D26000C4F20201884200F08180FFE70398006861
:10D270002821C4F20201884278D0FFE703980068B1
:10D280004021C4F20201884270D0FFE70398006891
:10D290005821C4F20201884268D0FFE70398006871
:10D2A0007021C4F20201884260D0FFE70398006851
:10D2B0008821C4F20201884258D0FFE70398006831
:10D2C000A021C4F20201884250D0FFE70398006811
:10D2D000B821C4F20201884248D0FFE703980068F1
:10D2E00040F21041C4F2020188423FD0FFE70398A8
:10D2F000006840F22841C4F20201884236D0FFE7BC
:10D300000398006840F24041C4F2020188422DD0E7
:10D31000FFE70398006840F25841C4F202018842D6
:10D3200024D0FFE70398006840F27041C4F2020184
:10D3300088421BD0FFE70398006840F28841C4F29E
:10D340000201884212D0FFE70398006840F2A04132
:10D35000C4F20201884209D0FFE70398006840F256
:10D36000B841C4F20201884205D1FFE70398006882
:10D370004068009004E00398006840680090FFE770
:10D380000098ADF80600BDF806000299B1F85C10EF
:10D39000884206DCFFE7BDF806000299A1F85E00AE
:10D3A000FFE70298B0F85C10B0F85E20891A89B2E5
:10D3B000FCF7D2FC03E00298FDF7A6FFFFE704B0FC
:10D3C00080BD00000000000080B584B00390039889
:10D3D000806B02900398C069B0F5807F2BD0FFE787
:10D3E00002990020A1F85600FFE7FFE702980068C5
:10D3F00050E8020F20F080000190FFE701990298A9
:10D40000026842E802100028F0D1FFE7FFE7FFE7DB
:10D41000FFE70298006850E8000F40F040000090DD
:10D42000FFE700990298026842E800100028F0D156
:10D43000FFE7FFE703E00298FEF732F9FFE704B0E9
:10D4400080BD00000000000080B582B0019001980E
:10D45000806B00900098FEF753F902B080BD000089
:10D4600084B00390FFE7FFE70398006850E8000FDF
:10D4700020F490700290FFE702990398026842E856
:10D4800000100028F0D1FFE7FFE7FFE7FFE7039870
:10D49000006850E8020F4FF6FE71CEF6FF710840AB
:10D4A0000190FFE701990398026842E80210002802
:10D4B000EDD1FFE7FFE70398C06E012814D1FFE725
:10D4C000FFE7FFE70398006850E8000F20F0100026
:10D4D0000090FFE700990398026842E800100028D6
:10D4E000F0D1FFE7FFE7FFE703992020C1F88C00A8
:10D4F00003990020C8660399486704B0704700008C
:10D5000080B582B00190FFE7FFE70198006850E81E
:10D51000000F20F040000090FFE70099019802689A
:10D5200042E800100028F0D1FFE7FFE70199202032
:10D53000C1F888000199002088670198FEF7B0F8CB
:10D5400002B080BD0000000083B00290FFE7FFE75B
:10D550000298006850E8000F20F0C0000190FFE73B
:10D5600001990298026842E800100028F0D1FFE714
:10D57000FFE7FFE7FFE70298006850E8020F20F49A
:10D5800000000090FFE700990298026842E802104C
:10D590000028F0D1FFE7FFE702992020C1F88800BA
:10D5A00003B070470000000080B588B0079007986E
:10D5B000B0F86000ADF816000798D0F88C0022286B
:10D5C00040F0AB80FFE707980068406AADF81400B0
:10D5D0000798806D0690BDF81400BDF8161008403D
:10D5E000069908800799886D023088650799B1F817
:10D5F0005E000138A1F85E000798B0F85E000028D0
:10D6000040F08A80FFE7FFE7FFE70798006850E8EF
:10D61000000F20F490700490FFE7049907980268C7
:10D6200042E800100028F0D1FFE7FFE7FFE7FFE73F
:10D630000798006850E8020F20F001000390FFE710
:10D6400003990798026842E802100028F0D1FFE72A
:10D65000FFE707992020C1F88C0007990020486750
:10D66000079908670798006840F60041C5F6000171
:10D6700088421CD0FFE70798006840680002002835
:10D6800014D5FFE7FFE7FFE70798006850E8000FB1
:10D6900020F080600290FFE702990798026842E854
:10D6A00000100028F0D1FFE7FFE7FFE7FFE707984A
:10D6B000C06E01282BD1FFE707990020C866FFE75D
:10D6C000FFE70798006850E8000F20F01000019075
:10D6D000FFE701990798026842E800100028F0D19E
:10D6E000FFE7FFE707980068C06900F0100101201C
:10D6F000B0EB111F05D1FFE7079801681020086201
:10D70000FFE70798B0F85C10FCF726FB03E00798EA
:10D71000FDF7F6FDFFE7FFE706E007980168886977
:10D7200040F008008861FFE708B080BD00000000FD
:10D7300080B58EB00D900D98B0F86000ADF82E0059
:10D740000D980068C06909900D98006800680890FD
:10D750000D980068806807900D98D0F88C002228FA
:10D7600040F06181FFE70D98B0F86800ADF82A003D
:10D77000FFE7BDF82A100020009031B1FFE79DF8C7
:10D780002400C0F340100090FFE70098C007002875
:10D7900000F00A81FFE70D980068406AADF82C00A0
:10D7A0000D98806D0C90BDF82C00BDF82E1008402F
:10D7B0000C9908800D99886D023088650D99B1F833
:10D7C0005E000138A1F85E000D980068C0690990FC
:10D7D0009DF824004007002852D0FFE79DF8240060
:10D7E000C00788B1FFE79DF82100C00760B1FFE7DF
:10D7F0000D980168012008620D99D1F8900040F061
:10D800000100C1F89000FFE79DF824008007002880
:10D8100011D5FFE79DF81C00C00760B1FFE70D9828
:10D820000168022008620D99D1F8900040F00400D0
:10D83000C1F89000FFE79DF824004007002811D5AB
:10D84000FFE79DF81C00C00760B1FFE70D98016875
:10D85000042008620D99D1F8900040F00200C1F850
:10D860009000FFE70D98D0F8900040B1FFE70D98C9
:10D87000FCF796FD0D990020C1F89000FFE7FFE747
:10D880000D98B0F85E00002840F08D80FFE7FFE7BC
:10D89000FFE70D98006850E8000F20F480700690B4
:10D8A000FFE706990D98026842E800100028F0D1C1
:10D8B000FFE7FFE7FFE7FFE70D98006850E8020F7A
:10D8C0004FF6FE71CEF6FF7108400590FFE705990F
:10D8D0000D98026842E802100028EDD1FFE7FFE74B
:10D8E0000D992020C1F88C000D99002048670D99F2
:10D8F00008670D98006840F60041C5F600018842AF
:10D900001CD0FFE70D98006840680002002814D57D
:10D91000FFE7FFE7FFE70D98006850E8000F20F0F1
:10D9200080600490FFE704990D98026842E80010B7
:10D930000028F0D1FFE7FFE7FFE7FFE70D98C06E93
:10D9400001282BD1FFE70D990020C866FFE7FFE70C
:10D950000D98006850E8000F20F010000390FFE7DA
:10D9600003990D98026842E800100028F0D1FFE703
:10D97000FFE70D980068C06900F010010120B0EBCE
:10D98000111F05D1FFE70D98016810200862FFE71D
:10D990000D98B0F85C10FCF7DFF903E00D98FDF787
:10D9A000AFFCFFE700E0E4E60D98B0F85E00ADF8EC
:10D9B0002800BDF82800A8B3FFE7BDF828000D999E
:10D9C000B1F8681088422DDAFFE7FFE7FFE70D980E
:10D9D000006850E8020F20F080500290FFE70299A3
:10D9E0000D98026842E802100028F0D1FFE7FFE737
:10D9F0000D994DF2A950C0F600004867FFE7FFE718
:10DA00000D98006850E8000F40F020000190FFE7FB
:10DA100001990D98026842E800100028F0D1FFE754
:10DA2000FFE7FFE706E00D980168886940F008000D
:10DA30008861FFE70EB080BD80B586B0059005987F
:10DA4000B0F86000ADF812000598D0F88C002228DC
:10DA500040F0A980FFE705980068406AADF8100023
:10DA6000BDF810009DF8121008400599896D0870E6
:10DA70000599886D013088650599B1F85E00013817
:10DA8000A1F85E000598B0F85E00002840F08A809A
:10DA9000FFE7FFE7FFE70598006850E8000F20F474
:10DAA00090700390FFE703990598026842E8001020
:10DAB0000028F0D1FFE7FFE7FFE7FFE705980068E0
:10DAC00050E8020F20F001000290FFE7029905984C
:10DAD000026842E802100028F0D1FFE7FFE705994D
:10DAE0002020C1F88C000599002048670599086737
:10DAF0000598006840F60041C5F6000188421CD038
:10DB0000FFE70598006840680002002814D5FFE789
:10DB1000FFE7FFE70598006850E8000F20F08060FD
:10DB20000190FFE701990598026842E8001000287B
:10DB3000F0D1FFE7FFE7FFE7FFE70598C06E012898
:10DB40002BD1FFE705990020C866FFE7FFE705989E
:10DB5000006850E8000F20F010000090FFE70099E7
:10DB60000598026842E800100028F0D1FFE7FFE7BF
:10DB700005980068C06900F010010120B0EB111F8A
:10DB800005D1FFE70598016810200862FFE70598B6
:10DB9000B0F85C10FCF7E0F803E00598FDF7B0FB87
:10DBA000FFE7FFE706E005980168886940F0080094
:10DBB0008861FFE706B080BD80B58EB00D900D98EE
:10DBC000B0F86000ADF832000D980068C0690A90A6
:10DBD0000D980068006809900D98006880680890AA
:10DBE0000D98D0F88C00222840F05F81FFE70D9857
:10DBF000B0F86800ADF82E00FFE7BDF82E10002049
:10DC0000019031B1FFE79DF82800C0F3401001906A
:10DC1000FFE70198C007002800F00881FFE70D9892
:10DC20000068406AADF83000BDF830009DF8321051
:10DC300008400D99896D08700D99886D01308865CF
:10DC40000D99B1F85E000138A1F85E000D980068EA
:10DC5000C0690A909DF828004007002852D0FFE7CD
:10DC60009DF82800C00788B1FFE79DF82500C00790
:10DC700060B1FFE70D980168012008620D99D1F8A5
:10DC8000900040F00100C1F89000FFE79DF82800E7
:10DC90008007002811D5FFE79DF82000C00760B17C
:10DCA000FFE70D980168022008620D99D1F89000F5
:10DCB00040F00400C1F89000FFE79DF828004007FD
:10DCC000002811D5FFE79DF82000C00760B1FFE7ED
:10DCD0000D980168042008620D99D1F8900040F079
:10DCE0000200C1F89000FFE70D98D0F8900040B115
:10DCF000FFE70D98FCF754FB0D990020C1F8900048
:10DD0000FFE7FFE70D98B0F85E00002840F08D8037
:10DD1000FFE7FFE7FFE70D98006850E8000F20F4E9
:10DD200080700790FFE707990D98026842E800109D
:10DD30000028F0D1FFE7FFE7FFE7FFE70D98006855
:10DD400050E8020F4FF6FE71CEF6FF7108400690C4
:10DD5000FFE706990D98026842E802100028EDD10D
:10DD6000FFE7FFE70D992020C1F88C000D990020F6
:10DD700048670D9908670D98006840F60041C5F6A0
:10DD8000000188421CD0FFE70D980068406800023F
:10DD9000002814D5FFE7FFE7FFE70D98006850E87B
:10DDA000000F20F080600590FFE705990D9802684C
:10DDB00042E800100028F0D1FFE7FFE7FFE7FFE7A8
:10DDC0000D98C06E01282BD1FFE70D990020C86681
:10DDD000FFE7FFE70D98006850E8000F20F0100003
:10DDE0000490FFE704990D98026842E800100028AB
:10DDF000F0D1FFE7FFE70D980068C06900F010015F
:10DE00000120B0EB111F05D1FFE70D98016810202C
:10DE10000862FFE70D98B0F85C10FBF79DFF03E088
:10DE20000D98FDF76DFAFFE700E0E6E60D98B0F813
:10DE30005E00ADF82C00BDF82C00A8B3FFE7BDF8DC
:10DE40002C000D99B1F8681088422DDAFFE7FFE742
:10DE5000FFE70D98006850E8020F20F08050039013
:10DE6000FFE703990D98026842E802100028F0D1FC
:10DE7000FFE7FFE70D994DF63920C0F6000048672F
:10DE8000FFE7FFE70D98006850E8000F40F0200022
:10DE90000290FFE702990D98026842E800100028FE
:10DEA000F0D1FFE7FFE7FFE706E00D98016888691A
:10DEB00040F008008861FFE70EB080BD0000000060
:10DEC00080B59EB01D9000208DF867001D980068F9
:10DED00040F60041C5F60001884201D1FFE700E0AD
:10DEE000FFE71D9988680B694A69C969184310439F
:10DEF00008431C901D980068006846F6F311CCF6A4
:10DF0000FF7108401C9908431D99096808601D9815
:10DF10000068406820F440501D9A1168D268104390
:10DF200048601D9880691C901D98006840F600416B
:10DF3000C5F60001884206D0FFE71D98016A1C98CB
:10DF400008431C90FFE71D98006880684FF2FF416E
:10DF5000C1F2FF1108401C9908431D9909688860A7
:10DF60001D980068C06A20F00F001D9A1168526A5F
:10DF70001043C862FFE71D98006841F20001C4F237
:10DF80000101884240F04180FFE744F25440C5F669
:10DF90000200006800F038000146109128282FD8B0
:10DFA0001099DFE801F0152D2D2D2D2D2D2D192D7A
:10DFB0002D2D2D2D2D2D1D2D2D2D2D2D2D2D212DAD
:10DFC0002D2D2D2D2D2D252D2D2D2D2D2D2D2900BA
:10DFD00001208DF86D0017E004208DF86D0013E02E
:10DFE00008208DF86D000FE010208DF86D000BE01B
:10DFF00020208DF86D0007E040208DF86D0003E0D3
:10E0000080208DF86D00FFE76CE21D98006844F2F7
:10E010000041C4F2000188422ED1FFE744F254408F
:10E02000C5F60200006800F0070001460F910528C0
:10E030001DD80F99DFE801F003070B0F131700201D
:10E040008DF86D0017E004208DF86D0013E00820B6
:10E050008DF86D000FE010208DF86D000BE0202092
:10E060008DF86D0007E040208DF86D0003E0802002
:10E070008DF86D00FFE734E21D98006844F600015A
:10E08000C4F2000188422ED1FFE744F25440C5F6A5
:10E090000200006800F0070001460E9105281DD817
:10E0A0000E99DFE801F003070B0F131700208DF81E
:10E0B0006D0017E004208DF86D0013E008208DF846
:10E0C0006D000FE010208DF86D000BE020208DF822
:10E0D0006D0007E040208DF86D0003E080208DF892
:10E0E0006D00FFE7FCE11D98006844F60041C4F2B2
:10E0F000000188422ED1FFE744F25440C5F60200E9
:10E10000006800F0070001460D9105281DD80D9903
:10E11000DFE801F003070B0F131700208DF86D00E7
:10E1200017E004208DF86D0013E008208DF86D00D5
:10E130000FE010208DF86D000BE020208DF86D00B1
:10E1400007E040208DF86D0003E080208DF86D0021
:10E15000FFE7C4E11D98006845F20001C4F2000128
:10E1600088422ED1FFE744F25440C5F60200006811
:10E1700000F0070001460C9105281DD80C99DFE836
:10E1800001F003070B0F131700208DF86D0017E047
:10E1900004208DF86D0013E008208DF86D000FE06D
:10E1A00010208DF86D000BE020208DF86D0007E049
:10E1B00040208DF86D0003E080208DF86D00FFE7B2
:10E1C0008CE11D98006841F20041C4F201018842CF
:10E1D00040F04180FFE744F25440C5F60200006879
:10E1E00000F0380001460B9128282FD80B99DFE862
:10E1F00001F0152D2D2D2D2D2D2D192D2D2D2D2DE4
:10E200002D2D1D2D2D2D2D2D2D2D212D2D2D2D2D5A
:10E210002D2D252D2D2D2D2D2D2D290001208DF875
:10E220006D0017E004208DF86D0013E008208DF8D4
:10E230006D000FE010208DF86D000BE020208DF8B0
:10E240006D0007E040208DF86D0003E080208DF820
:10E250006D00FFE741E11D98006847F60001C4F238
:10E26000000188422ED1FFE744F25440C5F6020077
:10E27000006800F0070001460A9105281DD80A9998
:10E28000DFE801F003070B0F131700208DF86D0076
:10E2900017E004208DF86D0013E008208DF86D0064
:10E2A0000FE010208DF86D000BE020208DF86D0040
:10E2B00007E040208DF86D0003E080208DF86D00B0
:10E2C000FFE709E11D98006847F60041C4F200012C
:10E2D00088422ED1FFE744F25440C5F602000068A0
:10E2E00000F007000146099105281DD80999DFE8CB
:10E2F00001F003070B0F131700208DF86D0017E0D6
:10E3000004208DF86D0013E008208DF86D000FE0FB
:10E3100010208DF86D000BE020208DF86D0007E0D7
:10E3200040208DF86D0003E080208DF86D00FFE740
:10E33000D1E01D98006841F60001C4F20101884255
:10E3400040F04180FFE744F25440C5F60200006807
:10E3500000F038000146089128282FD80899DFE8F6
:10E3600001F0152D2D2D2D2D2D2D192D2D2D2D2D72
:10E370002D2D1D2D2D2D2D2D2D2D212D2D2D2D2DE9
:10E380002D2D252D2D2D2D2D2D2D290001208DF804
:10E390006D0017E004208DF86D0013E008208DF863
:10E3A0006D000FE010208DF86D000BE020208DF83F
:10E3B0006D0007E040208DF86D0003E080208DF8AF
:10E3C0006D00FFE786E01D98006841F60041C4F249
:10E3D0000101884240F04180FFE744F25440C5F615
:10E3E0000200006800F038000146079128282FD865
:10E3F0000799DFE801F0152D2D2D2D2D2D2D192D2F
:10E400002D2D2D2D2D2D1D2D2D2D2D2D2D2D212D58
:10E410002D2D2D2D2D2D252D2D2D2D2D2D2D290065
:10E4200001208DF86D0017E004208DF86D0013E0D9
:10E4300008208DF86D000FE010208DF86D000BE0C6
:10E4400020208DF86D0007E040208DF86D0003E07E
:10E4500080208DF86D00FFE73BE01D98006840F6D6
:10E460000041C5F6000188422ED1FFE744F2584032
:10E47000C5F60200006800F0070001460691052875
:10E480001DD80699DFE801F003070B0F13170220D0
:10E490008DF86D0017E004208DF86D0013E0082062
:10E4A0008DF86D000FE010208DF86D000BE020203E
:10E4B0008DF86D0007E040208DF86D0003E08020AE
:10E4C0008DF86D00FFE703E080208DF86D00FFE719
:10E4D000FFE7FFE7FFE7FFE7FFE7FFE7FFE7FFE70C
:10E4E000FFE7FFE7FFE71D98006840F60041C5F62B
:10E4F0000001884240F0B480FFE79DF86D000146BE
:10E500000591022814D0FFE70598042814D0FFE7EE
:10E510000598082816D0FFE70598102818D0FFE7BF
:10E520000598202835D0FFE70598402837D03AE0F5
:10E53000F7F7FEFF11903CE015A8F8F70DF81698D4
:10E54000119036E012A8F8F753F91398119030E0C3
:10E5500044F20040C5F60200006800F020010020EF
:10E56000B0EB511F0ED0FFE744F20040C5F60200A9
:10E570000068C0F3C10149F20000C0F2D030C840C9
:10E58000119005E049F20000C0F2D0301190FFE791
:10E590000FE040F60010C0F23D00119009E04FF48A
:10E5A0000040119005E00020119001208DF86700D7
:10E5B000FFE71198002852D0FFE711981D994A6A89
:10E5C00043F2EC71C0F6010131F81210B0FBF1F02A
:10E5D000189018981D99496801EB4101884207D3AA
:10E5E000FFE718981D994968B0EB013F04D9FFE790
:10E5F00001208DF8670031E011981D994A68039257
:10E600004A6A43F2EC71C0F6010131F8122000238E
:10E6100004931946F1F7E0FE039A049B090241EACC
:10E620001061000210EB520041F10001F1F7D4FE3D
:10E630001A901A98B0F5407F0BD3FFE71A99002083
:10E64000B0EB115F05D1FFE71A981D990968C86002
:10E6500003E001208DF86700FFE7FFE7FFE746E1F1
:10E660001D98C069B0F5004F40F0A880FFE79DF805
:10E670006D0001460291402800F263800299DFE8B4
:10E6800001F021256060296060602F60606060603B
:10E6900060603560606060606060606060606060A5
:10E6A0006060566060606060606060606060606074
:10E6B000606060606060606060606060606060605A
:10E6C00060605C00F9F750FC119040E0F9F760FCE5
:10E6D00011903CE015A8F7F73FFF1698119036E02F
:10E6E00012A8F8F785F81398119030E044F2004032
:10E6F000C5F60200006800F020010020B0EB511FB9
:10E700000ED0FFE744F20040C5F602000068C0F3F7
:10E71000C10149F20000C0F2D030C840119005E0BC
:10E7200049F20000C0F2D0301190FFE70FE040F650
:10E730000010C0F23D00119009E04FF4004011902C
:10E7400005E00020119001208DF86700FFE7119887
:10E7500098B3FFE711981D9A5168536A43F2EC721F
:10E76000C0F6010232F81320B0FBF2F0400000EBDB
:10E770005100B0FBF1F01A901A98102818D3FFE757
:10E78000BDF86A00A0B9FFE71A9820F00F00ADF8B5
:10E790006E001A9800F00E01BDF86E0040EA5100BC
:10E7A000ADF86E00BDF86E001D990968C86003E001
:10E7B00001208DF86700FFE7FFE797E09DF86D0007
:10E7C00001460191402800F263800199DFE801F0E1
:10E7D00021256060296060602F606060606060601B
:10E7E0003560606060606060606060606060606054
:10E7F0005660606060606060606060606060606023
:10E800006060606060606060606060606060606008
:10E810005C00F9F7A9FB119040E0F9F7B9FB119002
:10E820003CE015A8F7F798FE1698119036E012A86C
:10E83000F7F7DEFF1398119030E044F20040C5F680
:10E840000200006800F020010020B0EB511F0ED044
:10E85000FFE744F20040C5F602000068C0F3C101C2
:10E8600049F20000C0F2D030C840119005E049F2F2
:10E870000000C0F2D0301190FFE70FE040F600102A
:10E88000C0F23D00119009E04FF40040119005E006
:10E890000020119001208DF86700FFE7119820B348
:10E8A000FFE711981D9A5168536A43F2EC72C0F663
:10E8B000010232F81320B0FBF2F000EB5100B0FB84
:10E8C000F1F01A901A9810280AD3FFE7BDF86A00F1
:10E8D00030B9FFE7BDF868001D990968C86003E01A
:10E8E00001208DF86700FFE7FFE7FFE7FFE71D99CD
:10E8F0000120A1F86A001D99A1F868001D99002067
:10E9000048671D9988679DF867001EB080BD0000AC
:10E9100080B588B006900591ADF81220059806994B
:10E920008865BDF812000699A1F85C0006990020E0
:10E93000C1F8900006992220C1F88C000698D0F802
:10E940008000B0B3FFE70698D0F880104CF6E17075
:10E95000C0F60000C8630698D0F880104DF2312050
:10E96000C0F6000008640698D0F880104CF671706C
:10E97000C0F60000C8640698D0F880100020086532
:10E9800006980168826DD0F880002431BDF81230FD
:10E99000F5F7B2FC60B1FFE706991020C1F89000CE
:10E9A00006992020C1F88C0001208DF81F0042E05C
:10E9B000FFE706980069A0B1FFE7FFE7FFE70698C9
:10E9C000006850E8000F40F480700390FFE703995F
:10E9D0000698026842E800100028F0D1FFE7FFE740
:10E9E000FFE7FFE7FFE70698006850E8020F40F0F6
:10E9F00001000290FFE702990698026842E80210BF
:10EA00000028F0D1FFE7FFE7FFE7FFE7069800687F
:10EA100050E8020F40F040000190FFE7019906988E
:10EA2000026842E802100028F0D1FFE7FFE700206B
:10EA30008DF81F00FFE79DF81F0008B080BD0000A3
:10EA400088B007900691ADF816200698079988655A
:10EA5000BDF816000799A1F85C00BDF816000799EB
:10EA6000A1F85E00079900204867FFE707988068D3
:10EA7000B0F5805F10D1FFE70798006930B9FFE774
:10EA8000079940F2FF10A1F8600004E00799FF2009
:10EA9000A1F86000FFE72EE00798806878B9FFE7EB
:10EAA0000798006928B9FFE70799FF20A1F86000DF
:10EAB00004E007997F20A1F86000FFE71AE00798BB
:10EAC0008068B0F1805F0FD1FFE70798006928B92F
:10EAD000FFE707997F20A1F8600004E007993F2035
:10EAE000A1F86000FFE704E007990020A1F86000AA
:10EAF000FFE7FFE7FFE7FFE707990020C1F8900075
:10EB000007992220C1F88C00FFE7FFE7079800680B
:10EB100050E8020F40F001000490FFE704990798C5
:10EB2000026842E802100028F0D1FFE7FFE70798EB
:10EB3000406EB0F1005F4CD1FFE7BDF816000799B9
:10EB4000B1F86810884244DBFFE707988068B0F5A9
:10EB5000805F0BD1FFE70798006938B9FFE7079995
:10EB60004DF23170C0F60000486706E007994DF697
:10EB7000B930C0F600004867FFE707980069A0B108
:10EB8000FFE7FFE7FFE70798006850E8000F40F451
:10EB900080700390FFE703990798026842E800102D
:10EBA0000028F0D1FFE7FFE7FFE7FFE7FFE707985F
:10EBB000006850E8020F40F080500290FFE7029991
:10EBC0000798026842E802100028F0D1FFE7FFE74B
:10EBD00044E007988068B0F5805F0BD1FFE70798A5
:10EBE000006938B9FFE707994DF2A950C0F6000057
:10EBF000486706E007994DF63920C0F600004867DF
:10EC0000FFE707980069A0B1FFE7FFE7FFE7079874
:10EC1000006850E8000F40F490700190FFE7019900
:10EC20000798026842E800100028F0D1FFE7FFE7EC
:10EC300013E0FFE7FFE70798006850E8000F40F097
:10EC400020000090FFE700990798026842E8001052
:10EC50000028F0D1FFE7FFE7FFE7FFE7002008B05B
:10EC6000704700000000000084B003900398D0F8C3
:10EC70008800212842D1FFE70398B0F8560038BB3E
:10EC8000FFE7FFE7FFE70398006850E8000F20F078
:10EC900080000190FFE701990398026842E80010A4
:10ECA0000028F0D1FFE7FFE7FFE7FFE703980068E0
:10ECB00050E8000F40F040000090FFE700990398F3
:10ECC000026842E800100028F0D1FFE7FFE714E0F7
:10ECD0000398006D0290029800886FF35F200399FB
:10ECE000096888620399086D023008650399B1F8D4
:10ECF00056000138A1F85600FFE7FFE704B070475F
:10ED000085B004900498D0F8880021285DD1FFE7F1
:10ED10000498B0F86A00ADF80A00FFE7BDF80A00F1
:10ED2000002851D0FFE70498B0F8560038BBFFE741
:10ED3000FFE7FFE70498006850E8020F20F40000A6
:10ED40000190FFE701990498026842E80210002848
:10ED5000F0D1FFE7FFE7FFE7FFE70498006850E81E
:10ED6000000F40F040000090FFE70099049802680F
:10ED700042E800100028F0D1FFE7FFE724E0049804
:10ED80000068C0690006002815D5FFE70498006DEB
:10ED90000390039800886FF35F20049909688862E4
:10EDA0000499086D023008650499B1F856000138DD
:10EDB000A1F8560000E0FFE7FFE7FFE7BDF80A0013
:10EDC0000138ADF80A00A9E7FFE705B07047000079
:10EDD00083B002900298D0F8880021283DD1FFE747
:10EDE0000298B0F8560038BBFFE7FFE7FFE702984C
:10EDF000006850E8000F20F080000190FFE70199C3
:10EE00000298026842E800100028F0D1FFE7FFE70F
:10EE1000FFE7FFE70298006850E8000F40F040006D
:10EE20000090FFE700990298026842E8001000286D
:10EE3000F0D1FFE7FFE70FE002980168006D00786E
:10EE400088620299086D013008650299B1F8560090
:10EE50000138A1F85600FFE7FFE703B07047000054
:10EE600084B003900398D0F88800212858D1FFE798
:10EE70000398B0F86A00ADF80A00FFE7BDF80A0091
:10EE800000284CD0FFE70398B0F8560038BBFFE7E6
:10EE9000FFE7FFE70398006850E8020F20F4000046
:10EEA0000190FFE701990398026842E802100028E8
:10EEB000F0D1FFE7FFE7FFE7FFE70398006850E8BE
:10EEC000000F40F040000090FFE7009903980268AF
:10EED00042E800100028F0D1FFE7FFE71FE00398A9
:10EEE0000068C0690006002810D5FFE70398016894
:10EEF000006D007888620399086D013008650399F8
:10EF0000B1F856000138A1F8560000E0FFE7FFE72E
:10EF1000FFE7BDF80A000138ADF80A00AEE7FFE7E9
:10EF200004B070470000000080B586B0DDF820C056
:10EF3000049003918DF80B200193FFE7049800687B
:10EF4000C06903990840401AB0FA80F040099DF862
:10EF50000B10884266D1FFE708980130002860D086
:10EF6000FFE7F7F7B5F90199401A0899884203D8E5
:10EF7000FFE7089820B9FFE703208DF8170055E058
:10EF80000498006800684007002849D5FFE7039807
:10EF9000802845D0FFE70398402841D0FFE7049838
:10EFA0000068C06900F008010120B0EBD10F16D154
:10EFB000FFE7049801680820009008620498FEF7B3
:10EFC0004FFA00980499C1F89000FFE704990020D7
:10EFD00081F88400FFE701208DF8170026E00498EF
:10EFE0000068C06900F400610120B0EBD12F16D198
:10EFF000FFE7049801684FF4006008620498FEF788
:10F000002FFA04992020C1F89000FFE7049900200E
:10F0100081F88400FFE703208DF8170006E0FFE782
:10F02000FFE78BE700208DF81700FFE79DF817003A
:10F0300006B080BD0000000080B540F23460C2F22E
:10F040000040FBF705FB80BD80B540F2C860C2F20E
:10F050000040FBF7FDFA80BD80B540F25C70C2F263
:10F060000040FBF7F5FA80BDFFE7FEE70000000077
:10F0700081B0ADF80200BDF9020000280ED4FFE710
:10F08000BDF9021001F01F02012090404A094EF222
:10F090000011CEF2000141F82200FFE701B07047F5
:10F0A0004EF60C50CEF200000068C0F3022070470C
:10F0B00082B0ADF806000091BDF9060000280AD420
:10F0C000FFE700980001BDF906104EF20042CEF2B3
:10F0D000000288540BE000980001BDF8061001F012
:10F0E0000F014EF61452CEF200028854FFE702B030
:10F0F000704700000000000083B00290029800F00A
:10F10000070000904EF60C51CEF200010868019005
:10F1100001984FF6FF02104001900198009A40EAD2
:10F1200002200022C0F2FA521043019001980860B8
:10F1300003B070470000000080B584B003900291D6
:10F14000ADF806208DF80530039808B9FFE78BE08D
:10F150000298039908600399002048600399886029
:10F16000BDF80610039A91819DF80510039A9173DA
:10F170000399C873039908740399487403998874B0
:10F180000398006803210DF1020202F059FF8DF887
:10F1900004009DF8040008B1FFE765E0BDF8020037
:10F1A000012811D0FFE7039843F60B03C0F60103D3
:10F1B0000321012200F0BCF88DF804009DF8040042
:10F1C00008B1FFE750E0FFE703990120C8730398F7
:10F1D00043F61203C0F6010340F20931002200F0A9
:10F1E000A7F88DF804009DF80400B0FA80F04009FB
:10F1F000039908740398006840F201310DF102028E
:10F2000002F01EFF8DF804009DF8040008B1FFE72E
:10F2100017E0BDF80200012812D0FFE7039843F67B
:10F220000403C0F6010340F20131012200F080F82E
:10F230008DF804009DF8040008B1FFE714E0FFE733
:10F24000FFE703990120487403980068FA221146E9
:10F2500002F036FF8DF804009DF80400B0FA80F04B
:10F26000400903998874FFE704B080BD00000000E6
:10F2700080B582B00190019808B9FFE70DE00198D0
:10F2800040F23D510DF1020202F0DAFE28B9FFE72B
:10F29000BDF8020001990886FFE702B080BD0000BA
:10F2A00080B584B003900291039818B1FFE70298EB
:10F2B00008B9FFE737E0039802990A8840F2031182
:10F2C00002F026FF08B1FFE72DE0039802994A8873
:10F2D00040F2051102F01CFF08B1FFE723E003989C
:10F2E00040F203110DF1060202F0AAFE08B1FFE799
:10F2F00019E0BDF8060002990988884201D0FFE7AD
:10F3000011E0039840F205110DF1060202F098FE9B
:10F3100008B1FFE707E0BDF8060002994988884276
:10F3200001D0FFE7FFE704B080BD0000000000004F
:10F3300080B584B00390ADF80A10ADF808200193B1
:10F3400003980068BDF80A10BDF8082002F0E0FE3E
:10F350008DF803009DF8030004B080BD000000009C
:10F3600080B582B040F6E810C2F20040019040F251
:10F37000E811C2F2004140F28012C2F2004200F0F5
:10F3800073F840F64420C2F2004040F2FC11C2F291
:10F39000004140F2B412C2F2004200F065F840F6BB
:10F3A000A020C2F20040022100F096F8F6F790FF8C
:10F3B00001998864012081F82C0002B080BD000012
:10F3C00080B5FF200022114602F07EFC80BD0000C7
:10F3D00080B540F20C00C2F200400078012810D144
:10F3E000FFE740F21020C2F20040B0F9100010F523
:10F3F000487F06D1FFE7FF200022114602F064FC9F
:10F400002EE040F21020C2F20040B0F9100070B9B6
:10F41000FFE740F20C00C2F200400078012806D15C
:10F42000FFE7FF210022084602F04EFC17E040F201
:10F430001020C2F20040B0F91000B0F5487F0DD1A5
:10F44000FFE740F20C00C2F20040007830B9FFE75D
:10F45000FF210022104602F037FC01E0FFE7FFE742
:10F4600080BD00000000000080B584B003900291D0
:10F4700001920298039908630198039948630399DC
:10F48000002081F82C0003990887039981F82D004A
:10F49000039981F82E0003990885039948850399FB
:10F4A000C8630399086403994864039988640399BD
:10F4B000C864039981F85000039981F851000399B9
:10F4C0004865039981F85800039800F04DF804B09E
:10F4D00080BD00000000000082B001908DF8031094
:10F4E000019808B9FFE73CE000208DF80200FFE733
:10F4F0009DF8020002280DD8FFE701999DF802202F
:10F50000002041F82200FFE79DF8020001308DF84D
:10F510000200EDE79DF80300019908730198007B54
:10F52000042804D3FFE7019903200873FFE701993A
:10F53000002048730198007B38B1FFE7019940F63D
:10F54000E810C2F200400860FFE70198007B022843
:10F5500007D3FFE7019940F64420C2F2004048601B
:10F56000FFE702B07047000081B00090009820B122
:10F57000FFE70098006B08B9FFE736E00098006BE2
:10F58000807B012815D1FFE7009890ED150AB8EEB1
:10F59000400A40F21830C2F2004080ED0C0A009997
:10F5A00091F8511000EE101AB8EE400A80ED0D0AE5
:10F5B0001BE00098006B807B022815D1FFE70098C4
:10F5C00090ED150AB8EE400A40F21830C2F2004041
:10F5D00080ED0E0A009991F8511000EE101AB8EE65
:10F5E000400A80ED0F0AFFE7FFE701B07047000017
:10F5F00080B582B00190F6F76BFE0199086301991E
:10F60000086B496B401AC92805D3FFE7019901200F
:10F6100081F82E0004E00199002081F82E00FFE718
:10F6200002B080BD0000000081B000900098B0F9E9
:10F630000800B0F5487F07D1FFE740F20C01C2F2A5
:10F6400000410020087006E040F20C01C2F20041C7
:10F6500001200870FFE701B07047000000000000C3
:10F6600084B08DED020ACDED010A9DED020AB5EEE2
:10F67000400AF1EE10FA03DCFFE7002003902DE0D2
:10F68000FFE79DED010AB5EE400AF1EE10FA03DC4A
:10F69000FFE70020019010E09DED010A9FED111A97
:10F6A000B4EE410AF1EE10FA05DBFFE70020C4F2E8
:10F6B000C840019000E0FFE7FFE79DED010A9FEDE4
:10F6C000091A80EE010A8DED000A9DED020A9DEDFA
:10F6D000001A20EE010A8DED030AFFE79DED030AF3
:10F6E00004B070470000C84410B582B0009040F6E6
:10F6F000C810C2F200400078E0B1FFE70098C8B13E
:10F70000FFE7009940F6CC14C2F20044206862681A
:10F71000A368D4F80CC0D4F810E064694C61C1F857
:10F7200010E0C1F80CC08B604A60086001208DF8C1
:10F73000070003E000208DF80700FFE79DF80700B1
:10F7400002B010BD0000000080B502F0DDF942F605
:10F750005110C0F6010002F04BFA40F6C811C2F297
:10F7600000410020087040F62411C2F200410870E8
:10F7700080BD00000000000082B040F21020C2F204
:10F780000040818BADF8061090F82E008DF8050032
:10F79000BDF90610012011F5487F009007D0FFE762
:10F7A0009DF80500002818BF01200090FFE7009891
:10F7B00000F0010002B0704780B590B008A8039037
:10F7C00002F0B6F940F62410C2F20040007800289A
:10F7D0006DD0FFE740F67E50C2F20040007800286E
:10F7E00064D1FFE740F67E51C2F20041012008706B
:10F7F00040F62411C2F2004100200190087000F090
:10F8000083F80146019807910690059005A800F03D
:10F810005FFE0398BDF9141000EE101AB8EEC00A8E
:10F820009FED341A20EE010A80ED000ABDF9161092
:10F8300000EE101AB8EEC00A20EE010A80ED010AAF
:10F84000BDF9181000EE101AB8EEC00A20EE010A39
:10F8500080ED020ABDF91A1000EE101AB8EEC00AC7
:10F8600020EE010A80ED030A079840690C90079882
:10F87000006F0D900798D0F8CC000E900798D0F844
:10F8800028010F9040F65851C2F20041029108A899
:10F8900002F076F802998DF813009DF8132040F6D7
:10F8A0008400C2F20040FBF7DFFDFFE7FFE740F610
:10F8B000C810C2F200400078D0B1FFE7F6F708FDAB
:10F8C00040F6E411C2F200410968401AB0F5FA7F2F
:10F8D0000ED9FFE740F6C811C2F2004100200870BF
:10F8E00040F6CC11C2F20041086048604861FFE771
:10F8F00010B080BD5077D63D40F67E51C2F2004137
:10F90000002008707047000040F6B020C2F20040AE
:10F91000704700000000000080B582B040F6B020C3
:10F92000C2F20040019000F017FF019800F00CF9BE
:10F93000019800F0E5FF02B080BD0000000000006B
:10F9400080B582B00190019800F002F802B080BD4D
:10F9500080B590B00F900F9808B9FFE7B2E00F980C
:10F9600090ED020A02F04CFA8DED0E0A0F9890ED20
:10F97000030A02F045FA8DED0D0A0F9890ED000A8A
:10F9800002F03EFA8DED0C0A0F9890ED010A02F09C
:10F9900037FA8DED0B0A40F21020C2F200400190C0
:10F9A000B0F9200000EE100AF8EEC00A9FED460AFA
:10F9B0008DED000AFFF754FE0198B0EE401A9DED60
:10F9C000000A8DED071AB0F9200001EE100AF8EEDA
:10F9D000C10AFFF745FE01988DED060AB0F9220035
:10F9E00000EE100AF8EEC00A9FED380AFFF738FE65
:10F9F0008DED050A9DED0B0A9FED351A8DED021A6E
:10FA000080EE010AFFEE000ACDED030AB7EE001A00
:10FA10008DED041A02F0CCF99DED022ADDED030A0A
:10FA20009DED041A9DED073A20EE030A8DED0A0ABA
:10FA30009DED0D0AB1EE400A80EE020A02F0B8F91F
:10FA40009DED022ADDED030A9DED041A9DED063AB7
:10FA500020EE030A8DED090A9DED0C0AB1EE400A75
:10FA600080EE020A02F0A4F99DED051A20EE010ACB
:10FA70008DED080A40F20C00C2F200400078012827
:10FA800012D0FFE740F21020C2F2004090F82E00A2
:10FA900050B9FFE740F21020C2F20040B0F9100068
:10FAA00010F5487F05D1FFE700200A9009900890E3
:10FAB000FFE79DED0A0ADDED090A9DED081A03F046
:10FAC00013FBFFE710B080BDF90FC93FEA950A406C
:10FAD000000048440000000080B584B08DED030AAA
:10FAE000CDED020A8DED011A40F20C00C2F2004089
:10FAF0000078012805D1FFE70020039002900190D3
:10FB0000FFE740F21020C2F2004090F82E0078B9D2
:10FB1000FFE740F21020C2F20040B0F9100010F5EB
:10FB2000487F05D1FFE70020039002900190FFE796
:10FB30009DED030ADDED020A9DED011A03F0D4FAF2
:10FB400004B080BD0000000081B0009000994AF22E
:10FB50000020C3F601500865009940F61460CBF60A
:10FB60001650C1F8AC00009944F20000C3F6B6305C
:10FB7000C1F80801009946F6FA00CBF68240C1F8B8
:10FB8000640101B07047000080B586B0059005980B
:10FB9000B0B9FFE740F60071C2F200410020C8850D
:10FBA00040F68071C2F20041C88540F6C071C2F2D1
:10FBB0000041C88540F64071C2F20041C88511E19C
:10FBC000059890ED150A90F8580040F60071C2F2C1
:10FBD0000041039191F9051000F042FB0399C8859B
:10FBE000059890ED2C0A90F8B40040F68071C2F2AE
:10FBF0000041009191F9051000F032FB0099C88591
:10FC0000059890ED430A90F8100140F6C071C2F2D9
:10FC10000041019191F9051000F022FB0199C8857E
:10FC2000059890ED5A0A90F86C0140F64071C2F2C6
:10FC30000041029191F9051000F012FB009B019A1E
:10FC4000029984460398A1F82EC0B0F92E0000EE68
:10FC5000100AB8EEC00AB0EEC00A40F28C00C2F240
:10FC6000004080ED000AB3F92E3000EE103AB8EEF5
:10FC7000C00AB0EEC00A40F29803C2F2004383ED1E
:10FC8000000AB2F92E2000EE102AB8EEC00AB0EE3B
:10FC9000C00A40F29C02C2F2004282ED000AB1F9B1
:10FCA0002E1000EE101AB8EEC00AB0EEC00A40F2F4
:10FCB0009001C2F2004181ED000AD0F800C040F28C
:10FCC0009400C2F200400490C0F800C090ED000A19
:10FCD00093ED001A80FE010A80ED000A90ED000A03
:10FCE00092ED001A80FE010A80ED000A90ED000AF4
:10FCF00091ED001A80FE010A80ED000A90ED000AE5
:10FD00009FED391AB4EE410AF1EE10FA08DCFFE774
:10FD100040F20801C2F200414FF07E50086010E04E
:10FD200040F29400C2F2004090ED001A9FED2E0ABE
:10FD300080EE010A40F20800C2F2004080ED000AA5
:10FD4000FFE740F60072C2F20042B2F92E0000EE68
:10FD5000100AB8EEC00A40F20800C2F2004090ED6E
:10FD6000001A20EE010ABDEEC00A10EE101AD1856D
:10FD700040F68072C2F20042B2F92E1000EE101A64
:10FD8000B8EEC00A90ED001A20EE010ABDEEC00ADE
:10FD900010EE101AD18540F6C072C2F20042B2F9DC
:10FDA0002E1000EE101AB8EEC00A90ED001A20EEE8
:10FDB000010ABDEEC00A10EE101AD18540F640715E
:10FDC000C2F20041B1F92E2000EE102AB8EEC00AAE
:10FDD00090ED001A20EE010ABDEEC00A10EE100AE6
:10FDE000C885FFE706B080BD000048430000000062
:10FDF00080B584B003908DF80B10ADF808209DF805
:10FE00000B0003990870039903204870039802308F
:10FE1000BDF8081000F08CFA03980430012100F0BE
:10FE200087FA0398062102F047FBADF80600BDF8FB
:10FE30000600039988719DF807000399C87104B002
:10FE400080BD00000000000080B584B003908DF8F4
:10FE50000B10ADF80820ADF806309DF80B000399A3
:10FE60000870039906200090487003980230BDF88E
:10FE7000081000F05DFA03980430BDF8061000F099
:10FE800057FA0099039802F017FBADF80400BDF88B
:10FE90000400039988719DF805000399C87104B0A6
:10FEA00080BD00000000000084B0039002918DF836
:10FEB0000720039808B9FFE722E002980399086039
:10FEC00003990020009008719DF80710039A517162
:10FED0000399C8850399088603994886039981F890
:10FEE0003400039981F83500039981F836000399AD
:10FEF00081F83700039981F838000399C863FFE758
:10FF000004B070470000000080B58AB008908DF8FA
:10FF10001F1001F005FA0590089838B1FFE708981E
:10FF2000006818B1FFE7059820B9FFE700208DF8B9
:10FF3000270086E1F6F7CCF906900898007901468B
:10FF40000391062800F275810399DFE811F007009C
:10FF500012003E00BA00BE0005016E0108990020A3
:10FF600081F83400089981F835000899012008715A
:10FF700063E19DF81F0020B1FFE702208DF8270004
:10FF80005FE1089850F8061B09794FF4A042FFF78B
:10FF90002FFF0598089A911D02F10E03EC4664228A
:10FFA000CCF804202022CCF80020082201F0DCFA52
:10FFB00050B9FFE706980899C863089902200871AC
:10FFC00001208DF827003CE137E19DF81F00032850
:10FFD0003CD1FFE705990869C98A089A1268127925
:10FFE000032300F001FBA8B1FFE705980069033087
:10FFF00000F02EF9089908860899002081F834004D
:020000040801F1
:10000000089981F83600089981F83700089903208B
:10001000087114E0089991F83400013081F8340037
:10002000089890F83400032804D3FFE708990420C7
:10003000087103E0089901200871FFE7FFE70598C0
:1000400001F056F903208DF82700FAE09DF81F0013
:10005000042805D0FFE79DF81F0005282CD1FFE7F5
:10006000089991F83600013081F83600089890F828
:100070003600032805D3FFE70899012081F83700EF
:10008000FFE7089991F83400013081F834000898AE
:1000900090F83400032804D3FFE70899042008717E
:1000A00003E0089901200871FFE7059801F020F9A5
:1000B00004208DF82700C4E0FFE702208DF8270018
:1000C000BFE0089904200871B7E09DF81F0020B137
:1000D000FFE702208DF82700B3E040F65050C2F24F
:1000E00000400078022808D1FFE74FF40450ADF833
:1000F00012000020ADF8100008E042F21830ADF810
:1001000012000898C08DADF81000FFE7089850F86D
:10011000061B0979BDF81220BDF81030FFF794FED8
:100120000598089A911D02F10E03EC466422CCF862
:1001300004202022CCF80020082201F015FA50B942
:10014000FFE706980899C8630899052008710120FF
:100150008DF8270075E070E09DF81F00032834D16A
:10016000FFE705990869C98A089A12681279062377
:1001700000F03AFAC0B1FFE70899002081F8350095
:10018000089981F83600089981F8370040F65050F8
:10019000C2F200400078022805D1FFE7089901204B
:1001A00081F83800FFE706E0089991F83500013042
:1001B00081F83500FFE7059801F09AF808990620C4
:1001C000087103208DF827003BE09DF81F000428EC
:1001D00005D0FFE79DF81F00052821D1FFE708990A
:1001E00091F83600013081F83600089890F8360012
:1001F000032805D3FFE70899012081F83700FFE7BE
:10020000089991F83500013081F83500059801F022
:100210006FF808990620087104208DF8270010E077
:10022000FFE702208DF827000BE0089900200871F5
:1002300003E0089900200871FFE700208DF82700EF
:10024000FFE79DF827000AB080BD00000000000015
:1002500081B000900098008840BA01B0704700005B
:1002600086B08DED050A8DF813008DF812109DED06
:10027000050AB5EE400AF1EE10FA07DAFFE79DED48
:10028000050AB1EE400A8DED050AFFE79DED050A6E
:100290009DF81300BFEE002AB7EE001A002801FEF9
:1002A000021A20EE010A8DED030A9DED030A9FED6F
:1002B0001E1A20EE010A9FED1D1A80EE010A8DED37
:1002C000020A9DF9120000EE100AB8EEC01A9DED68
:1002D000020A20EE010A8DED020A9DED020AB5EE3A
:1002E000400AF1EE10FA0CDBFFE79DED020AB6EED4
:1002F000001A30EE010ABDEEC00A10EE100A00909E
:100300000BE09DED020ABEEE001A30EE010ABDEED2
:10031000C00A10EE100A0090FFE700980190BDF9A6
:10032000040006B0704700BF000070423B46F13E3B
:1003300082B00190ADF802109DF803000199087099
:10034000BDF802000199487002B07047000000003B
:1003500081B00090009820B1FFE70098007C08B9B8
:10036000FFE709E000990A7C487C431CB3FBF2F0EC
:1003700000FB12304874FFE701B070470000000036
:1003800083B002908DF80710029808B9FFE740E0AB
:1003900000208DF80600FFE79DF8060003280DD821
:1003A000FFE702999DF80620002041F82200FFE7B0
:1003B0009DF8060001308DF80600EDE79DF8070076
:1003C000052803D3FFE70420009003E09DF8070011
:1003D0000090FFE700980299087402990020487481
:1003E000029940F60070C2F200400860029940F69F
:1003F0008070C2F200404860029940F6C070C2F2BC
:1004000000408860029940F64070C2F20040C86027
:10041000FFE703B07047000080B586B005908DF807
:10042000131000F07DFF0190059820B1FFE70598BB
:10043000007C08B9FFE747E00598017C407C8842D2
:1004400004DBFFE7059900204874FFE70598417C2D
:1004500050F821000390039820B9FFE70598FFF7B3
:1004600077FF31E09DF8130003280AD0FFE79DF8DD
:100470001300042805D0FFE79DF8130005280ED1CE
:10048000FFE703980079022809D0FFE70398007975
:10049000052804D0FFE7019800F02AFF14E0039834
:1004A0009DF81310FFF730FD8DF80B009DF80B0041
:1004B000032805D0FFE79DF80B00042804D1FFE7CF
:1004C0000598FFF745FFFFE706B080BD000000007C
:1004D00081B00090009808B9FFE71CE040F600707A
:1004E000C2F20040C08D0099088040F68070C2F2D0
:1004F0000040C08D0099488040F6C070C2F20040B4
:10050000C08D0099888040F64070C2F20040C08DD6
:100510000099C880FFE701B07047000000000000AC
:1005200080B584B040F65051C2F2004103200870FB
:10053000F5F7CEFE40F65451C2F20041086040F695
:100540000070C2F20040029040F2A001C2F20041ED
:1005500001220392FFF7A8FC039A40F68070C2F2D2
:10056000004040F20011C2F20041FFF79DFC40F64E
:10057000C070C2F2004040F23011C2F200414FF0B0
:10058000FF320192FFF790FC019A40F64070C2F2F0
:10059000004040F2D001C2F20041FFF785FC41F279
:1005A0000000C2F200400421FFF7EAFE029903981E
:1005B000087104B080BD000080B584B0039000F0E5
:1005C000AFFE0290029800F013FF8DF80700039829
:1005D000FFF7DAFA9DF8071041F20000C2F200407E
:1005E000FFF71AFF04B080BD80B584B00290ADF86B
:1005F00006108DF805208DF804309DF804000328BE
:1006000004D1FFE70720ADF8020003E00820ADF8B1
:100610000200FFE7BDF80600BDF80210884204DAC8
:10062000FFE700208DF80F0032E00298BDF80610B9
:1006300001F042FFADF80000BDF8000020B1FFE777
:1006400000208DF80F0023E0029800789DF8051037
:10065000884204D0FFE700208DF80F0018E00298D0
:1006600040780006002804D5FFE700208DF80F0031
:100670000EE0029840789DF80410884204D0FFE70D
:1006800000208DF80F0003E001208DF80F00FFE738
:100690009DF80F0004B080BD80B58AB000200190A5
:1006A000099008900790069005900490039002909E
:1006B0004FF08041029103900221049101210591A4
:1006C0000690079040F2C040C2F2004002A9F4F741
:1006D000ABFA08B1FFE71FE068460123036040F270
:1006E000C040C2F2004000221146F4F729FB08B1D5
:1006F000FFE711E040F2C040C2F20040F5F730FBE6
:1007000008B1FFE708E040F2C040C2F200400D210E
:100710000022F4F799F9FFE70AB080BD000000005D
:1007200080B582B001908DF803108DF802200198F9
:1007300008B9FFE70CE001985C21EFF73CFF9DF85A
:100740000300019908709DF8020001994870FFE7C5
:1007500002B080BD0000000080B584B00390039813
:1007600008B9FFE729E003984FF4C271EFF723FFC0
:100770000398002180F88011039840F62012C2F2FD
:1007800000421060039801220092FFF7C9FF009910
:1007900003985C3002220192FFF7C2FF019903988F
:1007A000B83003220292FFF7BBFF0299039800F5CD
:1007B0008A700422FFF7B4FFFFE704B080BD000099
:1007C00080B58CB00A900991099820B9FFE7002004
:1007D0008DF82F0056E068462421EFF7ECFE0A98CA
:1007E00000904FF08040019000200290082103917A
:1007F0000490059006900790089040F27C11C2F298
:10080000004108680130086040F2C040C2F2004078
:10081000F4F77EFC58B9FFE740F27411C2F20041D0
:1008200008680130086000208DF82F002AE0099A3E
:1008300040F2C040C2F200406946F4F785F958B969
:10084000FFE740F27011C2F2004108680130086011
:1008500001208DF82F0015E040F26C11C2F200412A
:1008600008680130086040F2C040C2F20040F4F76E
:10087000A3FA40F27811C2F20041086000208DF81E
:100880002F00FFE79DF82F000CB080BD0000000096
:1008900080B588B00790079808B9FFE72DE00020E1
:1008A0008DF81B00FFE79DF81B00032825DCFFE700
:1008B000079A9DF81B005C2110FB01200390F5F7BF
:1008C00007FD02900399487891ED010A0DF113019B
:1008D000009102F0B5F9009901900198FFF770FFBF
:1008E00020B1FFE702980399C860FFE7FFE79DF892
:1008F0001B0001308DF81B00D5E708B080BD00005B
:1009000080B588B00790079808B9FFE7EAE00020B3
:100910008DF81B00FFE79DF81B00032800F3DD8026
:10092000FFE7079A9DF81B005C2110FB0120039054
:10093000039840788DF80B00079800F0FDF89DF8BB
:100940000B000DF11301009102F092F9009B019050
:1009500007980399019A00F0CBF8079800F0ECF89B
:1009600000999DF80B0002F0FFF8009B019007989A
:100970000399019A00F0BCF8079800F0DDF800999F
:100980009DF80B0002F004F9009B01900798039971
:10099000019A00F0ADF8079800F0CEF8009A9DF8A3
:1009A0000B00032102F01CF9009B019007980399AA
:1009B000019A00F09DF8079800F0BEF800999DF8A4
:1009C0000B00B3EE040A02F0B3F9009B0190079804
:1009D0000399019A00F08CF8079800F0ADF800999F
:1009E0009DF80B009FED400A02F0A6F8009B0190D5
:1009F00007980399019A00F07BF8079800F09CF89B
:100A000000999DF80B00039A92ED140A02F018F970
:100A1000009B019007980399019A00F069F80399E7
:100A20000020C4F2A010886403990020C4F2C820FA
:100A3000C86403990020C4F23430C863079800F0FA
:100A40007BF800999DF80B00039A92ED0F0A02F0D3
:100A500057F9009B019007980399019A00F048F814
:100A600003990020C4F216304864079800F064F837
:100A700000999DF80B00039A92ED110A02F0C8F854
:100A8000009B019007980399019A00F031F80798AC
:100A900000F052F8009A9DF80B00012102F060F975
:100AA000009B019007980399019A00F021F807989C
:100AB00000F042F800999DF80B0002F0F9F8009B55
:100AC000019007980399019A00F012F8FFE79DF84A
:100AD0001B0001308DF81B001DE70799002081F8ED
:100AE0008001FFE708B080BD0000C84200000000A0
:100AF00080B586B004900391029201930298019907
:100B0000FFF75EFE20B9FFE700208DF817000DE02B
:100B1000F5F7DEFB009000980399C86000980499EF
:100B2000C1F87C0101208DF81700FFE79DF8170040
:100B300006B080BD0000000080B582B00190FFE7E4
:100B4000F5F7C6FB0199D1F87C11401A08B9FFE707
:100B5000F6E702B080BD000082B08DF8030040F6D9
:100B60002010C2F20040006818B9FFE70020019091
:100B70002EE000208DF80200FFE79DF80200032818
:100B800023DCFFE740F62010C2F2004002689DF827
:100B900002005C2110FB012040789DF80310884280
:100BA0000CD1FFE740F62010C2F2004002689DF829
:100BB00002005C2110FB0120019009E0FFE79DF895
:100BC000020001308DF80200D7E700200190FFE716
:100BD000019802B07047000080B584B00390029184
:100BE0000398B0F9000000EE100AB8EEC00A0298AF
:100BF000D0ED000A9FED1E1A8DED011A01F0C4FA26
:100C00009DED011A029880ED000A0398B0F90200E8
:100C100000EE100AB8EEC00A0298D0ED010A01F009
:100C2000B3FA9DED011A029880ED010A0398B0F91C
:100C3000040000EE100AB8EEC00A0298D0ED020AD5
:100C400001F0A2FA9DED011A029880ED020A0398C4
:100C5000B0F9060000EE100AB8EEC00A0298D0ED16
:100C6000030A01F091FA029880ED030A04B080BDF6
:100C7000310C433D0000000080B582B0019040F28D
:100C8000F070C2F2004000900268516841F4002107
:100C90005160026810211162026808211162026825
:100CA0000221116202680421116240F25C21C2F249
:100CB00000413222F8F7A4FF0098D0F880000068C5
:100CC0001021C4F20201884200F0D180FFE740F217
:100CD000F070C2F20040D0F8800000682821C4F211
:100CE0000201884200F0C380FFE740F2F070C2F2D8
:100CF0000040D0F8800000684021C4F20201884220
:100D000000F0B580FFE740F2F070C2F20040D0F88A
:100D1000800000685821C4F20201884200F0A780D8
:100D2000FFE740F2F070C2F20040D0F880000068A7
:100D30007021C4F20201884200F09980FFE740F27E
:100D4000F070C2F20040D0F8800000688821C4F240
:100D50000201884200F08B80FFE740F2F070C2F29F
:100D60000040D0F880000068A021C4F2020188424F
:100D70007DD0FFE740F2F070C2F20040D0F8800072
:100D80000068B821C4F20201884270D0FFE740F247
:100D9000F070C2F20040D0F88000006840F21041CC
:100DA000C4F20201884262D0FFE740F2F070C2F262
:100DB0000040D0F88000006840F22841C4F20201EF
:100DC000884254D0FFE740F2F070C2F20040D0F801
:100DD0008000006840F24041C4F20201884246D0DF
:100DE000FFE740F2F070C2F20040D0F880000068E7
:100DF00040F25841C4F20201884238D0FFE740F285
:100E0000F070C2F20040D0F88000006840F27041FB
:100E1000C4F2020188422AD0FFE740F2F070C2F229
:100E20000040D0F88000006840F28841C4F202011E
:100E300088421CD0FFE740F2F070C2F20040D0F8C8
:100E40008000006840F2A041C4F2020188420ED046
:100E5000FFE740F2F070C2F20040D0F88000006876
:100E600040F2B841C4F2020188420CD1FFE740F2DF
:100E7000F070C2F20040D0F880000168086820F0ED
:100E8000080008600BE040F2F070C2F20040D0F8B9
:100E900080000168086820F004000860FFE70199FD
:100EA000012081F82E000199002088630199C86310
:100EB00001990864019948640199886402B080BD71
:100EC00080B58CB0ADF82E00BDF82E001928C0F00A
:100ED0000B81FFE740F25C20C2F200400DF10E01F1
:100EE00000F08EFC002800F0E680FFE7F5F7F0F94F
:100EF00040F21021C2F20041486300208DF80D003D
:100F0000FFE79DF80D000F2813D8FFE79DF80D208F
:100F10000DF10E0030F8120040F2A021C2F20041A3
:100F200021F81200FFE79DF80D0001308DF80D004B
:100F3000E7E7F5F7CDF940F21021C2F200418863EE
:100F4000886BC96B88420BD0FFE740F21021C2F2D8
:100F50000041886BCA6B801A0864886BC863FFE71E
:100F6000BDF80E00A0F5787040F21021C2F20041E9
:100F700002910880BDF81000A0F578704880BDF897
:100F80001200A0F578708880BDF81400A0F5787084
:100F9000C880BDF81E00C0380884BDF82000C038E5
:100FA0004884BDF81600C0F578700881BDF81800B7
:100FB000C0F578704881BDF81A00C0F57870888156
:100FC000BDF81C00C0F57870C88100208DF80C00B9
:100FD000FFE79DF80C0003284DD8FFE79DF80C10A3
:100FE00040F21020C2F2004000EB8102118A5182CF
:100FF0009DF80C1000EB4100B0F90800B0F5C87F77
:101000000CDBFFE79DF80C1040F21020C2F200400C
:1010100000EB81014FF44870088225E09DF80C1028
:1010200040F21020C2F2004000EB4100B0F908008D
:1010300010F5C87F0CDCFFE79DF80C1040F2102083
:10104000C2F2004000EB81014FF6E04008820AE066
:101050009DF80C1040F21020C2F2004000EB81011C
:1010600000200882FFE7FFE7FFE79DF80C00013052
:101070008DF80C00ADE740F21020C2F20040019064
:1010800040F29021C2F20041FFF7A6FD0198406CAA
:1010900010F1FF0F07D3FFE740F21021C2F2004129
:1010A00000204864FFE740F21021C2F20041486C82
:1010B0000130486417E040F21020C2F20040806C1A
:1010C00010F1FF0F07D3FFE740F21021C2F20041F9
:1010D00000208864FFE740F21021C2F20041886CD2
:1010E00001308864FFE7FFE740F2F070C2F2004091
:1010F0000090F9F73DF8009840F25C21C2F20041FF
:101100003222F8F77DFD0098D0F8800000681021A9
:10111000C4F20201884200F0D180FFE740F2F07093
:10112000C2F20040D0F8800000682821C4F2020119
:10113000884200F0C380FFE740F2F070C2F2004046
:10114000D0F8800000684021C4F20201884200F01B
:10115000B580FFE740F2F070C2F20040D0F88000A6
:1011600000685821C4F20201884200F0A780FFE71E
:1011700040F2F070C2F20040D0F8800000687021A8
:10118000C4F20201884200F09980FFE740F2F0705B
:10119000C2F20040D0F8800000688821C4F2020149
:1011A000884200F08B80FFE740F2F070C2F200400E
:1011B000D0F880000068A021C4F2020188427DD0EE
:1011C000FFE740F2F070C2F20040D0F88000006803
:1011D000B821C4F20201884270D0FFE740F2F070FB
:1011E000C2F20040D0F88000006840F21041C4F222
:1011F0000201884262D0FFE740F2F070C2F2004084
:10120000D0F88000006840F22841C4F20201884210
:1012100054D0FFE740F2F070C2F20040D0F88000F6
:10122000006840F24041C4F20201884246D0FFE724
:1012300040F2F070C2F20040D0F88000006840F246
:101240005841C4F20201884238D0FFE740F2F07002
:10125000C2F20040D0F88000006840F27041C4F251
:10126000020188422AD0FFE740F2F070C2F200404B
:10127000D0F88000006840F28841C4F20201884240
:101280001CD0FFE740F2F070C2F20040D0F88000BE
:10129000006840F2A041C4F2020188420ED0FFE78C
:1012A00040F2F070C2F20040D0F88000006840F2D6
:1012B000B841C4F2020188420CD1FFE740F2F0705D
:1012C000C2F20040D0F880000168086820F00800F1
:1012D00008600BE040F2F070C2F20040D0F88000ED
:1012E0000168086820F004000860FFE70CB080BDCA
:1012F00080B582B00190019870B1FFE7019900209C
:101300000871019981F82800019981F82900F4F702
:10131000DFFF01994862FFE702B080BD00000000D6
:1013200040F2EC20C2F200407047000000000000D4
:1013300080B540F2EC20C2F2004040F2C861C2F237
:10134000004100F021F880BD81B000900098B8B154
:10135000FFE70098007901280AD0FFE7009800799C
:10136000022805D0FFE70099012081F8290007E055
:101370000099012081F82800009904200871FFE7F6
:1013800001B070470000000084B002900191029803
:1013900018B1FFE7019820B9FFE701208DF80F0091
:1013A00022E00198029908600299002000900871DB
:1013B000029988600299888102990861029988825D
:1013C0000299C882029988610299C861029981F8DC
:1013D000200002994862029981F82800029981F858
:1013E00029008DF80F00FFE79DF80F0004B070474B
:1013F00080B584B00290029820B9FFE700208DF8F4
:101400000F0029E0F4F764FF0190029800790128A9
:1014100005D0FFE702980079022818D1FFE701986C
:10142000029A9169D269801A88420FD9FFE702981F
:101430000068F8F739FF02980068F8F799FE0298FB
:10144000019900F00DF88DF80F0005E0FFE7029814
:1014500000798DF80F00FFE79DF80F0004B080BD04
:1014600080B584B002900191029860B1FFE70298C4
:10147000006840B1FFE70298806820B1FFE702985A
:10148000808978B9FFE7029840B1FFE7029905200B
:1014900008710299012081F82900FFE705208DF8E5
:1014A0000F003AE0029991F82000013081F8200005
:1014B000029890F82000032806D3FFE70299042041
:1014C00008718DF80F0028E002990020C882029967
:1014D00081F82800029981F8290001980299C861D1
:1014E000029901200871029A106891689289FAF7AE
:1014F0003FF88DF803009DF8030050B1FFE7029913
:1015000005200871029A012182F829108DF80F0038
:1015100003E001208DF80F00FFE79DF80F0004B0F5
:1015200080BD00000000000080B582B00190ADF8E1
:1015300002100198B0B1FFE701980079022805D0A8
:10154000FFE70199012081F829000BE0BDF80200B6
:101550000199C882019903200871F4F7B9FE019935
:101560004862FFE702B080BD80B588B084460B9822
:101570000A98CDF818C00591ADF812200393ADF884
:101580000A00069890B1FFE70698006870B1FFE77F
:10159000059858B1FFE7BDF8120038B1FFE703988E
:1015A00020B1FFE7BDF80A0020B9FFE701208DF860
:1015B0001F0053E00698007920B1FFE702208DF864
:1015C0001F004BE0F4F784FE019001980699496AE8
:1015D000401A20B9FFE702208DF81F003EE0059871
:1015E00006998860BDF812000699888103980699CB
:1015F0000861BDF80A000699888206990020C88211
:101600000B99069A91610199069AD161069981F820
:101610002000069981F82800069981F8290006998A
:1016200001200871069800680599BDF81220F9F7A5
:101630009FFF8DF809009DF8090058B1FFE7069952
:10164000002008710699012081F8290004208DF8F6
:101650001F0003E000208DF81F00FFE79DF81F002A
:1016600008B080BD0000000010B58AB084460E9816
:101670000D980C98CDF820C00791ADF81A2005936D
:10168000ADF812000D9900200880FFE7089807992F
:10169000BDF81A20059BBDF812C00E9CEE46CEF890
:1016A0000440CEF800C0FFF75FFF8DF81100FFE7A0
:1016B0009DF811000228E9D0FFE79DF8110028B13C
:1016C000FFE79DF811008DF8270049E0F4F700FED0
:1016D000039003980E99084400F57A700290FFE792
:1016E0000898FFF785FE8DF810009DF8100003287C
:1016F00010D1FFE70898C08A0D9908800898FFF775
:10170000F7FD0D9801880520002918BF00208DF8ED
:10171000270025E09DF81000042807D1FFE708986E
:10172000FFF7E6FD03208DF8270019E09DF8100073
:10173000052807D1FFE70898FFF7DAFD04208DF8A8
:1017400027000DE0FFE7F4F7C3FD02998842C7D3F5
:10175000FFE70898FFF7CCFD03208DF82700FFE78F
:101760009DF827000AB010BD80B582B001900198A5
:1017700020B1FFE70198006808B9FFE73BE0019856
:101780000079012805D0FFE70199012081F829009F
:1017900031E00198006920B1FFE70198808A40B9E3
:1017A000FFE70199052008710199012081F82900BE
:1017B00021E0019800680168102008620198006823
:1017C000016808200862019A10681169928AF8F786
:1017D0006FFA8DF803009DF8030020B9FFE7019927
:1017E0000220087107E00199052008710199012084
:1017F00081F82900FFE702B080BD00000000000072
:1018000083B001900091019800780F2804D1FFE780
:101810000198007E20B1FFE700208DF80B00A9E0C1
:1018200001994878897840EA01206FF3DF20009918
:10183000088001998878C978C00840EA41106FF3A0
:10184000DF20009948800199C8780A794979800990
:1018500040EA820040EA81206FF3DF20009988800F
:10186000019948798979400840EAC1106FF3DF2077
:101870000099C88001998879C979000940EA011066
:101880006FF3DF20009908810199C8790A7A497AB3
:10189000C00940EA420040EA41206FF3DF2000998E
:1018A00048810199487A897A800840EA81106FF36B
:1018B000DF20009988810199887AC97A400940EA35
:1018C000C1000099C8810199087B497B40EA012049
:1018D0006FF3DF20009908820199487B897BC0085B
:1018E00040EA41106FF3DF20009948820199887B1C
:1018F000CA7B097C800940EA820040EA81206FF3BC
:10190000DF20009988820199087C497C400840EAE0
:10191000C1106FF3DF200099C8820199487C897C4F
:10192000000940EA01106FF3DF2000990883019954
:10193000887CCA7C097DC00940EA420040EA412017
:101940006FF3DF20009948830199087D497D800865
:1019500040EA81106FF3DF20009988830199487D68
:10196000897D400940EAC1000099C88301208DF8B3
:101970000B00FFE79DF80B0003B07047000000006C
:1019800080B584B0039002910299552008700299A5
:10199000AA20487002992620009088700299812020
:1019A000C8700299039800684860029903984068DB
:1019B0008860029903988068C86002990398C0689B
:1019C0000861029903980069486102990398406987
:1019D0008861029903988069C86102990398C06977
:1019E000086202980230222100F012F801460098A5
:1019F000ADF80610BDF80610029A82F824109DF882
:101A00000710029A82F8251004B080BD0000000083
:101A100083B00290ADF806100020ADF80400ADF8D8
:101A20000200FFE7BDF80200BDF80610884236DA72
:101A3000FFE70298BDF80210415CBDF8040080EA9F
:101A40000120ADF8040000208DF80100FFE79DF8AB
:101A5000010007281CD8FFE7BDF804000004002897
:101A600009D5FFE7BDF8041041F2210080EA4100EA
:101A7000ADF8040005E0BDF804004000ADF8040036
:101A8000FFE7FFE79DF8010001308DF80100DEE778
:101A9000FFE7BDF802000130ADF80200C2E7BDF873
:101AA000040003B07047000080B582B00190ADF82B
:101AB0000210BDF8020008B9FFE721E0BDF80200FE
:101AC000B0F5807F05D9FFE74FF48070ADF80200D4
:101AD000FFE70199BDF8022040F63540C2F2004010
:101AE000EEF7F2FCBDF8020040F63651C2F20041BA
:101AF000088040F63441C2F2004101200870FFE73F
:101B000002B080BD0000000040F63D51C2F200412D
:101B10000020087040F63441C2F20041087040F6DF
:101B20003651C2F2004108807047000000000000FA
:101B300080B588B000208DF8020040F63440C2F233
:101B40000040007820B9FFE700208DF81F004BE02F
:101B500040F63650C2F20040018840F63540C2F2ED
:101B6000004001AA00F020FF70B3FFE700208DF8CD
:101B70000300FFE79DF8030040F63D51C2F200412B
:101B8000097888421CDAFFE79DF8031040F64050C0
:101B9000C2F2004050F8210058B1FFE79DF8031051
:101BA00040F64050C2F2004050F8211001A888478A
:101BB000FFE7FFE79DF8030001308DF80300D9E748
:101BC00001208DF80200FFE740F63441C2F20041E7
:101BD0000020087040F63651C2F2004108809DF89E
:101BE00002008DF81F00FFE79DF81F0008B080BDC0
:101BF00081B000900098B8B1FFE740F63D50C2F2C6
:101C00000040007803280FD8FFE7009840F63D53C6
:101C1000C2F200431A78511C197040F64051C2F2CA
:101C2000004141F82200FFE701B0704700000000CA
:101C3000D0B502AFA2B047F80C0C07F80D1C4FF05E
:101C4000FF4047F8780C17F80D1C684647F87C0CE5
:101C5000072000EB810020F007026846801A47F851
:101C60008C0C85468A0047F8882C47F8801C57F86A
:101C70000C1C17F80D2C9200EEF76BFC57F88C1C1F
:101C800057F8882CA7F1710047F8840CEEF71CFC7C
:101C900057F8841C17F80D2C57F8780C41F82200DF
:101CA00017F80D2C042000EB820240F23460C2F2DF
:101CB00000406423F9F72CFB57F87C0C8546A7F10C
:101CC0000804A546D0BD000080B588B08DF81F007F
:101CD0008DF81E108DF81D2000208DF80400009056
:101CE000FFE70098072828DCFFE79DF81E00009B0F
:101CF000D840C10760200029024618BF78220DF1A4
:101D00000501CB1ADA719DF81F20009BDA40D2073B
:101D1000002A024618BF7822CB1ADA739DF81D30CC
:101D2000009AD340DB07002B18BF7820891AC875AA
:101D3000FFE7009801300090D3E740F26050C2F214
:101D4000004001A900224FF6FF73F7F7D1F9FFE732
:101D500040F26050C2F2004090F88100012801D0AA
:101D6000FFE7F5E740F26050C2F200400DF10501D7
:101D700018224FF6FF73F7F7BBF900200090FFE73A
:101D8000009863280FDCFFE740F26050C2F2004089
:101D900001A901224FF6FF73F7F7AAF9FFE70098B0
:101DA00001300090ECE708B080BD000000000000AA
:101DB00084B08DED020ACDED010A8DED001A9DED86
:101DC000020A9DED011AB4EE410AF1EE10FA03DAAF
:101DD000FFE7019803900FE09DED020A9DED001AC8
:101DE000B4EE410AF1EE10FA03DDFFE7009803902C
:101DF00002E002980390FFE79DED030A04B07047EC
:101E000082B08DED000A9DED000A9FED0E1AB4EE32
:101E1000410AF1EE10FA0DDBFFE79DED000A9FEDA0
:101E20000A1AB4EE410AF1EE10FA03DCFFE70020D3
:101E3000019002E000980190FFE79DED010A02B0D9
:101E4000704700BF000016C30000164300000000EA
:101E500085B0049003918DF80B200193049808B984
:101E6000FFE71AE00398049908609DF80B000499B5
:101E70000871019818B9FFE76420009002E001980A
:101E80000090FFE700980499886004990020087387
:101E9000049948730499C885FFE705B070470000AE
:101EA00085B004900391ADF80A20049818B1FFE7BB
:101EB000039808B9FFE72CE0BDF80A00212803D3F6
:101EC000FFE72020009003E0BDF80A000090FFE744
:101ED0000098ADF808000020ADF80600FFE7BDF857
:101EE0000600BDF8081088420EDAFFE70398BDF837
:101EF0000620805C049911448873FFE7BDF8060052
:101F00000130ADF80600EAE7BDF808000499C8857D
:101F1000FFE705B07047000080B584B00290ADF8CF
:101F20000610BDF80600022804D3FFE701208DF853
:101F30000F0009E00298BDF806204FF4045100F0AC
:101F400013F88DF80F00FFE79DF80F0004B080BD77
:101F500080B582B00190019842F20211012200F096
:101F600003F802B080BD000080B586B00490ADF8E3
:101F70000E10ADF80C20049820B1FFE7049800681B
:101F800020B9FFE701208DF817002BE0049900200D
:101F9000C885DDF810C0DCF800009CF80410BDF81E
:101FA0000E20BDF80C30DCF808C0EE46CEF800C0BC
:101FB00000F026FC8DF80B009DF80B0068B9FFE7D8
:101FC0000499062008730499002048730498026855
:101FD0001169D28AFFF764FFFFE79DF80B008DF8C7
:101FE0001700FFE79DF8170006B080BD0000000055
:101FF00085B0049003918DF80B200193049808B9E3
:10200000FFE71AE00398049908609DF80B00049913
:102010000871019818B9FFE76420009002E0019868
:102020000090FFE7009804998860049900200873E5
:10203000049948730499C885FFE705B0704700000C
:1020400080B586B00490ADF80E100292049838B1B5
:10205000FFE70498006818B1FFE7029820B9FFE78E
:1020600001208DF8170024E004990020C885DDF8D0
:1020700010C0DCF800009CF80410BDF80E20029B94
:10208000DCF808C0EE46CEF800C000F0B1FA8DF8DA
:1020900007009DF8070038B9FFE70499032008738B
:1020A000049900204873FFE79DF807008DF817009A
:1020B000FFE79DF8170006B080BD0000000000009B
:1020C00080B584B00290ADF80610ADF804200298F7
:1020D000BDF8062040F2193100F01AF88DF803001F
:1020E0009DF8030028B1FFE79DF803008DF80F006D
:1020F00009E00298BDF8042040F21B3100F008F816
:102100008DF80F00FFE79DF80F0004B080BD0000C0
:1021100080B586B00490ADF80E10ADF80C20049890
:1021200020B1FFE70498006820B9FFE701208DF88F
:10213000170025E004990020C885DDF810C0DCF800
:1021400000009CF80410BDF80E20BDF80C30DCF83F
:1021500008C0EE46CEF800C000F052FB8DF80B0030
:102160009DF80B0038B9FFE704990620087304991D
:1021700000204873FFE79DF80B008DF81700FFE77C
:102180009DF8170006B080BD83B08DED020ACDED3D
:10219000010A8DED001A9DED001A9DED022AB7EEA1
:1021A000000A30EE410A9DED013A20EE030AA1EE4D
:1021B000020A03B07047000080B596B00020159069
:1021C000F4F79EF8FAF7C4F9F9F7FEFAF9F7A0FA6E
:1021D000F9F752FEF9F7A4FDF9F74EFCF9F700FE06
:1021E000F9F7FAFBF9F78CFBF9F7AEFAF9F7C4FB4C
:1021F000EEF74EFB18B9FFE7EFF706F9FFE740F2FD
:10220000C020C2F20040029040F25C71C2F2004174
:10221000FFF7BAF8029940F28010C2F20040049031
:1022200001220D9264230893FFF7E2FE0299089BB6
:1022300040F2B410C2F20040059002220692FFF76D
:10224000D7FEC8200990F2F7DBFB04990D9B40F202
:10225000E810C2F2004000220392FCF76DFF039ADF
:102260000599069B40F2FC10C2F20040FCF764FFA7
:102270000498FCF7FDFF0598FCF7FAFF049840F27C
:102280000E01C2F20041FDF70BF8059840F2120171
:10229000C2F20041FDF704F840F21020C2F2004003
:1022A000FEF7EAFCFDF75CF8FDF78AF8FEF7F4F9B3
:1022B000FFF73EF8089B0D9A40F2A000C2F20040E2
:1022C0000A9040F2EC21C2F200410791FFF7C0FDF5
:1022D000069A0799089B40F20010C2F200400B904A
:1022E000FFF7B6FD0799089B40F23010C2F200409C
:1022F0000C900322FFF7ACFD0799089B40F2D00039
:10230000C2F200400E900422FFF7A2FD0998F2F7F6
:1023100077FB0A98FFF71CFE0B98FFF719FE0C9845
:10232000FFF716FE0E98FFF713FE0D990A98FFF7B8
:10233000F3FD0D990B98FFF7EFFD0D990C98FFF742
:10234000EBFD0D990E98FFF7E7FDFEF7E9F8FDF7B5
:10235000E3FAFDF7F9F940F2E850C2F20040F7F76E
:102360001BFA18B1FFE7EFF74FF8FFE70020C5F6BB
:10237000020001210022F3F793FFFFE740F2102053
:10238000C2F200400190FDF733F90198FDF74CF9D6
:10239000FDF712FAFDF7F0F9C0B1FFE70FA8FDF75E
:1023A000A3F948B1FFE79DED0F0ADDED100A9DEDA1
:1023B000141AFDF791FB08E09FED111AB0EE410AE7
:1023C000F0EE410AFDF788FBFFE706E040F29020BF
:1023D000C2F20040FDF7B4FAFFE7EEF70DFA40F65F
:1023E0001811C2F200410860F3F772FF40F61C11A9
:1023F000C2F200410860EEF753F9FCF7E9FFBDE7D0
:10240000000000000000000080B582B00190ADF82F
:1024100002100198BDF8021000F04EF8ADF800006F
:10242000BDF800000199BDF8022088549DF8010014
:10243000019ABDF802101144487002B080BD00003E
:1024400080B584B00290ADF80610029828B1FFE77D
:10245000BDF80600032804D8FFE707208DF80F0019
:1024600023E00298BDF80610023989B200F024F882
:10247000ADF804000299BDF80600014411F8020C01
:1024800011F8011C40EA0120ADF80200BDF804007B
:10249000BDF80210884204D0FFE703208DF80F003A
:1024A00003E000208DF80F00FFE79DF80F0004B057
:1024B00080BD00000000000084B00290ADF806105E
:1024C0004FF6FF70ADF80400029820B9FFE7002036
:1024D000ADF80E0043E00020ADF80200FFE7BDF8C4
:1024E0000200BDF80610884234DAFFE70298BDF812
:1024F0000210415CBDF804004840ADF80400002023
:102500008DF80100FFE79DF8010007281BD8FFE7C1
:10251000BDF80400C00748B1FFE7BDF804104AF257
:10252000010080EA5100ADF8040005E0BDF80400A8
:102530004008ADF80400FFE7FFE79DF80100013017
:102540008DF80100DFE7FFE7BDF802000130ADF8CC
:102550000200C4E7BDF80400ADF80E00FFE7BDF8C7
:102560000E0004B07047000081B000900098008811
:1025700040BA01B07047000082B08DF806009DF8A7
:10258000060001460091052819D80099DFE801F0FE
:10259000030B1307170F00208DF8070013E002202C
:1025A0008DF807000FE001208DF807000BE00720F1
:1025B0008DF8070007E008208DF8070003E00220EF
:1025C0008DF80700FFE79DF8070002B07047000094
:1025D00082B00190ADF802109DF8030001990870D7
:1025E000BDF802000199487002B070470000000079
:1025F00080B594B0DDF858C012908DF84710ADF852
:10260000442010930020ADF816008DF813001298A6
:1026100018B1FFE7109820B9FFE701208DF84F00AF
:1026200075E09DF8470028B1FFE79DF84700F828BE
:1026300004D3FFE701208DF84F0068E09DF84700C4
:102640008DF8380003208DF839000EA80390023071
:10265000BDF84410FFF7BCFF039804300121FFF7D9
:10266000B7FF03980621FFF7CFFE03991298169A39
:102670006B469A600DF116025A6020221A600822F9
:1026800006ABFEF7F1FF8DF815009DF81500FFF77A
:1026900073FF8DF814009DF8140028B1FFE79DF832
:1026A00014008DF84F0032E0BDF816109DF8472059
:1026B0006B460DF11300186006A8032300F02CF8F8
:1026C0008DF814009DF8140028B1FFE79DF8140060
:1026D0008DF84F001BE0BDF81600072804D0FFE777
:1026E00007208DF84F0012E09DF81A00022804D050
:1026F000FFE707208DF84F0009E006A80330FFF739
:1027000033FF1099088000208DF84F00FFE79DF8F7
:102710004F0014B080BD000080B584B0DDF818C053
:102720000290ADF806108DF805208DF8043002985F
:1027300028B1FFE7BDF80600032804D8FFE707200B
:102740008DF80F0058E00298BDF80610FFF778FEEC
:102750008DF803009DF8030028B1FFE79DF8030002
:102760008DF80F0048E0029840780006002829D52F
:10277000FFE7BDF80600052809D1FFE70298407879
:102780009DF8041041F08001884204D0FFE7052045
:102790008DF80F0030E0029800789DF8051088420F
:1027A00004D0FFE704208DF80F0025E0069828B13B
:1027B000FFE70298807806990870FFE706208DF8F9
:1027C0000F0019E0029800789DF80510884204D0A7
:1027D000FFE704208DF80F000EE0029840789DF886
:1027E0000410884204D0FFE705208DF80F0003E0B5
:1027F00000208DF80F00FFE79DF80F0004B080BDAA
:1028000080B596B0DDF860C014908DF84F10ADF82B
:102810004C20ADF84A300020ADF820008DF81B00A8
:10282000149820B9FFE701208DF8570089E09DF842
:102830004F0028B1FFE79DF84F00F82804D3FFE7C9
:1028400001208DF857007CE09DF84F008DF8420084
:10285000062004908DF843000DF1420005900230EF
:10286000BDF84C10FFF7B4FE05980430BDF84A10CF
:10287000FFF7AEFE04990598FFF7C6FD0599149879
:10288000189A6B469A6008AA5A6020221A60082299
:102890000DF12203FEF7E8FE8DF81D009DF81D00E6
:1028A000FFF76AFE8DF81C009DF81C0028B1FFE7B9
:1028B0009DF81C008DF8570043E0BDF820109DF8EE
:1028C0004F206B460DF11B0018600DF1220006230E
:1028D000FFF722FF8DF81C009DF81C0028B1FFE7D0
:1028E0009DF81C008DF857002BE0BDF8200008284B
:1028F00004D0FFE707208DF8570022E00020ADF854
:102900001E00FFE7BDF81E00072816D8FFE7BDF838
:102910001E200DF14200805C0DF12201895C88428D
:1029200004D0FFE705208DF857000AE0FFE7BDF867
:102930001E000130ADF81E00E4E700208DF85700BE
:10294000FFE79DF8570016B080BD000000000000B2
:1029500010B582B00190019908684A688B68D1F877
:102960000CC0D1F810E04C6940F6CC11C2F2004125
:102970004C61C1F810E0C1F80CC08B604A6008607F
:1029800040F62411C2F200410120087040F6C8113F
:10299000C2F200410870F3F79BFC40F6E411C2F26A
:1029A0000041086002B010BD80B586B00490ADF85B
:1029B0000E100292BDF80E001D2804D8FFE700207B
:1029C0008DF8170054E004980078552805D1FFE7EA
:1029D00004984078AA2804D0FFE700208DF817005B
:1029E00046E0049880781E2804D0FFE700208DF888
:1029F00017003DE00498C078012804D0FFE70020CC
:102A00008DF8170034E0049802301A21FFF700F81F
:102A1000ADF806000499087F497F40EA0120ADF82F
:102A20000400BDF80600BDF80410884204D0FFE79A
:102A300000208DF817001BE0029904984068086098
:102A4000029904988068486002990498C068886078
:102A5000029904980069C860029904984069086165
:102A6000029904988069486101208DF81700FFE7FA
:102A70009DF8170006B080BD82B08DF807008DF874
:102A800006109DF807009DF8061001F01F0140EAAE
:102A9000016000F57D400090009820F0604002B099
:102AA000704700000000000080B582B08DF8030080
:102AB0009DF8030000F01CF88DF802009DF802005C
:102AC000FF2803D1FFE7002001900BE09DF80200F2
:102AD00000EBC00140F63810C2F2004000EB81006C
:102AE0000190FFE7019802B080BD000000000000E7
:102AF00081B08DF802009DF802007F2804D1FFE725
:102B000000208DF8030012E09DF8020028B1FFE7D5
:102B10009DF80200052804D3FFE7FF208DF803008D
:102B200005E09DF8020001388DF80300FFE79DF8ED
:102B3000030001B07047000080B584B08DF80F002D
:102B40008DED020A01919DF80F001221FFF794FF0D
:102B50000090019B47F2250002A9042200F030FA00
:102B6000009804B080BD000080B584B08DF80F00DF
:102B700002919DF80F000321FFF77EFF019002995B
:102B8000002048600860019804B080BD000000008B
:102B900080B584B08DF80F0002919DF80F001821C8
:102BA000FFF76AFF0190029901200870029A022142
:102BB0005170029A03219170029A0421D170029AF5
:102BC00005211171029A06215171029988710299A9
:102BD0000020C871019804B080BD00000000000012
:102BE00080B584B08DF80F00ADF80C1002929DF8FE
:102BF0000F001221FFF740FF0190029B47F22600D1
:102C000003A9022200F0DCF9019804B080BD0000A5
:102C100080B584B08DF80F008DED020A01919DF80A
:102C20000F001221FFF728FF0090019B42F21600CF
:102C300002A9042200F0C4F9009804B080BD00008D
:102C400080B584B08DF80F008DED020A01919DF8DA
:102C50000F001221FFF710FF0090019B47F21600B2
:102C600002A9042200F0ACF9009804B080BD000075
:102C700080B584B08DF80F00029101208DF803001B
:102C80009DF80F001221FFF7F7FE01900299002036
:102C90004860086002990520087002997020487009
:102CA0009DF8030002990871019804B080BD0000EE
:102CB00080B584B08DF80F0002919DF80F001621A9
:102CC000FFF7DAFE019002990120087002990220B4
:102CD000487002990320887002990420C8700299F4
:102CE0000520087102990620487102990720887111
:102CF00002990820C871019804B080BD000000004E
:102D000080B584B08DF80F008DED020A01919DF819
:102D10000F001221FFF7B0FE0090019B42F2140059
:102D200002A9042200F04CF9009804B080BD000014
:102D300080B584B08DF80F008DED020A01919DF8E9
:102D40000F001221FFF798FE0090019B47F224002C
:102D500002A9042200F034F9009804B080BD0000FC
:102D600080B584B08DF80F008DF80E1002929DF89A
:102D70000F001221FFF780FE0190029900204860A9
:102D800008600299292008700299702048709DF807
:102D90000E0002990871019804B080BD0000000087
:102DA00080B588B006900591059820B9FFE700200E
:102DB0008DF81F009BE09DF81B0000F01F008DF8B0
:102DC00013009DF8130001460091022804D0FFE78C
:102DD0000098182801D1FFE703E000208DF81F00BC
:102DE00085E00698000A8DF812009DF81200FFF7A2
:102DF0007FFE8DF811009DF81100FF2804D1FFE738
:102E000000208DF81F0072E09DF8110000EBC0015A
:102E100040F63810C2F2004000EB81000190BDF88E
:102E20001A0000F03F000199C8760698C0F381505F
:102E300001990877059800F0EBF8ADF80E00BDF8A1
:102E40000E009FED2D0ADFED2D0A00F0E9F8019844
:102E500080ED000A019890ED000A00F079F80198E1
:102E600080ED000A019890ED000A9FED251A20EEF2
:102E7000010A80ED010A0598023000F0C9F8ADF8AA
:102E80000C00BDF80C009FED1F0ADFED1F0A00F0DB
:102E9000C7F8019880ED040A0598043000F0B8F8EE
:102EA000ADF80A00BDF80A00BAEE0C0AF2EE0C0A00
:102EB00000F0B6F8019880ED050A0598063000F09C
:102EC000A7F800EE100AB8EE400A9FED101A20EEA7
:102ED000010ABDEEC00A10EE100A019908839DF8A0
:102EE00012000199887601208DF81F00FFE79DF8F8
:102EF0001F0008B080BD00BFB81E49C1B81E4941BF
:102F0000E02E6542000004C200000442CDCCCC3D5E
:102F100080B584B08DF80F0002919DF80F00FFF787
:102F2000E7FD8DF807009DF80700FF2801D1FFE7B6
:102F30000CE002989DF8071001EBC10240F6381131
:102F4000C2F2004101EB82010862FFE704B080BDDC
:102F500081B08DED000AFFE79DED000A9FED141A88
:102F6000B4EE410AF1EE10FA09DBFFE79DED000A2D
:102F70009FED121A30EE010A8DED000AECE7FFE733
:102F80009DED000A9FED0B1AB4EE410AF1EE10FA26
:102F900009DAFFE79DED000A9FED071A30EE010AFE
:102FA0008DED000AECE79DED000A01B0704700BF0F
:102FB000DB0F4940DB0F49C0DB0FC940DB0FC9C045
:102FC00080B584B0ADF80E0002918DF80720009313
:102FD00000990020486008600099BDF80E00088044
:102FE000029888B1FFE79DF8070068B1FFE79DF8F8
:102FF0000700042808D8FFE70098043002999DF8DC
:103000000720EDF761FAFFE704B080BD0000000083
:1030100081B000900098008840BA01B0704700006D
:1030200083B0ADF80A008DED010ACDED000ABDF8C0
:103030000A0000EE100AB8EE400A9DED002A9DED50
:10304000011A32EE412A20EE020A9FED042A80EE98
:10305000020A30EE010A03B0704700BF00FF7F474D
:1030600083B08DED010A00909DED010A9FED191AC4
:10307000B4EE410AF1EE10FA0CDDFFE700990120F1
:1030800008709DED010A9FED161A30EE010A8DEDD4
:10309000020A1BE09DED010A9FED0F1AB4EE410AF2
:1030A000F1EE10FA0CDAFFE70099012008709DEDAF
:1030B000010A9FED0A1A30EE010A8DED020A05E0C1
:1030C00000990020087001980290FFE79DED020A28
:1030D00003B07047DB0FC93FDB0FC9BFDB0F4940AF
:1030E000DB0F49C00000000080B59AB08DED190AD1
:1030F000CDED180A8DED171A9DED190A9DED171AE1
:103100009FEDC63AA1EE430A8DED160A9DED180A11
:103110009DED171A9FEDC22AA1EE020A8DED150A48
:103120009DED190A9DED171AA1EE430A8DED140AC3
:103130009DED180A9DED171AA1EE420A8DED130AB6
:103140009DED190A9DED171AA1EE030A8DED120AE5
:103150009DED180A9DED171AA1EE420A8DED110A98
:103160009DED190A9DED171AA1EE030A8DED100AC7
:103170009DED180A9DED171AA1EE020A8DED0F0ABA
:103180009DED161A9DED150A20EE000AA1EE010A2A
:1031900000F0B4FA8DED0A0A9DED150AB5EE400A6D
:1031A000F1EE10FA0DD1FFE79DED160AB5EE400ADB
:1031B000F1EE10FA05D1FFE700200E908DF81B000C
:1031C00010E09DED150ADDED160A00F041F98DEDD8
:1031D000050A9DED050A0DF11B00FFF741FF8DED7E
:1031E0000E0AFFE79DED141A9DED130A20EE000A6A
:1031F000A1EE010A00F082FA8DED090A9DED130A95
:10320000B5EE400AF1EE10FA0DD1FFE79DED140A7C
:10321000B5EE400AF1EE10FA05D1FFE700200D905F
:103220008DF81A0010E09DED130ADDED140A00F090
:103230000FF98DED040A9DED040A0DF11A00FFF758
:103240000FFF8DED0D0AFFE79DED121A9DED110A9E
:1032500020EE000AA1EE010A00F050FA8DED080AF6
:103260009DED110AB5EE400AF1EE10FA0DD1FFE71F
:103270009DED120AB5EE400AF1EE10FA05D1FFE716
:1032800000200C908DF8190010E09DED110ADDED85
:10329000120A00F0DDF88DED030A9DED030A0DF131
:1032A0001900FFF7DDFE8DED0C0AFFE79DED101A0A
:1032B0009DED0F0A20EE000AA1EE010A00F01EFAB1
:1032C0008DED070A9DED0F0AB5EE400AF1EE10FAFA
:1032D0000DD1FFE79DED100AB5EE400AF1EE10FAB0
:1032E00005D1FFE700200B908DF818000FE09DED51
:1032F0000F0ADDED100A00F0ABF88DED020A9DED2E
:10330000020A06A8FFF7ACFE8DED0B0AFFE79DED64
:103310000E0A40F6B020C2F20040019090ED141A5F
:1033200030EE010A80ED010A9DED0D0A90ED2B1A99
:1033300030EE010A80ED180A9DED0C0A90ED421A5C
:1033400030EE010A80ED2F0A9DED0B0A90ED591A1F
:1033500030EE010A80ED460A0A9941659DF81B107E
:1033600080F858100999C0F8B0109DF81A1080F82C
:10337000B4100899C0F80C119DF8191080F81011BC
:103380000799C0F868119DF8181080F86C1190ED3D
:10339000010A9FED241A20EE010A80ED020A90ED49
:1033A000180A20EE010A80ED190A90ED2F0A20EE8E
:1033B000010A80ED300A90ED460A20EE010A80ED08
:1033C000470A40F63C50C2F20040007801281CD168
:1033D000FFE740F63C51C2F2004100200870002097
:1033E000C5F602000121F2F747FF40F28401C2F264
:1033F00000410878B0FA80F04009087040F6B0202B
:10340000C2F20040FDF744FAFFE740F6B020C2F2F6
:103410000040FDF7D1F81AB080BD00BF363C4D3EEC
:103420001F852B3EE12E65424100080218BF042093
:103430000A0E18BF40F001004FF07F4232EA01014E
:1034400008BF40F00200012808BF052070470000B7
:1034500070B54FF068422DED048BF0EE408A18EE07
:10346000900AB0EE608A18EE101A02EB4003B3F136
:10347000654F3CBF02EB4102B2F1654F7DD200BF08
:10348000C0F3C753C1F3C7529A1A1B2A09DD10F0C3
:10349000004F14BF9FED830A9FED830ABDEC048BA0
:1034A00070BD12F11A0F36DA11F0004F09D010F08A
:1034B000004F0CBF9FED7D0A9FED7D0ABDEC048B94
:1034C00070BD88EE889A19EE100AFFF7ADFF042848
:1034D00008BF00F033F918EE900AFFF7A5FF054684
:1034E00018EE100AFFF7A0FF044619EE100AFFF7C6
:1034F0009BFF042D18BF052D08D1042C18BF052CE7
:1035000004D1002804BF0220EDF784F8B0EE490A88
:10351000BDEC048B70BD4200B2EB410F3AD910F004
:10352000004F19BFDFED630A9FED630ADFED630A09
:103530009FED630AB0EE481A0A46B1EE688A80F041
:103540000041F0EE418A10460A1A5200B2F1807F23
:1035500034D2484010F0004FDFED5A1A9FED5A2A3E
:103560001DBFBEEE001A70EEE10A30EE420AB6EE62
:10357000001A08BF70EEA10A00E040E008BF30EE7C
:10358000020AB0EE682A01EE482A08EE818AC2EEED
:10359000081A15E011F0004F04BF9FED4C0AF0EE41
:1035A000400AD1D010F0004F19BFDFED490A9FED5E
:1035B000490ADFED490A9FED490AC5E7C8EE881AB6
:1035C00021EEA11A9FED462ADFED462A41EE022A9E
:1035D0009FED452A01EE222ADFED442A41EE022A20
:1035E0009FED432ABDEC048B01EE222A21EE811AC5
:1035F00001EE020A30EE210A30EE200A70BD4FF0D3
:103600007F42B2EB400F28BFB2EB410F09D2F0EE80
:10361000480AB0EE680ABDEC048BBDE8704000F0CB
:103620008AB840EA01035B0008BF41F0FF410BD0BC
:10363000B2EB400F08BFB2EB410F08D120F0804041
:1036400008EE900A21F0804108EE101A18E7B2EB5C
:10365000400F12BF5FEA410340F0FF4001F000411C
:103660003FF40EAFB2EB410F12BF5FEA400200F031
:10367000004041F0FF413FF403AF4A0092EA4003AB
:103680003FF5FEAE002AACBF9FED1A0A9FED1A0A65
:1036900068EE808A28EE008A18EE900A18EE101A5A
:1036A000EEE60000DB0FC9BFDB0FC93FDB0F49406F
:1036B000DB0F49C00000C9BF22AAFDB90000C93F05
:1036C00022AAFD390060ED3EC30ACE37000000009B
:1036D000000049C022AA7DBA0000494022AA7D3AD2
:1036E0002DAD65BD8FB8D53D0FB511BE61C84C3E3F
:1036F000A8AAAABE0000804F0000802F10B52DEDB3
:10370000028BB1EEC08A18EE100A20F00040C0F122
:10371000FF40C00F0AD010EE100A20F00040C0F1A8
:10372000FF40C00F04BF0120ECF774FFB0EE480A61
:10373000BDEC028B10BD30EE200A70479FED020AEF
:1037400020EE000A7047000000000010F1EE100AA1
:103750004FF6FF71C0F2C03120EA010040F0407026
:10376000E1EE100A704700000000000000000000B9
:103770000000000000000000000000000100000048
:103780000200000003000000040000000000000030
:103790000500000000000000000000000000000024
:1037A0000600000000000000000000000000000013
:1037B00007000000000000000102030401020304EE
:1037C000060708090001020304050607080C101487
:1037D00018203040000610160006101608040204D7
:1037E00008010101010101030701000001000200BD
:1037F0000400060008000A000C0010002000400031
:10380000800000015072332E3030005072302E3064
:1038100031005072332E303400000000403801086F
:103820000000002420000000300300086038010878
:1038300020000024F81900005003000800000000D8
:103840000090D0030090D0030000803F01002A03C5
:103850002D002A032D0001001000000000000000D0
:04000005080002CD20
:00000001FF
